city_id,city_name,country,region,cost_of_living_index,rent_index,restaurant_price_index,latitude,longitude,travel_month,season,duration_days,num_travelers,accommodation_tier,travel_style,activity_density,flight_distance_km,num_stops,seasonality_multiplier,total_cost
city_goa,Goa,India,West & Rajasthan,45.0,20.0,35.0,15.2993,74.124,11,off-peak,3,1,luxury,explorer,low,12972.7,1,1.0,64260.9
city_udaipur,Udaipur,India,West & Rajasthan,55.0,22.0,35.0,24.5854,73.7125,11,off-peak,21,1,luxury,explorer,low,12024.7,3,1.0,238855.33
city_jaipur,Jaipur,India,West & Rajasthan,40.0,18.0,30.0,26.9124,75.7873,1,off-peak,3,2,budget,luxury,high,11874.7,1,1.0,95875.8
city_manali,Manali,India,North India (Himalayas),50.0,22.0,32.0,32.2396,77.1887,11,off-peak,21,4,budget,explorer,high,11380.5,3,1.0,364355.57
city_leh ladakh,Leh Ladakh,India,North India (Himalayas),65.0,25.0,35.0,34.1526,77.5771,5,shoulder,3,2,luxury,explorer,medium,11196.3,1,1.2,109081.46
city_srinagar,Srinagar,India,North India (Himalayas),55.0,20.0,35.0,34.0837,74.7973,6,peak,3,1,mid,backpacker,medium,11105.4,1,1.5,50199.17
city_shimla,Shimla,India,North India (Himalayas),48.0,20.0,30.0,31.1048,77.1734,6,peak,14,3,budget,luxury,medium,11496.9,3,1.5,238127.8
city_rishikesh,Rishikesh,India,North India (Himalayas),40.0,16.0,25.0,30.0869,78.2676,7,peak,3,3,luxury,luxury,medium,11640.8,1,1.5,175503.32
city_munnar,Munnar,India,South India & Western Ghats,45.0,20.0,28.0,10.0889,77.0595,10,shoulder,5,1,budget,luxury,low,13633.1,1,1.2,58054.96
city_alleppey,Alleppey,India,South India & Western Ghats,55.0,22.0,30.0,9.4981,76.3388,4,shoulder,3,4,mid,explorer,high,13657.3,1,1.2,180123.92
city_hampi,Hampi,India,South India & Western Ghats,38.0,14.0,22.0,15.335,76.46,6,peak,5,3,mid,backpacker,high,13078.1,1,1.5,168265.22
city_coorg,Coorg,India,South India & Western Ghats,52.0,22.0,32.0,12.3375,75.8069,11,off-peak,3,2,luxury,luxury,low,13348.5,1,1.0,129001.98
city_pondicherry,Pondicherry,India,South India & Western Ghats,50.0,22.0,35.0,11.9416,79.8083,3,off-peak,10,4,mid,luxury,high,13570.2,2,1.0,324156.9
city_darjeeling,Darjeeling,India,East & Northeast,46.0,18.0,28.0,27.041,88.2663,1,off-peak,5,1,mid,explorer,medium,12262.0,1,1.0,53092.63
city_shillong,Shillong,India,East & Northeast,48.0,18.0,28.0,25.5788,91.8933,2,off-peak,5,3,budget,luxury,medium,12501.1,1,1.0,140791.7
city_kolkata,Kolkata,India,East & Northeast,45.0,20.0,26.0,22.5726,88.3639,8,peak,5,3,budget,backpacker,high,12745.7,1,1.5,167599.52
city_varanasi,Varanasi,India,Central & Spiritual,38.0,16.0,22.0,25.3176,82.9739,9,shoulder,14,3,luxury,luxury,medium,12297.1,3,1.2,403834.89
city_agra,Agra,India,Central & Spiritual,45.0,18.0,30.0,27.1767,78.0081,4,shoulder,5,4,budget,backpacker,low,11932.3,1,1.2,163116.95
city_amritsar,Amritsar,India,Central & Spiritual,42.0,18.0,26.0,31.634,74.8723,3,off-peak,21,2,luxury,explorer,high,11357.9,3,1.0,299453.72
city_ayodhya,Ayodhya,India,Central & Spiritual,38.0,16.0,22.0,26.7922,82.1998,8,peak,14,3,luxury,backpacker,high,12117.0,3,1.5,428832.57
city_rann of kutch,Rann of Kutch,India,West & Rajasthan,60.0,20.0,35.0,23.8342,69.8329,12,peak,3,3,luxury,explorer,low,11923.4,1,1.5,183680.36
city_ahmedabad,Ahmedabad,India,West & Rajasthan,45.0,22.0,30.0,23.0225,72.5714,1,off-peak,21,3,luxury,backpacker,high,12130.9,3,1.0,559964.56
city_mumbai,Mumbai,India,West & Rajasthan,55.0,35.0,40.0,19.076,72.8777,2,off-peak,21,3,luxury,luxury,high,12538.0,3,1.0,868072.93
city_delhi,Delhi,India,Central & Spiritual,50.0,28.0,38.0,28.6139,77.209,3,off-peak,14,1,luxury,explorer,medium,11754.7,3,1.0,203724.76
city_bengaluru,Bengaluru,India,South India & Western Ghats,55.0,30.0,42.0,12.9716,77.5946,1,off-peak,3,3,mid,backpacker,low,13368.0,1,1.0,149630.18
city_goa,Goa,India,West & Rajasthan,45.0,20.0,35.0,15.2993,74.124,2,off-peak,3,4,budget,luxury,low,12972.7,1,1.0,200142.5
city_udaipur,Udaipur,India,West & Rajasthan,55.0,22.0,35.0,24.5854,73.7125,3,off-peak,21,4,luxury,backpacker,medium,12024.7,3,1.0,521543.85
city_jaipur,Jaipur,India,West & Rajasthan,40.0,18.0,30.0,26.9124,75.7873,4,shoulder,14,2,luxury,explorer,medium,11874.7,3,1.2,217726.71
city_manali,Manali,India,North India (Himalayas),50.0,22.0,32.0,32.2396,77.1887,11,off-peak,21,3,mid,luxury,medium,11380.5,3,1.0,376185.19
city_leh ladakh,Leh Ladakh,India,North India (Himalayas),65.0,25.0,35.0,34.1526,77.5771,6,peak,3,2,luxury,backpacker,low,11196.3,1,1.5,115730.98
city_srinagar,Srinagar,India,North India (Himalayas),55.0,20.0,35.0,34.0837,74.7973,2,off-peak,21,1,budget,backpacker,low,11105.4,3,1.0,67679.84
city_shimla,Shimla,India,North India (Himalayas),48.0,20.0,30.0,31.1048,77.1734,4,shoulder,7,4,budget,luxury,low,11496.9,2,1.2,214306.65
city_rishikesh,Rishikesh,India,North India (Himalayas),40.0,16.0,25.0,30.0869,78.2676,12,peak,14,4,budget,explorer,medium,11640.8,3,1.5,260752.94
city_munnar,Munnar,India,South India & Western Ghats,45.0,20.0,28.0,10.0889,77.0595,7,peak,7,4,mid,explorer,high,13633.1,2,1.5,287634.87
city_alleppey,Alleppey,India,South India & Western Ghats,55.0,22.0,30.0,9.4981,76.3388,1,off-peak,21,1,budget,explorer,high,13657.3,3,1.0,100722.24
city_hampi,Hampi,India,South India & Western Ghats,38.0,14.0,22.0,15.335,76.46,4,shoulder,5,2,luxury,explorer,low,13078.1,1,1.2,126931.33
city_coorg,Coorg,India,South India & Western Ghats,52.0,22.0,32.0,12.3375,75.8069,7,peak,5,3,mid,backpacker,low,13348.5,1,1.5,156453.47
city_pondicherry,Pondicherry,India,South India & Western Ghats,50.0,22.0,35.0,11.9416,79.8083,9,shoulder,3,1,luxury,luxury,low,13570.2,1,1.2,78845.56
city_darjeeling,Darjeeling,India,East & Northeast,46.0,18.0,28.0,27.041,88.2663,2,off-peak,5,2,mid,explorer,medium,12262.0,1,1.0,99411.0
city_shillong,Shillong,India,East & Northeast,48.0,18.0,28.0,25.5788,91.8933,1,off-peak,5,4,budget,explorer,medium,12501.1,1,1.0,194913.48
city_kolkata,Kolkata,India,East & Northeast,45.0,20.0,26.0,22.5726,88.3639,8,peak,7,4,luxury,luxury,high,12745.7,2,1.5,388059.38
city_varanasi,Varanasi,India,Central & Spiritual,38.0,16.0,22.0,25.3176,82.9739,4,shoulder,7,2,budget,luxury,high,12297.1,2,1.2,114524.59
city_agra,Agra,India,Central & Spiritual,45.0,18.0,30.0,27.1767,78.0081,9,shoulder,3,3,budget,backpacker,high,11932.3,1,1.2,116413.87
city_amritsar,Amritsar,India,Central & Spiritual,42.0,18.0,26.0,31.634,74.8723,9,shoulder,5,1,luxury,backpacker,low,11357.9,1,1.2,76755.63
city_ayodhya,Ayodhya,India,Central & Spiritual,38.0,16.0,22.0,26.7922,82.1998,2,off-peak,14,1,luxury,backpacker,medium,12117.0,3,1.0,137732.59
city_rann of kutch,Rann of Kutch,India,West & Rajasthan,60.0,20.0,35.0,23.8342,69.8329,4,shoulder,14,1,luxury,backpacker,medium,11923.4,3,1.2,182160.77
city_ahmedabad,Ahmedabad,India,West & Rajasthan,45.0,22.0,30.0,23.0225,72.5714,11,off-peak,14,3,mid,backpacker,high,12130.9,3,1.0,256130.24
city_mumbai,Mumbai,India,West & Rajasthan,55.0,35.0,40.0,19.076,72.8777,7,peak,5,3,mid,explorer,low,12538.0,1,1.5,194775.39
city_delhi,Delhi,India,Central & Spiritual,50.0,28.0,38.0,28.6139,77.209,1,off-peak,10,1,budget,luxury,low,11754.7,2,1.0,69803.08
city_bengaluru,Bengaluru,India,South India & Western Ghats,55.0,30.0,42.0,12.9716,77.5946,6,peak,3,2,mid,explorer,low,13368.0,1,1.5,107127.05
city_goa,Goa,India,West & Rajasthan,45.0,20.0,35.0,15.2993,74.124,8,peak,14,3,luxury,luxury,high,12972.7,3,1.5,645890.19
city_udaipur,Udaipur,India,West & Rajasthan,55.0,22.0,35.0,24.5854,73.7125,5,shoulder,21,1,budget,explorer,low,12024.7,3,1.2,88233.03
city_jaipur,Jaipur,India,West & Rajasthan,40.0,18.0,30.0,26.9124,75.7873,2,off-peak,21,2,mid,explorer,high,11874.7,3,1.0,208814.83
city_manali,Manali,India,North India (Himalayas),50.0,22.0,32.0,32.2396,77.1887,11,off-peak,21,3,luxury,explorer,medium,11380.5,3,1.0,539685.77
city_leh ladakh,Leh Ladakh,India,North India (Himalayas),65.0,25.0,35.0,34.1526,77.5771,1,off-peak,3,4,mid,backpacker,low,11196.3,1,1.0,160480.16
city_srinagar,Srinagar,India,North India (Himalayas),55.0,20.0,35.0,34.0837,74.7973,5,shoulder,5,4,luxury,luxury,medium,11105.4,1,1.2,285167.47
city_shimla,Shimla,India,North India (Himalayas),48.0,20.0,30.0,31.1048,77.1734,9,shoulder,3,1,budget,luxury,low,11496.9,1,1.2,40834.17
city_rishikesh,Rishikesh,India,North India (Himalayas),40.0,16.0,25.0,30.0869,78.2676,10,shoulder,14,2,mid,backpacker,low,11640.8,3,1.2,116905.31
city_munnar,Munnar,India,South India & Western Ghats,45.0,20.0,28.0,10.0889,77.0595,5,shoulder,7,1,mid,backpacker,high,13633.1,2,1.2,73760.19
city_alleppey,Alleppey,India,South India & Western Ghats,55.0,22.0,30.0,9.4981,76.3388,9,shoulder,10,2,budget,backpacker,low,13657.3,2,1.2,110106.54
city_hampi,Hampi,India,South India & Western Ghats,38.0,14.0,22.0,15.335,76.46,7,peak,3,2,luxury,explorer,medium,13078.1,1,1.5,113066.45
city_coorg,Coorg,India,South India & Western Ghats,52.0,22.0,32.0,12.3375,75.8069,4,shoulder,7,2,luxury,backpacker,medium,13348.5,2,1.2,145398.54
city_pondicherry,Pondicherry,India,South India & Western Ghats,50.0,22.0,35.0,11.9416,79.8083,1,off-peak,10,2,budget,explorer,medium,13570.2,2,1.0,117621.82
city_darjeeling,Darjeeling,India,East & Northeast,46.0,18.0,28.0,27.041,88.2663,4,shoulder,5,1,luxury,backpacker,medium,12262.0,1,1.2,86917.31
city_shillong,Shillong,India,East & Northeast,48.0,18.0,28.0,25.5788,91.8933,6,peak,7,1,mid,explorer,high,12501.1,2,1.5,71515.71
city_kolkata,Kolkata,India,East & Northeast,45.0,20.0,26.0,22.5726,88.3639,9,shoulder,7,1,budget,explorer,low,12745.7,2,1.2,52803.22
city_varanasi,Varanasi,India,Central & Spiritual,38.0,16.0,22.0,25.3176,82.9739,10,shoulder,7,1,budget,luxury,medium,12297.1,2,1.2,55111.85
city_agra,Agra,India,Central & Spiritual,45.0,18.0,30.0,27.1767,78.0081,7,peak,14,1,mid,luxury,low,11932.3,3,1.5,128394.43
city_amritsar,Amritsar,India,Central & Spiritual,42.0,18.0,26.0,31.634,74.8723,5,shoulder,3,4,budget,luxury,high,11357.9,1,1.2,173301.6
city_ayodhya,Ayodhya,India,Central & Spiritual,38.0,16.0,22.0,26.7922,82.1998,12,peak,21,2,mid,explorer,low,12117.0,3,1.5,158245.28
city_rann of kutch,Rann of Kutch,India,West & Rajasthan,60.0,20.0,35.0,23.8342,69.8329,11,off-peak,7,3,luxury,backpacker,high,11923.4,2,1.0,256557.24
city_ahmedabad,Ahmedabad,India,West & Rajasthan,45.0,22.0,30.0,23.0225,72.5714,11,off-peak,10,3,mid,luxury,medium,12130.9,2,1.0,223989.08
city_mumbai,Mumbai,India,West & Rajasthan,55.0,35.0,40.0,19.076,72.8777,9,shoulder,5,2,mid,luxury,medium,12538.0,1,1.2,127537.78
city_delhi,Delhi,India,Central & Spiritual,50.0,28.0,38.0,28.6139,77.209,10,shoulder,14,3,mid,luxury,low,11754.7,3,1.2,303327.08
city_bengaluru,Bengaluru,India,South India & Western Ghats,55.0,30.0,42.0,12.9716,77.5946,5,shoulder,7,2,mid,luxury,high,13368.0,2,1.2,163778.63
city_goa,Goa,India,West & Rajasthan,45.0,20.0,35.0,15.2993,74.124,8,peak,21,2,luxury,explorer,high,12972.7,3,1.5,391506.13
city_udaipur,Udaipur,India,West & Rajasthan,55.0,22.0,35.0,24.5854,73.7125,3,off-peak,21,1,mid,luxury,high,12024.7,3,1.0,156831.43
city_jaipur,Jaipur,India,West & Rajasthan,40.0,18.0,30.0,26.9124,75.7873,4,shoulder,21,3,budget,backpacker,low,11874.7,3,1.2,185507.07
city_manali,Manali,India,North India (Himalayas),50.0,22.0,32.0,32.2396,77.1887,1,off-peak,3,2,mid,luxury,low,11380.5,1,1.0,80364.76
city_leh ladakh,Leh Ladakh,India,North India (Himalayas),65.0,25.0,35.0,34.1526,77.5771,10,shoulder,5,4,mid,explorer,low,11196.3,1,1.2,203457.33
city_srinagar,Srinagar,India,North India (Himalayas),55.0,20.0,35.0,34.0837,74.7973,3,off-peak,21,1,budget,explorer,low,11105.4,3,1.0,79963.08
city_shimla,Shimla,India,North India (Himalayas),48.0,20.0,30.0,31.1048,77.1734,9,shoulder,10,1,luxury,backpacker,low,11496.9,2,1.2,139962.52
city_rishikesh,Rishikesh,India,North India (Himalayas),40.0,16.0,25.0,30.0869,78.2676,8,peak,5,4,luxury,luxury,high,11640.8,1,1.5,265037.55
city_munnar,Munnar,India,South India & Western Ghats,45.0,20.0,28.0,10.0889,77.0595,8,peak,14,4,luxury,explorer,low,13633.1,3,1.5,491836.77
city_alleppey,Alleppey,India,South India & Western Ghats,55.0,22.0,30.0,9.4981,76.3388,12,peak,10,4,mid,backpacker,high,13657.3,2,1.5,316209.2
city_hampi,Hampi,India,South India & Western Ghats,38.0,14.0,22.0,15.335,76.46,8,peak,21,2,mid,explorer,low,13078.1,3,1.5,190516.81
city_coorg,Coorg,India,South India & Western Ghats,52.0,22.0,32.0,12.3375,75.8069,12,peak,7,2,mid,explorer,medium,13348.5,2,1.5,135437.41
city_pondicherry,Pondicherry,India,South India & Western Ghats,50.0,22.0,35.0,11.9416,79.8083,3,off-peak,5,4,luxury,backpacker,high,13570.2,1,1.0,273056.95
city_darjeeling,Darjeeling,India,East & Northeast,46.0,18.0,28.0,27.041,88.2663,4,shoulder,3,4,mid,explorer,high,12262.0,1,1.2,187225.01
city_shillong,Shillong,India,East & Northeast,48.0,18.0,28.0,25.5788,91.8933,7,peak,10,1,luxury,explorer,medium,12501.1,2,1.5,149450.35
city_kolkata,Kolkata,India,East & Northeast,45.0,20.0,26.0,22.5726,88.3639,1,off-peak,7,3,mid,explorer,high,12745.7,2,1.0,191379.82
city_varanasi,Varanasi,India,Central & Spiritual,38.0,16.0,22.0,25.3176,82.9739,10,shoulder,5,4,budget,explorer,medium,12297.1,1,1.2,171725.08
city_agra,Agra,India,Central & Spiritual,45.0,18.0,30.0,27.1767,78.0081,8,peak,3,4,mid,luxury,high,11932.3,1,1.5,215821.12
city_amritsar,Amritsar,India,Central & Spiritual,42.0,18.0,26.0,31.634,74.8723,8,peak,5,1,mid,luxury,high,11357.9,1,1.5,63277.47
city_ayodhya,Ayodhya,India,Central & Spiritual,38.0,16.0,22.0,26.7922,82.1998,11,off-peak,3,1,luxury,explorer,low,12117.0,1,1.0,57046.89
city_rann of kutch,Rann of Kutch,India,West & Rajasthan,60.0,20.0,35.0,23.8342,69.8329,5,shoulder,10,3,budget,explorer,medium,11923.4,2,1.2,175667.52
city_ahmedabad,Ahmedabad,India,West & Rajasthan,45.0,22.0,30.0,23.0225,72.5714,6,peak,10,3,mid,explorer,low,12130.9,2,1.5,210658.91
city_mumbai,Mumbai,India,West & Rajasthan,55.0,35.0,40.0,19.076,72.8777,1,off-peak,7,2,luxury,backpacker,high,12538.0,2,1.0,190780.25
city_delhi,Delhi,India,Central & Spiritual,50.0,28.0,38.0,28.6139,77.209,1,off-peak,3,2,budget,backpacker,high,11754.7,1,1.0,87633.36
city_bengaluru,Bengaluru,India,South India & Western Ghats,55.0,30.0,42.0,12.9716,77.5946,11,off-peak,3,2,mid,luxury,medium,13368.0,1,1.0,111336.25
city_goa,Goa,India,West & Rajasthan,45.0,20.0,35.0,15.2993,74.124,6,peak,5,1,budget,explorer,low,12972.7,1,1.5,48017.16
city_udaipur,Udaipur,India,West & Rajasthan,55.0,22.0,35.0,24.5854,73.7125,10,shoulder,21,4,mid,luxury,low,12024.7,3,1.2,467026.18
city_jaipur,Jaipur,India,West & Rajasthan,40.0,18.0,30.0,26.9124,75.7873,2,off-peak,14,2,budget,luxury,medium,11874.7,3,1.0,153738.05
city_manali,Manali,India,North India (Himalayas),50.0,22.0,32.0,32.2396,77.1887,2,off-peak,14,1,mid,luxury,medium,11380.5,3,1.0,99600.1
city_leh ladakh,Leh Ladakh,India,North India (Himalayas),65.0,25.0,35.0,34.1526,77.5771,11,off-peak,7,1,luxury,luxury,medium,11196.3,2,1.0,119325.93
city_srinagar,Srinagar,India,North India (Himalayas),55.0,20.0,35.0,34.0837,74.7973,8,peak,3,4,mid,luxury,medium,11105.4,1,1.5,200457.75
city_shimla,Shimla,India,North India (Himalayas),48.0,20.0,30.0,31.1048,77.1734,12,peak,5,4,budget,luxury,high,11496.9,1,1.5,239914.46
city_rishikesh,Rishikesh,India,North India (Himalayas),40.0,16.0,25.0,30.0869,78.2676,9,shoulder,10,4,mid,luxury,high,11640.8,2,1.2,307013.05
city_munnar,Munnar,India,South India & Western Ghats,45.0,20.0,28.0,10.0889,77.0595,5,shoulder,7,2,budget,explorer,medium,13633.1,2,1.2,110131.84
city_alleppey,Alleppey,India,South India & Western Ghats,55.0,22.0,30.0,9.4981,76.3388,10,shoulder,21,4,mid,backpacker,medium,13657.3,3,1.2,409784.06
city_hampi,Hampi,India,South India & Western Ghats,38.0,14.0,22.0,15.335,76.46,6,peak,5,4,budget,explorer,medium,13078.1,1,1.5,185110.38
city_coorg,Coorg,India,South India & Western Ghats,52.0,22.0,32.0,12.3375,75.8069,12,peak,7,1,luxury,backpacker,low,13348.5,2,1.5,137823.78
city_pondicherry,Pondicherry,India,South India & Western Ghats,50.0,22.0,35.0,11.9416,79.8083,4,shoulder,21,4,mid,luxury,low,13570.2,3,1.2,497853.23
city_darjeeling,Darjeeling,India,East & Northeast,46.0,18.0,28.0,27.041,88.2663,8,peak,10,1,budget,explorer,low,12262.0,2,1.5,57713.28
city_shillong,Shillong,India,East & Northeast,48.0,18.0,28.0,25.5788,91.8933,7,peak,21,2,mid,luxury,high,12501.1,3,1.5,286536.1
city_kolkata,Kolkata,India,East & Northeast,45.0,20.0,26.0,22.5726,88.3639,6,peak,10,3,mid,luxury,medium,12745.7,2,1.5,283943.54
city_varanasi,Varanasi,India,Central & Spiritual,38.0,16.0,22.0,25.3176,82.9739,5,shoulder,7,3,budget,backpacker,high,12297.1,2,1.2,161268.23
city_agra,Agra,India,Central & Spiritual,45.0,18.0,30.0,27.1767,78.0081,9,shoulder,21,2,budget,backpacker,high,11932.3,3,1.2,173785.09
city_amritsar,Amritsar,India,Central & Spiritual,42.0,18.0,26.0,31.634,74.8723,8,peak,7,3,budget,backpacker,medium,11357.9,2,1.5,144934.08
city_ayodhya,Ayodhya,India,Central & Spiritual,38.0,16.0,22.0,26.7922,82.1998,1,off-peak,21,2,mid,backpacker,low,12117.0,3,1.0,139577.48
city_rann of kutch,Rann of Kutch,India,West & Rajasthan,60.0,20.0,35.0,23.8342,69.8329,9,shoulder,7,2,luxury,explorer,low,11923.4,2,1.2,155556.47
city_ahmedabad,Ahmedabad,India,West & Rajasthan,45.0,22.0,30.0,23.0225,72.5714,8,peak,10,4,mid,backpacker,low,12130.9,2,1.5,245785.81
city_mumbai,Mumbai,India,West & Rajasthan,55.0,35.0,40.0,19.076,72.8777,5,shoulder,10,1,budget,explorer,medium,12538.0,2,1.2,79537.4
city_delhi,Delhi,India,Central & Spiritual,50.0,28.0,38.0,28.6139,77.209,1,off-peak,5,2,luxury,explorer,low,11754.7,1,1.0,136222.17
city_bengaluru,Bengaluru,India,South India & Western Ghats,55.0,30.0,42.0,12.9716,77.5946,4,shoulder,3,4,luxury,luxury,high,13368.0,1,1.2,289236.89
city_goa,Goa,India,West & Rajasthan,45.0,20.0,35.0,15.2993,74.124,8,peak,10,3,luxury,explorer,medium,12972.7,2,1.5,407786.9
city_udaipur,Udaipur,India,West & Rajasthan,55.0,22.0,35.0,24.5854,73.7125,10,shoulder,14,1,luxury,luxury,low,12024.7,3,1.2,208181.78
city_jaipur,Jaipur,India,West & Rajasthan,40.0,18.0,30.0,26.9124,75.7873,4,shoulder,7,1,budget,backpacker,low,11874.7,2,1.2,47101.43
city_manali,Manali,India,North India (Himalayas),50.0,22.0,32.0,32.2396,77.1887,9,shoulder,3,2,budget,explorer,medium,11380.5,1,1.2,80600.04
city_leh ladakh,Leh Ladakh,India,North India (Himalayas),65.0,25.0,35.0,34.1526,77.5771,1,off-peak,5,3,luxury,explorer,high,11196.3,1,1.0,211858.13
city_srinagar,Srinagar,India,North India (Himalayas),55.0,20.0,35.0,34.0837,74.7973,8,peak,3,2,mid,luxury,high,11105.4,1,1.5,97881.48
city_shimla,Shimla,India,North India (Himalayas),48.0,20.0,30.0,31.1048,77.1734,7,peak,3,2,luxury,backpacker,medium,11496.9,1,1.5,97890.8
city_rishikesh,Rishikesh,India,North India (Himalayas),40.0,16.0,25.0,30.0869,78.2676,3,off-peak,3,1,budget,explorer,high,11640.8,1,1.0,43535.84
city_munnar,Munnar,India,South India & Western Ghats,45.0,20.0,28.0,10.0889,77.0595,5,shoulder,10,1,mid,luxury,medium,13633.1,2,1.2,88604.4
city_alleppey,Alleppey,India,South India & Western Ghats,55.0,22.0,30.0,9.4981,76.3388,12,peak,10,3,luxury,luxury,medium,13657.3,2,1.5,419919.99
city_hampi,Hampi,India,South India & Western Ghats,38.0,14.0,22.0,15.335,76.46,7,peak,21,3,luxury,explorer,low,13078.1,3,1.5,505277.65
city_coorg,Coorg,India,South India & Western Ghats,52.0,22.0,32.0,12.3375,75.8069,2,off-peak,5,1,luxury,explorer,high,13348.5,1,1.0,96797.45
city_pondicherry,Pondicherry,India,South India & Western Ghats,50.0,22.0,35.0,11.9416,79.8083,8,peak,14,4,mid,backpacker,high,13570.2,3,1.5,395893.91
city_darjeeling,Darjeeling,India,East & Northeast,46.0,18.0,28.0,27.041,88.2663,7,peak,21,4,budget,explorer,medium,12262.0,3,1.5,326332.12
city_shillong,Shillong,India,East & Northeast,48.0,18.0,28.0,25.5788,91.8933,2,off-peak,5,3,mid,luxury,medium,12501.1,1,1.0,171881.74
city_kolkata,Kolkata,India,East & Northeast,45.0,20.0,26.0,22.5726,88.3639,5,shoulder,21,4,luxury,backpacker,medium,12745.7,3,1.2,612035.77
city_varanasi,Varanasi,India,Central & Spiritual,38.0,16.0,22.0,25.3176,82.9739,2,off-peak,10,1,luxury,luxury,medium,12297.1,2,1.0,114073.13
city_agra,Agra,India,Central & Spiritual,45.0,18.0,30.0,27.1767,78.0081,7,peak,3,2,luxury,explorer,high,11932.3,1,1.5,115979.04
city_amritsar,Amritsar,India,Central & Spiritual,42.0,18.0,26.0,31.634,74.8723,1,off-peak,5,3,luxury,backpacker,medium,11357.9,1,1.0,168547.71
city_ayodhya,Ayodhya,India,Central & Spiritual,38.0,16.0,22.0,26.7922,82.1998,8,peak,21,4,budget,backpacker,high,12117.0,3,1.5,333300.35
city_rann of kutch,Rann of Kutch,India,West & Rajasthan,60.0,20.0,35.0,23.8342,69.8329,3,off-peak,7,1,luxury,explorer,low,11923.4,2,1.0,90646.48
city_ahmedabad,Ahmedabad,India,West & Rajasthan,45.0,22.0,30.0,23.0225,72.5714,4,shoulder,3,4,budget,luxury,low,12130.9,1,1.2,166587.27
city_mumbai,Mumbai,India,West & Rajasthan,55.0,35.0,40.0,19.076,72.8777,9,shoulder,21,3,mid,explorer,medium,12538.0,3,1.2,439281.05
city_delhi,Delhi,India,Central & Spiritual,50.0,28.0,38.0,28.6139,77.209,4,shoulder,10,2,mid,backpacker,high,11754.7,2,1.2,135216.24
city_bengaluru,Bengaluru,India,South India & Western Ghats,55.0,30.0,42.0,12.9716,77.5946,2,off-peak,7,4,mid,luxury,medium,13368.0,2,1.0,292635.71
city_goa,Goa,India,West & Rajasthan,45.0,20.0,35.0,15.2993,74.124,1,off-peak,7,3,luxury,luxury,high,12972.7,2,1.0,277124.75
city_udaipur,Udaipur,India,West & Rajasthan,55.0,22.0,35.0,24.5854,73.7125,9,shoulder,10,3,mid,luxury,high,12024.7,2,1.2,284591.85
city_jaipur,Jaipur,India,West & Rajasthan,40.0,18.0,30.0,26.9124,75.7873,7,peak,10,3,budget,luxury,low,11874.7,2,1.5,207166.98
city_manali,Manali,India,North India (Himalayas),50.0,22.0,32.0,32.2396,77.1887,7,peak,3,3,luxury,explorer,high,11380.5,1,1.5,193143.56
city_leh ladakh,Leh Ladakh,India,North India (Himalayas),65.0,25.0,35.0,34.1526,77.5771,7,peak,10,2,mid,backpacker,low,11196.3,2,1.5,122158.08
city_srinagar,Srinagar,India,North India (Himalayas),55.0,20.0,35.0,34.0837,74.7973,2,off-peak,10,1,luxury,explorer,low,11105.4,2,1.0,114684.72
city_shimla,Shimla,India,North India (Himalayas),48.0,20.0,30.0,31.1048,77.1734,12,peak,5,4,luxury,backpacker,low,11496.9,1,1.5,226996.62
city_rishikesh,Rishikesh,India,North India (Himalayas),40.0,16.0,25.0,30.0869,78.2676,6,peak,14,4,luxury,backpacker,medium,11640.8,3,1.5,449395.21
city_munnar,Munnar,India,South India & Western Ghats,45.0,20.0,28.0,10.0889,77.0595,11,off-peak,14,4,mid,luxury,high,13633.1,3,1.0,413133.19
city_alleppey,Alleppey,India,South India & Western Ghats,55.0,22.0,30.0,9.4981,76.3388,9,shoulder,3,1,budget,luxury,high,13657.3,1,1.2,52686.64
city_hampi,Hampi,India,South India & Western Ghats,38.0,14.0,22.0,15.335,76.46,5,shoulder,5,1,mid,backpacker,high,13078.1,1,1.2,57700.86
city_coorg,Coorg,India,South India & Western Ghats,52.0,22.0,32.0,12.3375,75.8069,3,off-peak,21,3,budget,backpacker,medium,13348.5,3,1.0,222237.6
city_pondicherry,Pondicherry,India,South India & Western Ghats,50.0,22.0,35.0,11.9416,79.8083,1,off-peak,7,3,mid,explorer,low,13570.2,2,1.0,182582.25
city_darjeeling,Darjeeling,India,East & Northeast,46.0,18.0,28.0,27.041,88.2663,11,off-peak,5,2,budget,backpacker,high,12262.0,1,1.0,100604.6
city_shillong,Shillong,India,East & Northeast,48.0,18.0,28.0,25.5788,91.8933,7,peak,14,2,mid,luxury,low,12501.1,3,1.5,194179.73
city_kolkata,Kolkata,India,East & Northeast,45.0,20.0,26.0,22.5726,88.3639,8,peak,7,1,mid,explorer,high,12745.7,2,1.5,85708.57
city_varanasi,Varanasi,India,Central & Spiritual,38.0,16.0,22.0,25.3176,82.9739,9,shoulder,5,1,mid,explorer,high,12297.1,1,1.2,56629.61
city_agra,Agra,India,Central & Spiritual,45.0,18.0,30.0,27.1767,78.0081,12,peak,7,4,mid,backpacker,medium,11932.3,2,1.5,250754.86
city_amritsar,Amritsar,India,Central & Spiritual,42.0,18.0,26.0,31.634,74.8723,8,peak,3,2,mid,luxury,medium,11357.9,1,1.5,82314.62
city_ayodhya,Ayodhya,India,Central & Spiritual,38.0,16.0,22.0,26.7922,82.1998,5,shoulder,3,4,mid,backpacker,high,12117.0,1,1.2,168455.71
city_rann of kutch,Rann of Kutch,India,West & Rajasthan,60.0,20.0,35.0,23.8342,69.8329,11,off-peak,21,1,luxury,luxury,medium,11923.4,3,1.0,250002.46
city_ahmedabad,Ahmedabad,India,West & Rajasthan,45.0,22.0,30.0,23.0225,72.5714,4,shoulder,14,3,budget,luxury,low,12130.9,3,1.2,214998.5
city_mumbai,Mumbai,India,West & Rajasthan,55.0,35.0,40.0,19.076,72.8777,10,shoulder,7,2,luxury,backpacker,high,12538.0,2,1.2,200999.13
city_delhi,Delhi,India,Central & Spiritual,50.0,28.0,38.0,28.6139,77.209,8,peak,3,3,luxury,backpacker,low,11754.7,1,1.5,196780.78
city_bengaluru,Bengaluru,India,South India & Western Ghats,55.0,30.0,42.0,12.9716,77.5946,5,shoulder,7,4,budget,backpacker,low,13368.0,2,1.2,212361.78
city_goa,Goa,India,West & Rajasthan,45.0,20.0,35.0,15.2993,74.124,6,peak,14,3,budget,explorer,medium,12972.7,3,1.5,211951.9
city_udaipur,Udaipur,India,West & Rajasthan,55.0,22.0,35.0,24.5854,73.7125,5,shoulder,21,3,budget,explorer,low,12024.7,3,1.2,258259.15
city_jaipur,Jaipur,India,West & Rajasthan,40.0,18.0,30.0,26.9124,75.7873,11,off-peak,21,4,luxury,explorer,low,11874.7,3,1.0,539696.34
city_manali,Manali,India,North India (Himalayas),50.0,22.0,32.0,32.2396,77.1887,7,peak,3,3,luxury,backpacker,medium,11380.5,1,1.5,173939.33
city_leh ladakh,Leh Ladakh,India,North India (Himalayas),65.0,25.0,35.0,34.1526,77.5771,5,shoulder,14,4,luxury,explorer,low,11196.3,3,1.2,531664.18
city_srinagar,Srinagar,India,North India (Himalayas),55.0,20.0,35.0,34.0837,74.7973,11,off-peak,5,4,budget,luxury,high,11105.4,1,1.0,204261.71
city_shimla,Shimla,India,North India (Himalayas),48.0,20.0,30.0,31.1048,77.1734,11,off-peak,3,4,luxury,explorer,high,11496.9,1,1.0,219962.82
city_rishikesh,Rishikesh,India,North India (Himalayas),40.0,16.0,25.0,30.0869,78.2676,7,peak,3,2,budget,backpacker,medium,11640.8,1,1.5,82631.1
city_munnar,Munnar,India,South India & Western Ghats,45.0,20.0,28.0,10.0889,77.0595,4,shoulder,14,2,mid,explorer,medium,13633.1,3,1.2,162941.0
city_alleppey,Alleppey,India,South India & Western Ghats,55.0,22.0,30.0,9.4981,76.3388,11,off-peak,21,4,luxury,luxury,high,13657.3,3,1.0,765497.9
city_hampi,Hampi,India,South India & Western Ghats,38.0,14.0,22.0,15.335,76.46,2,off-peak,10,4,mid,backpacker,high,13078.1,2,1.0,268851.47
city_coorg,Coorg,India,South India & Western Ghats,52.0,22.0,32.0,12.3375,75.8069,6,peak,5,4,mid,backpacker,medium,13348.5,1,1.5,238700.08
city_pondicherry,Pondicherry,India,South India & Western Ghats,50.0,22.0,35.0,11.9416,79.8083,9,shoulder,21,3,budget,explorer,medium,13570.2,3,1.2,289044.68
city_darjeeling,Darjeeling,India,East & Northeast,46.0,18.0,28.0,27.041,88.2663,4,shoulder,3,4,budget,luxury,low,12262.0,1,1.2,171926.86
city_shillong,Shillong,India,East & Northeast,48.0,18.0,28.0,25.5788,91.8933,1,off-peak,3,3,budget,backpacker,high,12501.1,1,1.0,126876.53
city_kolkata,Kolkata,India,East & Northeast,45.0,20.0,26.0,22.5726,88.3639,4,shoulder,3,2,luxury,backpacker,low,12745.7,1,1.2,104504.32
city_varanasi,Varanasi,India,Central & Spiritual,38.0,16.0,22.0,25.3176,82.9739,10,shoulder,3,3,budget,backpacker,high,12297.1,1,1.2,135623.46
city_agra,Agra,India,Central & Spiritual,45.0,18.0,30.0,27.1767,78.0081,5,shoulder,5,1,luxury,backpacker,low,11932.3,1,1.2,84229.6
city_amritsar,Amritsar,India,Central & Spiritual,42.0,18.0,26.0,31.634,74.8723,4,shoulder,14,3,budget,backpacker,medium,11357.9,3,1.2,175480.48
city_ayodhya,Ayodhya,India,Central & Spiritual,38.0,16.0,22.0,26.7922,82.1998,1,off-peak,5,4,luxury,backpacker,high,12117.0,1,1.0,248056.82
city_rann of kutch,Rann of Kutch,India,West & Rajasthan,60.0,20.0,35.0,23.8342,69.8329,6,peak,14,1,mid,luxury,low,11923.4,3,1.5,133277.66
city_ahmedabad,Ahmedabad,India,West & Rajasthan,45.0,22.0,30.0,23.0225,72.5714,10,shoulder,3,3,mid,luxury,low,12130.9,1,1.2,157291.33
city_mumbai,Mumbai,India,West & Rajasthan,55.0,35.0,40.0,19.076,72.8777,7,peak,10,1,mid,luxury,medium,12538.0,2,1.5,143396.14
city_delhi,Delhi,India,Central & Spiritual,50.0,28.0,38.0,28.6139,77.209,2,off-peak,3,3,luxury,backpacker,low,11754.7,1,1.0,180753.46
city_bengaluru,Bengaluru,India,South India & Western Ghats,55.0,30.0,42.0,12.9716,77.5946,10,shoulder,14,3,mid,luxury,high,13368.0,3,1.2,437652.74
city_goa,Goa,India,West & Rajasthan,45.0,20.0,35.0,15.2993,74.124,5,shoulder,10,4,budget,luxury,low,12972.7,2,1.2,292741.62
city_udaipur,Udaipur,India,West & Rajasthan,55.0,22.0,35.0,24.5854,73.7125,9,shoulder,21,2,mid,explorer,low,12024.7,3,1.2,181162.49
city_jaipur,Jaipur,India,West & Rajasthan,40.0,18.0,30.0,26.9124,75.7873,7,peak,7,4,mid,explorer,high,11874.7,2,1.5,270291.09
city_manali,Manali,India,North India (Himalayas),50.0,22.0,32.0,32.2396,77.1887,11,off-peak,7,3,budget,luxury,medium,11380.5,2,1.0,173464.8
city_leh ladakh,Leh Ladakh,India,North India (Himalayas),65.0,25.0,35.0,34.1526,77.5771,2,off-peak,3,1,budget,explorer,low,11196.3,1,1.0,40727.66
city_srinagar,Srinagar,India,North India (Himalayas),55.0,20.0,35.0,34.0837,74.7973,3,off-peak,14,1,luxury,luxury,high,11105.4,3,1.0,169834.23
city_shimla,Shimla,India,North India (Himalayas),48.0,20.0,30.0,31.1048,77.1734,6,peak,21,1,mid,explorer,high,11496.9,3,1.5,170623.6
city_rishikesh,Rishikesh,India,North India (Himalayas),40.0,16.0,25.0,30.0869,78.2676,12,peak,3,3,luxury,explorer,medium,11640.8,1,1.5,167300.66
city_munnar,Munnar,India,South India & Western Ghats,45.0,20.0,28.0,10.0889,77.0595,2,off-peak,14,2,budget,luxury,medium,13633.1,3,1.0,156466.4
city_alleppey,Alleppey,India,South India & Western Ghats,55.0,22.0,30.0,9.4981,76.3388,9,shoulder,7,1,mid,luxury,low,13657.3,2,1.2,80688.06
city_hampi,Hampi,India,South India & Western Ghats,38.0,14.0,22.0,15.335,76.46,7,peak,14,1,luxury,luxury,high,13078.1,3,1.5,186682.29
city_coorg,Coorg,India,South India & Western Ghats,52.0,22.0,32.0,12.3375,75.8069,12,peak,7,3,mid,backpacker,low,13348.5,2,1.5,199374.03
city_pondicherry,Pondicherry,India,South India & Western Ghats,50.0,22.0,35.0,11.9416,79.8083,3,off-peak,14,4,budget,backpacker,high,13570.2,3,1.0,290379.02
city_darjeeling,Darjeeling,India,East & Northeast,46.0,18.0,28.0,27.041,88.2663,12,peak,14,2,mid,explorer,medium,12262.0,3,1.5,164513.09
city_shillong,Shillong,India,East & Northeast,48.0,18.0,28.0,25.5788,91.8933,6,peak,5,3,mid,luxury,medium,12501.1,1,1.5,192276.27
city_kolkata,Kolkata,India,East & Northeast,45.0,20.0,26.0,22.5726,88.3639,2,off-peak,3,2,budget,luxury,low,12745.7,1,1.0,84026.98
city_varanasi,Varanasi,India,Central & Spiritual,38.0,16.0,22.0,25.3176,82.9739,11,off-peak,3,3,mid,luxury,medium,12297.1,1,1.0,132427.07
city_agra,Agra,India,Central & Spiritual,45.0,18.0,30.0,27.1767,78.0081,5,shoulder,5,1,mid,explorer,low,11932.3,1,1.2,55006.54
city_amritsar,Amritsar,India,Central & Spiritual,42.0,18.0,26.0,31.634,74.8723,5,shoulder,21,4,luxury,luxury,medium,11357.9,3,1.2,686175.09
city_ayodhya,Ayodhya,India,Central & Spiritual,38.0,16.0,22.0,26.7922,82.1998,10,shoulder,3,1,budget,explorer,low,12117.0,1,1.2,42562.99
city_rann of kutch,Rann of Kutch,India,West & Rajasthan,60.0,20.0,35.0,23.8342,69.8329,3,off-peak,7,3,mid,backpacker,low,11923.4,2,1.0,147936.94
city_ahmedabad,Ahmedabad,India,West & Rajasthan,45.0,22.0,30.0,23.0225,72.5714,3,off-peak,10,2,luxury,luxury,high,12130.9,2,1.0,211717.68
city_mumbai,Mumbai,India,West & Rajasthan,55.0,35.0,40.0,19.076,72.8777,6,peak,3,4,luxury,backpacker,medium,12538.0,1,1.5,309465.41
city_delhi,Delhi,India,Central & Spiritual,50.0,28.0,38.0,28.6139,77.209,6,peak,14,4,luxury,explorer,high,11754.7,3,1.5,718854.78
city_bengaluru,Bengaluru,India,South India & Western Ghats,55.0,30.0,42.0,12.9716,77.5946,11,off-peak,10,3,budget,explorer,low,13368.0,2,1.0,190997.24
city_goa,Goa,India,West & Rajasthan,45.0,20.0,35.0,15.2993,74.124,10,shoulder,10,3,budget,explorer,low,12972.7,2,1.2,175567.27
city_udaipur,Udaipur,India,West & Rajasthan,55.0,22.0,35.0,24.5854,73.7125,4,shoulder,10,4,luxury,backpacker,medium,12024.7,2,1.2,398259.39
city_jaipur,Jaipur,India,West & Rajasthan,40.0,18.0,30.0,26.9124,75.7873,4,shoulder,7,2,budget,luxury,high,11874.7,2,1.2,118631.31
city_manali,Manali,India,North India (Himalayas),50.0,22.0,32.0,32.2396,77.1887,2,off-peak,14,2,mid,explorer,high,11380.5,3,1.0,178606.97
city_leh ladakh,Leh Ladakh,India,North India (Himalayas),65.0,25.0,35.0,34.1526,77.5771,3,off-peak,5,1,budget,explorer,low,11196.3,1,1.0,44379.65
city_srinagar,Srinagar,India,North India (Himalayas),55.0,20.0,35.0,34.0837,74.7973,3,off-peak,14,2,luxury,backpacker,low,11105.4,3,1.0,196923.11
city_shimla,Shimla,India,North India (Himalayas),48.0,20.0,30.0,31.1048,77.1734,8,peak,14,4,luxury,luxury,high,11496.9,3,1.5,637175.81
city_rishikesh,Rishikesh,India,North India (Himalayas),40.0,16.0,25.0,30.0869,78.2676,11,off-peak,14,3,luxury,explorer,low,11640.8,3,1.0,283070.78
city_munnar,Munnar,India,South India & Western Ghats,45.0,20.0,28.0,10.0889,77.0595,11,off-peak,7,3,luxury,backpacker,medium,13633.1,2,1.0,246646.42
city_alleppey,Alleppey,India,South India & Western Ghats,55.0,22.0,30.0,9.4981,76.3388,9,shoulder,3,3,mid,explorer,low,13657.3,1,1.2,165609.53
city_hampi,Hampi,India,South India & Western Ghats,38.0,14.0,22.0,15.335,76.46,2,off-peak,21,1,luxury,luxury,high,13078.1,3,1.0,203639.23
city_coorg,Coorg,India,South India & Western Ghats,52.0,22.0,32.0,12.3375,75.8069,7,peak,10,1,mid,luxury,high,13348.5,2,1.5,123274.8
city_pondicherry,Pondicherry,India,South India & Western Ghats,50.0,22.0,35.0,11.9416,79.8083,9,shoulder,5,1,mid,backpacker,medium,13570.2,1,1.2,66343.43
city_darjeeling,Darjeeling,India,East & Northeast,46.0,18.0,28.0,27.041,88.2663,12,peak,3,2,budget,backpacker,high,12262.0,1,1.5,84893.36
city_shillong,Shillong,India,East & Northeast,48.0,18.0,28.0,25.5788,91.8933,9,shoulder,14,2,mid,explorer,medium,12501.1,3,1.2,155804.31
city_kolkata,Kolkata,India,East & Northeast,45.0,20.0,26.0,22.5726,88.3639,7,peak,10,3,luxury,luxury,low,12745.7,2,1.5,404311.23
city_varanasi,Varanasi,India,Central & Spiritual,38.0,16.0,22.0,25.3176,82.9739,2,off-peak,7,1,luxury,luxury,medium,12297.1,2,1.0,83189.93
city_agra,Agra,India,Central & Spiritual,45.0,18.0,30.0,27.1767,78.0081,5,shoulder,7,2,mid,backpacker,high,11932.3,2,1.2,109520.82
city_amritsar,Amritsar,India,Central & Spiritual,42.0,18.0,26.0,31.634,74.8723,5,shoulder,21,4,budget,luxury,high,11357.9,3,1.2,398879.48
city_ayodhya,Ayodhya,India,Central & Spiritual,38.0,16.0,22.0,26.7922,82.1998,2,off-peak,7,4,luxury,explorer,low,12117.0,2,1.0,235924.25
city_rann of kutch,Rann of Kutch,India,West & Rajasthan,60.0,20.0,35.0,23.8342,69.8329,12,peak,21,1,luxury,luxury,medium,11923.4,3,1.5,303709.32
city_ahmedabad,Ahmedabad,India,West & Rajasthan,45.0,22.0,30.0,23.0225,72.5714,9,shoulder,7,1,mid,explorer,low,12130.9,2,1.2,69649.79
city_mumbai,Mumbai,India,West & Rajasthan,55.0,35.0,40.0,19.076,72.8777,8,peak,5,2,budget,backpacker,low,12538.0,1,1.5,95981.35
city_delhi,Delhi,India,Central & Spiritual,50.0,28.0,38.0,28.6139,77.209,5,shoulder,3,1,luxury,explorer,high,11754.7,1,1.2,81069.9
city_bengaluru,Bengaluru,India,South India & Western Ghats,55.0,30.0,42.0,12.9716,77.5946,3,off-peak,5,2,luxury,explorer,low,13368.0,1,1.0,150730.73
city_goa,Goa,India,West & Rajasthan,45.0,20.0,35.0,15.2993,74.124,7,peak,7,2,mid,luxury,medium,12972.7,2,1.5,153173.47
city_udaipur,Udaipur,India,West & Rajasthan,55.0,22.0,35.0,24.5854,73.7125,4,shoulder,14,2,mid,explorer,low,12024.7,3,1.2,139169.71
city_jaipur,Jaipur,India,West & Rajasthan,40.0,18.0,30.0,26.9124,75.7873,6,peak,21,4,mid,explorer,medium,11874.7,3,1.5,403435.72
city_manali,Manali,India,North India (Himalayas),50.0,22.0,32.0,32.2396,77.1887,3,off-peak,5,2,mid,backpacker,high,11380.5,1,1.0,100275.26
city_leh ladakh,Leh Ladakh,India,North India (Himalayas),65.0,25.0,35.0,34.1526,77.5771,8,peak,7,1,luxury,luxury,low,11196.3,2,1.5,145242.83
city_srinagar,Srinagar,India,North India (Himalayas),55.0,20.0,35.0,34.0837,74.7973,5,shoulder,10,2,mid,backpacker,low,11105.4,2,1.2,120917.28
city_shimla,Shimla,India,North India (Himalayas),48.0,20.0,30.0,31.1048,77.1734,8,peak,7,1,mid,backpacker,medium,11496.9,2,1.5,66009.12
city_rishikesh,Rishikesh,India,North India (Himalayas),40.0,16.0,25.0,30.0869,78.2676,2,off-peak,7,2,budget,explorer,low,11640.8,2,1.0,87688.13
city_munnar,Munnar,India,South India & Western Ghats,45.0,20.0,28.0,10.0889,77.0595,12,peak,21,3,budget,backpacker,low,13633.1,3,1.5,222212.59
city_alleppey,Alleppey,India,South India & Western Ghats,55.0,22.0,30.0,9.4981,76.3388,12,peak,5,4,mid,luxury,low,13657.3,1,1.5,281911.56
city_hampi,Hampi,India,South India & Western Ghats,38.0,14.0,22.0,15.335,76.46,2,off-peak,3,3,budget,backpacker,high,13078.1,1,1.0,145744.67
city_coorg,Coorg,India,South India & Western Ghats,52.0,22.0,32.0,12.3375,75.8069,7,peak,3,3,budget,explorer,low,13348.5,1,1.5,138485.61
city_pondicherry,Pondicherry,India,South India & Western Ghats,50.0,22.0,35.0,11.9416,79.8083,1,off-peak,5,4,luxury,luxury,medium,13570.2,1,1.0,317317.17
city_darjeeling,Darjeeling,India,East & Northeast,46.0,18.0,28.0,27.041,88.2663,8,peak,14,1,luxury,luxury,high,12262.0,3,1.5,229475.07
city_shillong,Shillong,India,East & Northeast,48.0,18.0,28.0,25.5788,91.8933,4,shoulder,21,2,mid,explorer,low,12501.1,3,1.2,169549.39
city_kolkata,Kolkata,India,East & Northeast,45.0,20.0,26.0,22.5726,88.3639,7,peak,5,1,luxury,explorer,low,12745.7,1,1.5,94543.73
city_varanasi,Varanasi,India,Central & Spiritual,38.0,16.0,22.0,25.3176,82.9739,9,shoulder,14,1,mid,explorer,low,12297.1,3,1.2,74272.35
city_agra,Agra,India,Central & Spiritual,45.0,18.0,30.0,27.1767,78.0081,5,shoulder,21,1,mid,backpacker,medium,11932.3,3,1.2,101346.38
city_amritsar,Amritsar,India,Central & Spiritual,42.0,18.0,26.0,31.634,74.8723,4,shoulder,21,1,luxury,luxury,medium,11357.9,3,1.2,250622.78
city_ayodhya,Ayodhya,India,Central & Spiritual,38.0,16.0,22.0,26.7922,82.1998,6,peak,21,2,luxury,explorer,high,12117.0,3,1.5,353765.53
city_rann of kutch,Rann of Kutch,India,West & Rajasthan,60.0,20.0,35.0,23.8342,69.8329,8,peak,21,2,budget,backpacker,high,11923.4,3,1.5,187666.31
city_ahmedabad,Ahmedabad,India,West & Rajasthan,45.0,22.0,30.0,23.0225,72.5714,5,shoulder,5,1,budget,backpacker,medium,12130.9,1,1.2,45491.12
city_mumbai,Mumbai,India,West & Rajasthan,55.0,35.0,40.0,19.076,72.8777,5,shoulder,14,4,luxury,explorer,medium,12538.0,3,1.2,710789.77
city_delhi,Delhi,India,Central & Spiritual,50.0,28.0,38.0,28.6139,77.209,5,shoulder,7,1,luxury,explorer,medium,11754.7,2,1.2,132387.11
city_bengaluru,Bengaluru,India,South India & Western Ghats,55.0,30.0,42.0,12.9716,77.5946,2,off-peak,7,4,mid,luxury,medium,13368.0,2,1.0,305673.53
city_goa,Goa,India,West & Rajasthan,45.0,20.0,35.0,15.2993,74.124,3,off-peak,10,4,mid,luxury,medium,12972.7,2,1.0,298150.13
city_udaipur,Udaipur,India,West & Rajasthan,55.0,22.0,35.0,24.5854,73.7125,2,off-peak,21,4,budget,explorer,high,12024.7,3,1.0,387460.03
city_jaipur,Jaipur,India,West & Rajasthan,40.0,18.0,30.0,26.9124,75.7873,5,shoulder,7,1,budget,explorer,high,11874.7,2,1.2,58644.02
city_manali,Manali,India,North India (Himalayas),50.0,22.0,32.0,32.2396,77.1887,5,shoulder,7,4,luxury,luxury,medium,11380.5,2,1.2,354713.23
city_leh ladakh,Leh Ladakh,India,North India (Himalayas),65.0,25.0,35.0,34.1526,77.5771,8,peak,3,3,luxury,explorer,medium,11196.3,1,1.5,207694.61
city_srinagar,Srinagar,India,North India (Himalayas),55.0,20.0,35.0,34.0837,74.7973,11,off-peak,3,1,luxury,luxury,medium,11105.4,1,1.0,58943.89
city_shimla,Shimla,India,North India (Himalayas),48.0,20.0,30.0,31.1048,77.1734,11,off-peak,5,1,budget,luxury,high,11496.9,1,1.0,58465.53
city_rishikesh,Rishikesh,India,North India (Himalayas),40.0,16.0,25.0,30.0869,78.2676,8,peak,3,2,budget,backpacker,high,11640.8,1,1.5,82337.05
city_munnar,Munnar,India,South India & Western Ghats,45.0,20.0,28.0,10.0889,77.0595,10,shoulder,3,2,luxury,explorer,medium,13633.1,1,1.2,120122.48
city_alleppey,Alleppey,India,South India & Western Ghats,55.0,22.0,30.0,9.4981,76.3388,6,peak,10,1,luxury,backpacker,high,13657.3,2,1.5,170815.96
city_hampi,Hampi,India,South India & Western Ghats,38.0,14.0,22.0,15.335,76.46,5,shoulder,5,1,budget,luxury,low,13078.1,1,1.2,53375.38
city_coorg,Coorg,India,South India & Western Ghats,52.0,22.0,32.0,12.3375,75.8069,8,peak,14,4,luxury,backpacker,medium,13348.5,3,1.5,559496.48
city_pondicherry,Pondicherry,India,South India & Western Ghats,50.0,22.0,35.0,11.9416,79.8083,4,shoulder,14,3,luxury,explorer,low,13570.2,3,1.2,400503.75
city_darjeeling,Darjeeling,India,East & Northeast,46.0,18.0,28.0,27.041,88.2663,2,off-peak,5,1,mid,backpacker,high,12262.0,1,1.0,55471.67
city_shillong,Shillong,India,East & Northeast,48.0,18.0,28.0,25.5788,91.8933,11,off-peak,7,3,luxury,backpacker,high,12501.1,2,1.0,239790.75
city_kolkata,Kolkata,India,East & Northeast,45.0,20.0,26.0,22.5726,88.3639,9,shoulder,7,3,budget,luxury,high,12745.7,2,1.2,208554.99
city_varanasi,Varanasi,India,Central & Spiritual,38.0,16.0,22.0,25.3176,82.9739,6,peak,14,2,budget,backpacker,low,12297.1,3,1.5,104289.28
city_agra,Agra,India,Central & Spiritual,45.0,18.0,30.0,27.1767,78.0081,4,shoulder,10,1,mid,luxury,high,11932.3,2,1.2,90049.21
city_amritsar,Amritsar,India,Central & Spiritual,42.0,18.0,26.0,31.634,74.8723,9,shoulder,5,1,budget,explorer,medium,11357.9,1,1.2,49530.94
city_ayodhya,Ayodhya,India,Central & Spiritual,38.0,16.0,22.0,26.7922,82.1998,12,peak,21,4,luxury,explorer,medium,12117.0,3,1.5,626241.92
city_rann of kutch,Rann of Kutch,India,West & Rajasthan,60.0,20.0,35.0,23.8342,69.8329,6,peak,21,1,mid,explorer,high,11923.4,3,1.5,164706.65
city_ahmedabad,Ahmedabad,India,West & Rajasthan,45.0,22.0,30.0,23.0225,72.5714,9,shoulder,7,2,luxury,luxury,high,12130.9,2,1.2,195546.41
city_mumbai,Mumbai,India,West & Rajasthan,55.0,35.0,40.0,19.076,72.8777,7,peak,14,1,budget,luxury,low,12538.0,3,1.5,134977.65
city_delhi,Delhi,India,Central & Spiritual,50.0,28.0,38.0,28.6139,77.209,5,shoulder,5,2,mid,luxury,low,11754.7,1,1.2,111125.57
city_bengaluru,Bengaluru,India,South India & Western Ghats,55.0,30.0,42.0,12.9716,77.5946,5,shoulder,3,3,budget,luxury,high,13368.0,1,1.2,184406.99
city_goa,Goa,India,West & Rajasthan,45.0,20.0,35.0,15.2993,74.124,5,shoulder,5,3,luxury,luxury,low,12972.7,1,1.2,232485.8
city_udaipur,Udaipur,India,West & Rajasthan,55.0,22.0,35.0,24.5854,73.7125,10,shoulder,5,2,luxury,luxury,high,12024.7,1,1.2,156161.79
city_jaipur,Jaipur,India,West & Rajasthan,40.0,18.0,30.0,26.9124,75.7873,10,shoulder,7,1,budget,backpacker,low,11874.7,2,1.2,51504.12
city_manali,Manali,India,North India (Himalayas),50.0,22.0,32.0,32.2396,77.1887,5,shoulder,21,2,luxury,explorer,high,11380.5,3,1.2,351035.23
city_leh ladakh,Leh Ladakh,India,North India (Himalayas),65.0,25.0,35.0,34.1526,77.5771,11,off-peak,3,4,luxury,luxury,medium,11196.3,1,1.0,214138.21
city_srinagar,Srinagar,India,North India (Himalayas),55.0,20.0,35.0,34.0837,74.7973,4,shoulder,21,4,mid,explorer,low,11105.4,3,1.2,350260.5
city_shimla,Shimla,India,North India (Himalayas),48.0,20.0,30.0,31.1048,77.1734,12,peak,3,2,mid,explorer,medium,11496.9,1,1.5,87109.43
city_rishikesh,Rishikesh,India,North India (Himalayas),40.0,16.0,25.0,30.0869,78.2676,3,off-peak,7,3,luxury,explorer,medium,11640.8,2,1.0,212962.98
city_munnar,Munnar,India,South India & Western Ghats,45.0,20.0,28.0,10.0889,77.0595,3,off-peak,7,1,mid,backpacker,medium,13633.1,2,1.0,67212.11
city_alleppey,Alleppey,India,South India & Western Ghats,55.0,22.0,30.0,9.4981,76.3388,3,off-peak,3,1,mid,explorer,high,13657.3,1,1.0,57424.18
city_hampi,Hampi,India,South India & Western Ghats,38.0,14.0,22.0,15.335,76.46,7,peak,5,2,mid,luxury,high,13078.1,1,1.5,119560.96
city_coorg,Coorg,India,South India & Western Ghats,52.0,22.0,32.0,12.3375,75.8069,8,peak,14,4,mid,explorer,medium,13348.5,3,1.5,401682.33
city_pondicherry,Pondicherry,India,South India & Western Ghats,50.0,22.0,35.0,11.9416,79.8083,1,off-peak,3,4,luxury,explorer,low,13570.2,1,1.0,224721.3
city_darjeeling,Darjeeling,India,East & Northeast,46.0,18.0,28.0,27.041,88.2663,1,off-peak,7,4,luxury,luxury,high,12262.0,2,1.0,333583.22
city_shillong,Shillong,India,East & Northeast,48.0,18.0,28.0,25.5788,91.8933,8,peak,7,1,budget,explorer,low,12501.1,2,1.5,58400.07
city_kolkata,Kolkata,India,East & Northeast,45.0,20.0,26.0,22.5726,88.3639,7,peak,7,1,mid,backpacker,high,12745.7,2,1.5,72597.2
city_varanasi,Varanasi,India,Central & Spiritual,38.0,16.0,22.0,25.3176,82.9739,9,shoulder,5,3,luxury,explorer,low,12297.1,1,1.2,184206.65
city_agra,Agra,India,Central & Spiritual,45.0,18.0,30.0,27.1767,78.0081,9,shoulder,7,1,budget,backpacker,medium,11932.3,2,1.2,52400.95
city_amritsar,Amritsar,India,Central & Spiritual,42.0,18.0,26.0,31.634,74.8723,6,peak,7,3,budget,backpacker,high,11357.9,2,1.5,150636.8
city_ayodhya,Ayodhya,India,Central & Spiritual,38.0,16.0,22.0,26.7922,82.1998,1,off-peak,3,2,luxury,explorer,medium,12117.0,1,1.0,96995.11
city_rann of kutch,Rann of Kutch,India,West & Rajasthan,60.0,20.0,35.0,23.8342,69.8329,9,shoulder,10,2,luxury,luxury,low,11923.4,2,1.2,200841.74
city_ahmedabad,Ahmedabad,India,West & Rajasthan,45.0,22.0,30.0,23.0225,72.5714,3,off-peak,10,3,luxury,explorer,high,12130.9,2,1.0,347835.84
city_mumbai,Mumbai,India,West & Rajasthan,55.0,35.0,40.0,19.076,72.8777,9,shoulder,14,4,luxury,luxury,medium,12538.0,3,1.2,740704.86
city_delhi,Delhi,India,Central & Spiritual,50.0,28.0,38.0,28.6139,77.209,6,peak,21,1,mid,luxury,medium,11754.7,3,1.5,221356.28
city_bengaluru,Bengaluru,India,South India & Western Ghats,55.0,30.0,42.0,12.9716,77.5946,12,peak,21,1,luxury,explorer,medium,13368.0,3,1.5,451994.1
city_goa,Goa,India,West & Rajasthan,45.0,20.0,35.0,15.2993,74.124,10,shoulder,14,2,luxury,backpacker,high,12972.7,3,1.2,244686.34
city_udaipur,Udaipur,India,West & Rajasthan,55.0,22.0,35.0,24.5854,73.7125,8,peak,5,4,budget,luxury,low,12024.7,1,1.5,250133.22
city_jaipur,Jaipur,India,West & Rajasthan,40.0,18.0,30.0,26.9124,75.7873,2,off-peak,5,1,mid,explorer,medium,11874.7,1,1.0,54986.52
city_manali,Manali,India,North India (Himalayas),50.0,22.0,32.0,32.2396,77.1887,3,off-peak,10,2,mid,luxury,high,11380.5,2,1.0,173097.98
city_leh ladakh,Leh Ladakh,India,North India (Himalayas),65.0,25.0,35.0,34.1526,77.5771,12,peak,21,1,luxury,backpacker,high,11196.3,3,1.5,335268.43
city_srinagar,Srinagar,India,North India (Himalayas),55.0,20.0,35.0,34.0837,74.7973,4,shoulder,14,3,luxury,explorer,high,11105.4,3,1.2,398774.64
city_shimla,Shimla,India,North India (Himalayas),48.0,20.0,30.0,31.1048,77.1734,8,peak,14,3,luxury,explorer,high,11496.9,3,1.5,547192.87
city_rishikesh,Rishikesh,India,North India (Himalayas),40.0,16.0,25.0,30.0869,78.2676,12,peak,21,3,luxury,explorer,low,11640.8,3,1.5,552158.16
city_munnar,Munnar,India,South India & Western Ghats,45.0,20.0,28.0,10.0889,77.0595,5,shoulder,5,3,mid,luxury,low,13633.1,1,1.2,181225.91
city_alleppey,Alleppey,India,South India & Western Ghats,55.0,22.0,30.0,9.4981,76.3388,12,peak,21,4,mid,explorer,medium,13657.3,3,1.5,424221.36
city_hampi,Hampi,India,South India & Western Ghats,38.0,14.0,22.0,15.335,76.46,12,peak,7,3,budget,luxury,high,13078.1,2,1.5,190383.23
city_coorg,Coorg,India,South India & Western Ghats,52.0,22.0,32.0,12.3375,75.8069,9,shoulder,10,4,mid,backpacker,medium,13348.5,2,1.2,300803.89
city_pondicherry,Pondicherry,India,South India & Western Ghats,50.0,22.0,35.0,11.9416,79.8083,2,off-peak,7,4,luxury,explorer,high,13570.2,2,1.0,344574.44
city_darjeeling,Darjeeling,India,East & Northeast,46.0,18.0,28.0,27.041,88.2663,8,peak,5,2,luxury,explorer,high,12262.0,1,1.5,144284.75
city_shillong,Shillong,India,East & Northeast,48.0,18.0,28.0,25.5788,91.8933,10,shoulder,21,2,budget,backpacker,high,12501.1,3,1.2,167350.42
city_kolkata,Kolkata,India,East & Northeast,45.0,20.0,26.0,22.5726,88.3639,9,shoulder,5,2,budget,backpacker,medium,12745.7,1,1.2,90088.41
city_varanasi,Varanasi,India,Central & Spiritual,38.0,16.0,22.0,25.3176,82.9739,11,off-peak,5,1,luxury,backpacker,medium,12297.1,1,1.0,73257.05
city_agra,Agra,India,Central & Spiritual,45.0,18.0,30.0,27.1767,78.0081,11,off-peak,10,4,luxury,backpacker,medium,11932.3,2,1.0,301545.76
city_amritsar,Amritsar,India,Central & Spiritual,42.0,18.0,26.0,31.634,74.8723,2,off-peak,21,2,luxury,luxury,high,11357.9,3,1.0,341176.24
city_ayodhya,Ayodhya,India,Central & Spiritual,38.0,16.0,22.0,26.7922,82.1998,1,off-peak,5,4,budget,backpacker,medium,12117.0,1,1.0,173698.44
city_rann of kutch,Rann of Kutch,India,West & Rajasthan,60.0,20.0,35.0,23.8342,69.8329,12,peak,7,1,budget,explorer,high,11923.4,2,1.5,62250.87
city_ahmedabad,Ahmedabad,India,West & Rajasthan,45.0,22.0,30.0,23.0225,72.5714,10,shoulder,3,3,mid,explorer,high,12130.9,1,1.2,141270.47
city_mumbai,Mumbai,India,West & Rajasthan,55.0,35.0,40.0,19.076,72.8777,3,off-peak,14,4,mid,backpacker,low,12538.0,3,1.0,305243.0
city_delhi,Delhi,India,Central & Spiritual,50.0,28.0,38.0,28.6139,77.209,6,peak,5,4,luxury,explorer,high,11754.7,1,1.5,356215.33
city_bengaluru,Bengaluru,India,South India & Western Ghats,55.0,30.0,42.0,12.9716,77.5946,5,shoulder,14,2,budget,luxury,high,13368.0,3,1.2,236497.35
city_goa,Goa,India,West & Rajasthan,45.0,20.0,35.0,15.2993,74.124,7,peak,10,3,budget,explorer,high,12972.7,2,1.5,250348.57
city_udaipur,Udaipur,India,West & Rajasthan,55.0,22.0,35.0,24.5854,73.7125,8,peak,7,2,budget,explorer,medium,12024.7,2,1.5,118854.53
city_jaipur,Jaipur,India,West & Rajasthan,40.0,18.0,30.0,26.9124,75.7873,4,shoulder,10,3,mid,explorer,high,11874.7,2,1.2,227614.07
city_manali,Manali,India,North India (Himalayas),50.0,22.0,32.0,32.2396,77.1887,11,off-peak,7,2,budget,luxury,low,11380.5,2,1.0,103620.47
city_leh ladakh,Leh Ladakh,India,North India (Himalayas),65.0,25.0,35.0,34.1526,77.5771,8,peak,7,2,mid,luxury,high,11196.3,2,1.5,174625.84
city_srinagar,Srinagar,India,North India (Himalayas),55.0,20.0,35.0,34.0837,74.7973,5,shoulder,21,1,luxury,explorer,medium,11105.4,3,1.2,233204.31
city_shimla,Shimla,India,North India (Himalayas),48.0,20.0,30.0,31.1048,77.1734,10,shoulder,5,2,budget,explorer,low,11496.9,1,1.2,74066.8
city_rishikesh,Rishikesh,India,North India (Himalayas),40.0,16.0,25.0,30.0869,78.2676,6,peak,10,4,luxury,luxury,low,11640.8,2,1.5,418902.65
city_munnar,Munnar,India,South India & Western Ghats,45.0,20.0,28.0,10.0889,77.0595,4,shoulder,21,1,luxury,explorer,high,13633.1,3,1.2,262184.03
city_alleppey,Alleppey,India,South India & Western Ghats,55.0,22.0,30.0,9.4981,76.3388,10,shoulder,3,1,luxury,luxury,low,13657.3,1,1.2,73992.68
city_hampi,Hampi,India,South India & Western Ghats,38.0,14.0,22.0,15.335,76.46,10,shoulder,14,2,budget,explorer,high,13078.1,3,1.2,136040.13
city_coorg,Coorg,India,South India & Western Ghats,52.0,22.0,32.0,12.3375,75.8069,12,peak,14,4,budget,luxury,medium,13348.5,3,1.5,396952.99
city_pondicherry,Pondicherry,India,South India & Western Ghats,50.0,22.0,35.0,11.9416,79.8083,1,off-peak,10,2,luxury,explorer,medium,13570.2,2,1.0,177301.7
city_darjeeling,Darjeeling,India,East & Northeast,46.0,18.0,28.0,27.041,88.2663,11,off-peak,7,1,mid,explorer,low,12262.0,2,1.0,57239.97
city_shillong,Shillong,India,East & Northeast,48.0,18.0,28.0,25.5788,91.8933,12,peak,5,1,budget,explorer,medium,12501.1,1,1.5,51169.55
city_kolkata,Kolkata,India,East & Northeast,45.0,20.0,26.0,22.5726,88.3639,1,off-peak,3,4,budget,explorer,medium,12745.7,1,1.0,164265.33
city_varanasi,Varanasi,India,Central & Spiritual,38.0,16.0,22.0,25.3176,82.9739,3,off-peak,5,4,mid,explorer,medium,12297.1,1,1.0,205943.63
city_agra,Agra,India,Central & Spiritual,45.0,18.0,30.0,27.1767,78.0081,7,peak,3,2,luxury,explorer,low,11932.3,1,1.5,100097.1
city_amritsar,Amritsar,India,Central & Spiritual,42.0,18.0,26.0,31.634,74.8723,3,off-peak,14,4,luxury,backpacker,high,11357.9,3,1.0,449301.14
city_ayodhya,Ayodhya,India,Central & Spiritual,38.0,16.0,22.0,26.7922,82.1998,1,off-peak,7,4,luxury,luxury,high,12117.0,2,1.0,294617.08
city_rann of kutch,Rann of Kutch,India,West & Rajasthan,60.0,20.0,35.0,23.8342,69.8329,7,peak,14,4,budget,backpacker,medium,11923.4,3,1.5,248422.97
city_ahmedabad,Ahmedabad,India,West & Rajasthan,45.0,22.0,30.0,23.0225,72.5714,12,peak,3,1,luxury,explorer,high,12130.9,1,1.5,81462.51
city_mumbai,Mumbai,India,West & Rajasthan,55.0,35.0,40.0,19.076,72.8777,1,off-peak,5,2,budget,backpacker,high,12538.0,1,1.0,109250.66
city_delhi,Delhi,India,Central & Spiritual,50.0,28.0,38.0,28.6139,77.209,12,peak,3,2,luxury,backpacker,medium,11754.7,1,1.5,125276.09
city_bengaluru,Bengaluru,India,South India & Western Ghats,55.0,30.0,42.0,12.9716,77.5946,8,peak,5,2,budget,backpacker,high,13368.0,1,1.5,116238.16
city_goa,Goa,India,West & Rajasthan,45.0,20.0,35.0,15.2993,74.124,12,peak,14,3,luxury,luxury,high,12972.7,3,1.5,590561.82
city_udaipur,Udaipur,India,West & Rajasthan,55.0,22.0,35.0,24.5854,73.7125,6,peak,5,3,budget,luxury,high,12024.7,1,1.5,190012.66
city_jaipur,Jaipur,India,West & Rajasthan,40.0,18.0,30.0,26.9124,75.7873,1,off-peak,14,2,luxury,luxury,medium,11874.7,3,1.0,234039.82
city_manali,Manali,India,North India (Himalayas),50.0,22.0,32.0,32.2396,77.1887,9,shoulder,10,1,mid,luxury,high,11380.5,2,1.2,96925.59
city_leh ladakh,Leh Ladakh,India,North India (Himalayas),65.0,25.0,35.0,34.1526,77.5771,12,peak,10,4,budget,explorer,medium,11196.3,2,1.5,256966.06
city_srinagar,Srinagar,India,North India (Himalayas),55.0,20.0,35.0,34.0837,74.7973,3,off-peak,14,4,budget,backpacker,medium,11105.4,3,1.0,224554.17
city_shimla,Shimla,India,North India (Himalayas),48.0,20.0,30.0,31.1048,77.1734,8,peak,3,4,mid,luxury,high,11496.9,1,1.5,203533.04
city_rishikesh,Rishikesh,India,North India (Himalayas),40.0,16.0,25.0,30.0869,78.2676,3,off-peak,10,2,mid,backpacker,medium,11640.8,2,1.0,101544.82
city_munnar,Munnar,India,South India & Western Ghats,45.0,20.0,28.0,10.0889,77.0595,6,peak,3,2,budget,explorer,medium,13633.1,1,1.5,87305.9
city_alleppey,Alleppey,India,South India & Western Ghats,55.0,22.0,30.0,9.4981,76.3388,11,off-peak,14,1,budget,backpacker,high,13657.3,3,1.0,78722.48
city_hampi,Hampi,India,South India & Western Ghats,38.0,14.0,22.0,15.335,76.46,8,peak,5,3,mid,backpacker,low,13078.1,1,1.5,143477.15
city_coorg,Coorg,India,South India & Western Ghats,52.0,22.0,32.0,12.3375,75.8069,4,shoulder,21,1,luxury,explorer,low,13348.5,3,1.2,252056.32
city_pondicherry,Pondicherry,India,South India & Western Ghats,50.0,22.0,35.0,11.9416,79.8083,7,peak,5,3,mid,explorer,medium,13570.2,1,1.5,176630.47
city_darjeeling,Darjeeling,India,East & Northeast,46.0,18.0,28.0,27.041,88.2663,9,shoulder,21,3,mid,explorer,medium,12262.0,3,1.2,293781.01
city_shillong,Shillong,India,East & Northeast,48.0,18.0,28.0,25.5788,91.8933,2,off-peak,21,4,mid,backpacker,medium,12501.1,3,1.0,323224.9
city_kolkata,Kolkata,India,East & Northeast,45.0,20.0,26.0,22.5726,88.3639,6,peak,10,1,luxury,backpacker,high,12745.7,2,1.5,166002.26
city_varanasi,Varanasi,India,Central & Spiritual,38.0,16.0,22.0,25.3176,82.9739,10,shoulder,14,4,mid,backpacker,low,12297.1,3,1.2,252744.3
city_agra,Agra,India,Central & Spiritual,45.0,18.0,30.0,27.1767,78.0081,6,peak,5,4,luxury,backpacker,medium,11932.3,1,1.5,233187.28
city_amritsar,Amritsar,India,Central & Spiritual,42.0,18.0,26.0,31.634,74.8723,6,peak,7,4,luxury,luxury,high,11357.9,2,1.5,356095.99
city_ayodhya,Ayodhya,India,Central & Spiritual,38.0,16.0,22.0,26.7922,82.1998,8,peak,10,2,luxury,explorer,low,12117.0,2,1.5,185444.29
city_rann of kutch,Rann of Kutch,India,West & Rajasthan,60.0,20.0,35.0,23.8342,69.8329,3,off-peak,14,1,luxury,backpacker,low,11923.4,3,1.0,150520.15
city_ahmedabad,Ahmedabad,India,West & Rajasthan,45.0,22.0,30.0,23.0225,72.5714,11,off-peak,3,1,mid,backpacker,high,12130.9,1,1.0,50422.37
city_mumbai,Mumbai,India,West & Rajasthan,55.0,35.0,40.0,19.076,72.8777,1,off-peak,5,4,mid,backpacker,high,12538.0,1,1.0,249222.24
city_delhi,Delhi,India,Central & Spiritual,50.0,28.0,38.0,28.6139,77.209,11,off-peak,21,4,luxury,explorer,low,11754.7,3,1.0,693321.08
city_bengaluru,Bengaluru,India,South India & Western Ghats,55.0,30.0,42.0,12.9716,77.5946,1,off-peak,3,3,luxury,explorer,low,13368.0,1,1.0,195526.03
city_goa,Goa,India,West & Rajasthan,45.0,20.0,35.0,15.2993,74.124,9,shoulder,21,4,budget,backpacker,low,12972.7,3,1.2,255459.8
city_udaipur,Udaipur,India,West & Rajasthan,55.0,22.0,35.0,24.5854,73.7125,10,shoulder,14,3,mid,explorer,medium,12024.7,3,1.2,266230.6
city_jaipur,Jaipur,India,West & Rajasthan,40.0,18.0,30.0,26.9124,75.7873,2,off-peak,7,4,mid,luxury,low,11874.7,2,1.0,235764.98
city_manali,Manali,India,North India (Himalayas),50.0,22.0,32.0,32.2396,77.1887,11,off-peak,3,1,budget,explorer,medium,11380.5,1,1.0,41797.45
city_leh ladakh,Leh Ladakh,India,North India (Himalayas),65.0,25.0,35.0,34.1526,77.5771,7,peak,14,4,budget,luxury,low,11196.3,3,1.5,357367.77
city_srinagar,Srinagar,India,North India (Himalayas),55.0,20.0,35.0,34.0837,74.7973,7,peak,21,3,luxury,backpacker,high,11105.4,3,1.5,657252.17
city_shimla,Shimla,India,North India (Himalayas),48.0,20.0,30.0,31.1048,77.1734,1,off-peak,5,2,luxury,luxury,medium,11496.9,1,1.0,126062.11
city_rishikesh,Rishikesh,India,North India (Himalayas),40.0,16.0,25.0,30.0869,78.2676,11,off-peak,7,1,budget,explorer,low,11640.8,2,1.0,51605.5
city_munnar,Munnar,India,South India & Western Ghats,45.0,20.0,28.0,10.0889,77.0595,4,shoulder,14,2,luxury,explorer,low,13633.1,3,1.2,224627.23
city_alleppey,Alleppey,India,South India & Western Ghats,55.0,22.0,30.0,9.4981,76.3388,10,shoulder,10,3,mid,luxury,low,13657.3,2,1.2,268928.01
city_hampi,Hampi,India,South India & Western Ghats,38.0,14.0,22.0,15.335,76.46,12,peak,21,1,luxury,luxury,medium,13078.1,3,1.5,257952.81
city_coorg,Coorg,India,South India & Western Ghats,52.0,22.0,32.0,12.3375,75.8069,2,off-peak,7,4,mid,backpacker,high,13348.5,2,1.0,252008.79
city_pondicherry,Pondicherry,India,South India & Western Ghats,50.0,22.0,35.0,11.9416,79.8083,5,shoulder,10,4,budget,explorer,high,13570.2,2,1.2,297309.11
city_darjeeling,Darjeeling,India,East & Northeast,46.0,18.0,28.0,27.041,88.2663,11,off-peak,14,4,budget,luxury,medium,12262.0,3,1.0,288207.79
city_shillong,Shillong,India,East & Northeast,48.0,18.0,28.0,25.5788,91.8933,4,shoulder,21,1,budget,explorer,low,12501.1,3,1.2,75270.13
city_kolkata,Kolkata,India,East & Northeast,45.0,20.0,26.0,22.5726,88.3639,3,off-peak,21,4,mid,explorer,low,12745.7,3,1.0,347828.81
city_varanasi,Varanasi,India,Central & Spiritual,38.0,16.0,22.0,25.3176,82.9739,2,off-peak,3,3,mid,explorer,medium,12297.1,1,1.0,136107.67
city_agra,Agra,India,Central & Spiritual,45.0,18.0,30.0,27.1767,78.0081,7,peak,10,4,budget,backpacker,low,11932.3,2,1.5,203312.21
city_amritsar,Amritsar,India,Central & Spiritual,42.0,18.0,26.0,31.634,74.8723,6,peak,14,1,luxury,luxury,medium,11357.9,3,1.5,207095.84
city_ayodhya,Ayodhya,India,Central & Spiritual,38.0,16.0,22.0,26.7922,82.1998,7,peak,10,1,luxury,luxury,low,12117.0,2,1.5,140536.16
city_rann of kutch,Rann of Kutch,India,West & Rajasthan,60.0,20.0,35.0,23.8342,69.8329,10,shoulder,14,2,luxury,explorer,low,11923.4,3,1.2,231324.09
city_ahmedabad,Ahmedabad,India,West & Rajasthan,45.0,22.0,30.0,23.0225,72.5714,8,peak,5,1,budget,explorer,medium,12130.9,1,1.5,54554.49
city_mumbai,Mumbai,India,West & Rajasthan,55.0,35.0,40.0,19.076,72.8777,7,peak,7,4,budget,explorer,medium,12538.0,2,1.5,261468.43
city_delhi,Delhi,India,Central & Spiritual,50.0,28.0,38.0,28.6139,77.209,8,peak,14,2,mid,backpacker,low,11754.7,3,1.5,163527.19
city_bengaluru,Bengaluru,India,South India & Western Ghats,55.0,30.0,42.0,12.9716,77.5946,5,shoulder,3,4,mid,luxury,medium,13368.0,1,1.2,231301.34
city_goa,Goa,India,West & Rajasthan,45.0,20.0,35.0,15.2993,74.124,6,peak,10,2,mid,explorer,high,12972.7,2,1.5,160388.82
city_udaipur,Udaipur,India,West & Rajasthan,55.0,22.0,35.0,24.5854,73.7125,12,peak,5,4,mid,backpacker,medium,12024.7,1,1.5,219669.23
city_jaipur,Jaipur,India,West & Rajasthan,40.0,18.0,30.0,26.9124,75.7873,12,peak,21,4,luxury,backpacker,medium,11874.7,3,1.5,635861.34
city_manali,Manali,India,North India (Himalayas),50.0,22.0,32.0,32.2396,77.1887,7,peak,7,4,mid,backpacker,high,11380.5,2,1.5,262720.98
city_leh ladakh,Leh Ladakh,India,North India (Himalayas),65.0,25.0,35.0,34.1526,77.5771,3,off-peak,21,1,luxury,explorer,high,11196.3,3,1.0,308205.48
city_srinagar,Srinagar,India,North India (Himalayas),55.0,20.0,35.0,34.0837,74.7973,4,shoulder,10,3,luxury,backpacker,medium,11105.4,2,1.2,300429.46
city_shimla,Shimla,India,North India (Himalayas),48.0,20.0,30.0,31.1048,77.1734,5,shoulder,5,3,luxury,backpacker,high,11496.9,1,1.2,211209.4
city_rishikesh,Rishikesh,India,North India (Himalayas),40.0,16.0,25.0,30.0869,78.2676,7,peak,10,1,mid,luxury,medium,11640.8,2,1.5,86411.07
city_munnar,Munnar,India,South India & Western Ghats,45.0,20.0,28.0,10.0889,77.0595,12,peak,10,1,mid,luxury,high,13633.1,2,1.5,110588.58
city_alleppey,Alleppey,India,South India & Western Ghats,55.0,22.0,30.0,9.4981,76.3388,10,shoulder,21,1,budget,backpacker,high,13657.3,3,1.2,102851.38
city_hampi,Hampi,India,South India & Western Ghats,38.0,14.0,22.0,15.335,76.46,10,shoulder,3,4,mid,explorer,low,13078.1,1,1.2,175696.86
city_coorg,Coorg,India,South India & Western Ghats,52.0,22.0,32.0,12.3375,75.8069,1,off-peak,3,3,budget,luxury,high,13348.5,1,1.0,144769.17
city_pondicherry,Pondicherry,India,South India & Western Ghats,50.0,22.0,35.0,11.9416,79.8083,10,shoulder,5,4,mid,explorer,medium,13570.2,1,1.2,226255.69
city_darjeeling,Darjeeling,India,East & Northeast,46.0,18.0,28.0,27.041,88.2663,11,off-peak,14,2,mid,backpacker,medium,12262.0,3,1.0,137540.61
city_shillong,Shillong,India,East & Northeast,48.0,18.0,28.0,25.5788,91.8933,2,off-peak,3,2,mid,explorer,medium,12501.1,1,1.0,92869.0
city_kolkata,Kolkata,India,East & Northeast,45.0,20.0,26.0,22.5726,88.3639,8,peak,5,4,mid,explorer,low,12745.7,1,1.5,198397.41
city_varanasi,Varanasi,India,Central & Spiritual,38.0,16.0,22.0,25.3176,82.9739,6,peak,3,3,budget,luxury,low,12297.1,1,1.5,140762.44
city_agra,Agra,India,Central & Spiritual,45.0,18.0,30.0,27.1767,78.0081,1,off-peak,7,1,luxury,backpacker,high,11932.3,2,1.0,92740.19
city_amritsar,Amritsar,India,Central & Spiritual,42.0,18.0,26.0,31.634,74.8723,3,off-peak,7,4,mid,backpacker,medium,11357.9,2,1.0,201635.3
city_ayodhya,Ayodhya,India,Central & Spiritual,38.0,16.0,22.0,26.7922,82.1998,11,off-peak,5,2,luxury,luxury,medium,12117.0,1,1.0,112277.06
city_rann of kutch,Rann of Kutch,India,West & Rajasthan,60.0,20.0,35.0,23.8342,69.8329,4,shoulder,10,4,mid,backpacker,high,11923.4,2,1.2,292393.1
city_ahmedabad,Ahmedabad,India,West & Rajasthan,45.0,22.0,30.0,23.0225,72.5714,4,shoulder,5,3,luxury,backpacker,high,12130.9,1,1.2,248906.6
city_mumbai,Mumbai,India,West & Rajasthan,55.0,35.0,40.0,19.076,72.8777,3,off-peak,7,3,budget,explorer,low,12538.0,2,1.0,170928.86
city_delhi,Delhi,India,Central & Spiritual,50.0,28.0,38.0,28.6139,77.209,5,shoulder,21,4,luxury,luxury,medium,11754.7,3,1.2,851197.87
city_bengaluru,Bengaluru,India,South India & Western Ghats,55.0,30.0,42.0,12.9716,77.5946,10,shoulder,3,3,mid,explorer,high,13368.0,1,1.2,163406.3
city_goa,Goa,India,West & Rajasthan,45.0,20.0,35.0,15.2993,74.124,3,off-peak,21,3,luxury,luxury,low,12972.7,3,1.0,537222.79
city_udaipur,Udaipur,India,West & Rajasthan,55.0,22.0,35.0,24.5854,73.7125,4,shoulder,7,1,budget,explorer,high,12024.7,2,1.2,59283.27
city_jaipur,Jaipur,India,West & Rajasthan,40.0,18.0,30.0,26.9124,75.7873,3,off-peak,14,4,mid,luxury,low,11874.7,3,1.0,296532.45
city_manali,Manali,India,North India (Himalayas),50.0,22.0,32.0,32.2396,77.1887,8,peak,21,2,luxury,backpacker,medium,11380.5,3,1.5,354742.59
city_leh ladakh,Leh Ladakh,India,North India (Himalayas),65.0,25.0,35.0,34.1526,77.5771,5,shoulder,5,2,mid,explorer,high,11196.3,1,1.2,115292.03
city_srinagar,Srinagar,India,North India (Himalayas),55.0,20.0,35.0,34.0837,74.7973,1,off-peak,10,2,budget,explorer,high,11105.4,2,1.0,123485.35
city_shimla,Shimla,India,North India (Himalayas),48.0,20.0,30.0,31.1048,77.1734,9,shoulder,21,4,mid,luxury,medium,11496.9,3,1.2,442059.64
city_rishikesh,Rishikesh,India,North India (Himalayas),40.0,16.0,25.0,30.0869,78.2676,8,peak,5,1,luxury,backpacker,low,11640.8,1,1.5,84808.93
city_munnar,Munnar,India,South India & Western Ghats,45.0,20.0,28.0,10.0889,77.0595,5,shoulder,3,3,budget,luxury,medium,13633.1,1,1.2,156007.68
city_alleppey,Alleppey,India,South India & Western Ghats,55.0,22.0,30.0,9.4981,76.3388,12,peak,10,1,luxury,backpacker,medium,13657.3,2,1.5,176549.4
city_hampi,Hampi,India,South India & Western Ghats,38.0,14.0,22.0,15.335,76.46,9,shoulder,7,1,luxury,explorer,high,13078.1,2,1.2,95793.54
city_coorg,Coorg,India,South India & Western Ghats,52.0,22.0,32.0,12.3375,75.8069,12,peak,21,2,mid,backpacker,medium,13348.5,3,1.5,226095.66
city_pondicherry,Pondicherry,India,South India & Western Ghats,50.0,22.0,35.0,11.9416,79.8083,5,shoulder,7,1,mid,backpacker,low,13570.2,2,1.2,69643.03
city_darjeeling,Darjeeling,India,East & Northeast,46.0,18.0,28.0,27.041,88.2663,12,peak,7,4,budget,luxury,low,12262.0,2,1.5,256014.23
city_shillong,Shillong,India,East & Northeast,48.0,18.0,28.0,25.5788,91.8933,4,shoulder,5,1,luxury,explorer,high,12501.1,1,1.2,85589.34
city_kolkata,Kolkata,India,East & Northeast,45.0,20.0,26.0,22.5726,88.3639,6,peak,21,3,mid,luxury,medium,12745.7,3,1.5,469765.64
city_varanasi,Varanasi,India,Central & Spiritual,38.0,16.0,22.0,25.3176,82.9739,9,shoulder,21,1,budget,explorer,low,12297.1,3,1.2,81349.18
city_agra,Agra,India,Central & Spiritual,45.0,18.0,30.0,27.1767,78.0081,3,off-peak,21,2,budget,backpacker,high,11932.3,3,1.0,162576.76
city_amritsar,Amritsar,India,Central & Spiritual,42.0,18.0,26.0,31.634,74.8723,6,peak,5,4,mid,backpacker,high,11357.9,1,1.5,198312.97
city_ayodhya,Ayodhya,India,Central & Spiritual,38.0,16.0,22.0,26.7922,82.1998,7,peak,10,1,luxury,backpacker,medium,12117.0,2,1.5,124370.47
city_rann of kutch,Rann of Kutch,India,West & Rajasthan,60.0,20.0,35.0,23.8342,69.8329,9,shoulder,21,3,luxury,explorer,medium,11923.4,3,1.2,589781.08
city_ahmedabad,Ahmedabad,India,West & Rajasthan,45.0,22.0,30.0,23.0225,72.5714,1,off-peak,21,1,luxury,explorer,high,12130.9,3,1.0,239660.04
city_mumbai,Mumbai,India,West & Rajasthan,55.0,35.0,40.0,19.076,72.8777,11,off-peak,21,3,budget,luxury,medium,12538.0,3,1.0,363242.55
city_delhi,Delhi,India,Central & Spiritual,50.0,28.0,38.0,28.6139,77.209,4,shoulder,10,3,mid,explorer,medium,11754.7,2,1.2,252575.14
city_bengaluru,Bengaluru,India,South India & Western Ghats,55.0,30.0,42.0,12.9716,77.5946,9,shoulder,14,2,luxury,explorer,medium,13368.0,3,1.2,329531.93
city_goa,Goa,India,West & Rajasthan,45.0,20.0,35.0,15.2993,74.124,1,off-peak,3,4,budget,backpacker,low,12972.7,1,1.0,161047.2
city_udaipur,Udaipur,India,West & Rajasthan,55.0,22.0,35.0,24.5854,73.7125,8,peak,10,1,mid,backpacker,high,12024.7,2,1.5,104762.73
city_jaipur,Jaipur,India,West & Rajasthan,40.0,18.0,30.0,26.9124,75.7873,5,shoulder,5,3,budget,luxury,medium,11874.7,1,1.2,148549.93
city_manali,Manali,India,North India (Himalayas),50.0,22.0,32.0,32.2396,77.1887,5,shoulder,3,3,luxury,luxury,low,11380.5,1,1.2,192693.87
city_leh ladakh,Leh Ladakh,India,North India (Himalayas),65.0,25.0,35.0,34.1526,77.5771,12,peak,21,2,mid,luxury,low,11196.3,3,1.5,301174.25
city_srinagar,Srinagar,India,North India (Himalayas),55.0,20.0,35.0,34.0837,74.7973,12,peak,3,1,budget,explorer,low,11105.4,1,1.5,43497.26
city_shimla,Shimla,India,North India (Himalayas),48.0,20.0,30.0,31.1048,77.1734,11,off-peak,10,1,budget,luxury,medium,11496.9,2,1.0,68767.64
city_rishikesh,Rishikesh,India,North India (Himalayas),40.0,16.0,25.0,30.0869,78.2676,2,off-peak,10,2,mid,backpacker,low,11640.8,2,1.0,94918.86
city_munnar,Munnar,India,South India & Western Ghats,45.0,20.0,28.0,10.0889,77.0595,2,off-peak,3,3,mid,explorer,low,13633.1,1,1.0,153522.88
city_alleppey,Alleppey,India,South India & Western Ghats,55.0,22.0,30.0,9.4981,76.3388,7,peak,5,2,budget,luxury,high,13657.3,1,1.5,137535.01
city_hampi,Hampi,India,South India & Western Ghats,38.0,14.0,22.0,15.335,76.46,8,peak,7,2,luxury,luxury,low,13078.1,2,1.5,159811.33
city_coorg,Coorg,India,South India & Western Ghats,52.0,22.0,32.0,12.3375,75.8069,7,peak,14,4,budget,backpacker,low,13348.5,3,1.5,252600.05
city_pondicherry,Pondicherry,India,South India & Western Ghats,50.0,22.0,35.0,11.9416,79.8083,12,peak,10,3,mid,explorer,low,13570.2,2,1.5,251766.8
city_darjeeling,Darjeeling,India,East & Northeast,46.0,18.0,28.0,27.041,88.2663,4,shoulder,7,1,budget,luxury,high,12262.0,2,1.2,62984.83
city_shillong,Shillong,India,East & Northeast,48.0,18.0,28.0,25.5788,91.8933,12,peak,3,3,budget,luxury,high,12501.1,1,1.5,147894.93
city_kolkata,Kolkata,India,East & Northeast,45.0,20.0,26.0,22.5726,88.3639,9,shoulder,5,4,mid,luxury,low,12745.7,1,1.2,226230.66
city_varanasi,Varanasi,India,Central & Spiritual,38.0,16.0,22.0,25.3176,82.9739,4,shoulder,10,4,budget,backpacker,medium,12297.1,2,1.2,187085.54
city_agra,Agra,India,Central & Spiritual,45.0,18.0,30.0,27.1767,78.0081,11,off-peak,14,1,luxury,backpacker,medium,11932.3,3,1.0,141923.28
city_amritsar,Amritsar,India,Central & Spiritual,42.0,18.0,26.0,31.634,74.8723,10,shoulder,10,3,luxury,luxury,low,11357.9,2,1.2,310617.17
city_ayodhya,Ayodhya,India,Central & Spiritual,38.0,16.0,22.0,26.7922,82.1998,8,peak,3,1,luxury,backpacker,low,12117.0,1,1.5,63796.05
city_rann of kutch,Rann of Kutch,India,West & Rajasthan,60.0,20.0,35.0,23.8342,69.8329,1,off-peak,10,3,luxury,luxury,high,11923.4,2,1.0,353257.26
city_ahmedabad,Ahmedabad,India,West & Rajasthan,45.0,22.0,30.0,23.0225,72.5714,7,peak,10,4,budget,luxury,high,12130.9,2,1.5,322483.72
city_mumbai,Mumbai,India,West & Rajasthan,55.0,35.0,40.0,19.076,72.8777,2,off-peak,7,1,luxury,backpacker,low,12538.0,2,1.0,127897.75
city_delhi,Delhi,India,Central & Spiritual,50.0,28.0,38.0,28.6139,77.209,9,shoulder,7,4,luxury,luxury,high,11754.7,2,1.2,413680.43
city_bengaluru,Bengaluru,India,South India & Western Ghats,55.0,30.0,42.0,12.9716,77.5946,12,peak,10,2,budget,backpacker,low,13368.0,2,1.5,118802.53
city_goa,Goa,India,West & Rajasthan,45.0,20.0,35.0,15.2993,74.124,7,peak,3,4,luxury,luxury,low,12972.7,1,1.5,249444.92
city_udaipur,Udaipur,India,West & Rajasthan,55.0,22.0,35.0,24.5854,73.7125,12,peak,5,1,budget,luxury,low,12024.7,1,1.5,64147.24
city_jaipur,Jaipur,India,West & Rajasthan,40.0,18.0,30.0,26.9124,75.7873,12,peak,3,2,mid,explorer,high,11874.7,1,1.5,87760.29
city_manali,Manali,India,North India (Himalayas),50.0,22.0,32.0,32.2396,77.1887,5,shoulder,5,3,budget,luxury,medium,11380.5,1,1.2,155726.49
city_leh ladakh,Leh Ladakh,India,North India (Himalayas),65.0,25.0,35.0,34.1526,77.5771,12,peak,3,1,mid,explorer,medium,11196.3,1,1.5,51318.11
city_srinagar,Srinagar,India,North India (Himalayas),55.0,20.0,35.0,34.0837,74.7973,10,shoulder,21,1,mid,explorer,high,11105.4,3,1.2,144097.76
city_shimla,Shimla,India,North India (Himalayas),48.0,20.0,30.0,31.1048,77.1734,6,peak,3,4,luxury,backpacker,medium,11496.9,1,1.5,227539.28
city_rishikesh,Rishikesh,India,North India (Himalayas),40.0,16.0,25.0,30.0869,78.2676,10,shoulder,21,1,budget,luxury,high,11640.8,3,1.2,126048.32
city_munnar,Munnar,India,South India & Western Ghats,45.0,20.0,28.0,10.0889,77.0595,1,off-peak,3,1,budget,backpacker,medium,13633.1,1,1.0,43188.71
city_alleppey,Alleppey,India,South India & Western Ghats,55.0,22.0,30.0,9.4981,76.3388,3,off-peak,3,4,budget,explorer,low,13657.3,1,1.0,197156.56
city_hampi,Hampi,India,South India & Western Ghats,38.0,14.0,22.0,15.335,76.46,7,peak,21,3,mid,backpacker,high,13078.1,3,1.5,323359.32
city_coorg,Coorg,India,South India & Western Ghats,52.0,22.0,32.0,12.3375,75.8069,1,off-peak,5,2,luxury,backpacker,medium,13348.5,1,1.0,134659.21
city_pondicherry,Pondicherry,India,South India & Western Ghats,50.0,22.0,35.0,11.9416,79.8083,2,off-peak,10,3,mid,explorer,low,13570.2,2,1.0,206647.51
city_darjeeling,Darjeeling,India,East & Northeast,46.0,18.0,28.0,27.041,88.2663,4,shoulder,7,3,luxury,luxury,low,12262.0,2,1.2,260757.94
city_shillong,Shillong,India,East & Northeast,48.0,18.0,28.0,25.5788,91.8933,8,peak,7,4,budget,luxury,high,12501.1,2,1.5,272774.31
city_kolkata,Kolkata,India,East & Northeast,45.0,20.0,26.0,22.5726,88.3639,1,off-peak,10,1,budget,luxury,medium,12745.7,2,1.0,65732.87
city_varanasi,Varanasi,India,Central & Spiritual,38.0,16.0,22.0,25.3176,82.9739,11,off-peak,21,1,mid,backpacker,high,12297.1,3,1.0,105933.49
city_agra,Agra,India,Central & Spiritual,45.0,18.0,30.0,27.1767,78.0081,5,shoulder,3,2,luxury,backpacker,medium,11932.3,1,1.2,107425.31
city_amritsar,Amritsar,India,Central & Spiritual,42.0,18.0,26.0,31.634,74.8723,8,peak,3,2,luxury,explorer,low,11357.9,1,1.5,108324.28
city_ayodhya,Ayodhya,India,Central & Spiritual,38.0,16.0,22.0,26.7922,82.1998,9,shoulder,10,3,mid,luxury,low,12117.0,2,1.2,209371.7
city_rann of kutch,Rann of Kutch,India,West & Rajasthan,60.0,20.0,35.0,23.8342,69.8329,10,shoulder,3,2,luxury,explorer,low,11923.4,1,1.2,103539.75
city_ahmedabad,Ahmedabad,India,West & Rajasthan,45.0,22.0,30.0,23.0225,72.5714,11,off-peak,5,2,mid,explorer,medium,12130.9,1,1.0,99450.24
city_mumbai,Mumbai,India,West & Rajasthan,55.0,35.0,40.0,19.076,72.8777,7,peak,21,3,mid,explorer,medium,12538.0,3,1.5,516274.03
city_delhi,Delhi,India,Central & Spiritual,50.0,28.0,38.0,28.6139,77.209,3,off-peak,14,1,budget,backpacker,low,11754.7,3,1.0,70778.28
city_bengaluru,Bengaluru,India,South India & Western Ghats,55.0,30.0,42.0,12.9716,77.5946,8,peak,10,3,mid,backpacker,high,13368.0,2,1.5,277542.31
city_goa,Goa,India,West & Rajasthan,45.0,20.0,35.0,15.2993,74.124,8,peak,7,4,mid,backpacker,low,12972.7,2,1.5,246970.62
city_udaipur,Udaipur,India,West & Rajasthan,55.0,22.0,35.0,24.5854,73.7125,3,off-peak,21,3,luxury,luxury,high,12024.7,3,1.0,701390.91
city_jaipur,Jaipur,India,West & Rajasthan,40.0,18.0,30.0,26.9124,75.7873,6,peak,5,1,luxury,backpacker,medium,11874.7,1,1.5,91376.04
city_manali,Manali,India,North India (Himalayas),50.0,22.0,32.0,32.2396,77.1887,7,peak,14,1,luxury,explorer,medium,11380.5,3,1.5,224512.55
city_leh ladakh,Leh Ladakh,India,North India (Himalayas),65.0,25.0,35.0,34.1526,77.5771,7,peak,10,2,budget,explorer,low,11196.3,2,1.5,112149.0
city_srinagar,Srinagar,India,North India (Himalayas),55.0,20.0,35.0,34.0837,74.7973,3,off-peak,3,1,budget,backpacker,low,11105.4,1,1.0,39230.3
city_shimla,Shimla,India,North India (Himalayas),48.0,20.0,30.0,31.1048,77.1734,11,off-peak,21,1,luxury,luxury,medium,11496.9,3,1.0,241327.85
city_rishikesh,Rishikesh,India,North India (Himalayas),40.0,16.0,25.0,30.0869,78.2676,2,off-peak,3,1,budget,luxury,medium,11640.8,1,1.0,43978.19
city_munnar,Munnar,India,South India & Western Ghats,45.0,20.0,28.0,10.0889,77.0595,6,peak,3,1,mid,backpacker,low,13633.1,1,1.5,52929.31
city_alleppey,Alleppey,India,South India & Western Ghats,55.0,22.0,30.0,9.4981,76.3388,10,shoulder,10,4,mid,backpacker,medium,13657.3,2,1.2,267403.28
city_hampi,Hampi,India,South India & Western Ghats,38.0,14.0,22.0,15.335,76.46,4,shoulder,5,3,mid,explorer,low,13078.1,1,1.2,147404.14
city_coorg,Coorg,India,South India & Western Ghats,52.0,22.0,32.0,12.3375,75.8069,1,off-peak,14,2,luxury,explorer,medium,13348.5,3,1.0,215592.15
city_pondicherry,Pondicherry,India,South India & Western Ghats,50.0,22.0,35.0,11.9416,79.8083,1,off-peak,3,3,mid,backpacker,medium,13570.2,1,1.0,152771.6
city_darjeeling,Darjeeling,India,East & Northeast,46.0,18.0,28.0,27.041,88.2663,4,shoulder,21,2,luxury,luxury,low,12262.0,3,1.2,349104.39
city_shillong,Shillong,India,East & Northeast,48.0,18.0,28.0,25.5788,91.8933,6,peak,10,4,mid,luxury,high,12501.1,2,1.5,362297.23
city_kolkata,Kolkata,India,East & Northeast,45.0,20.0,26.0,22.5726,88.3639,6,peak,10,3,budget,backpacker,medium,12745.7,2,1.5,174244.79
city_varanasi,Varanasi,India,Central & Spiritual,38.0,16.0,22.0,25.3176,82.9739,5,shoulder,3,4,luxury,explorer,high,12297.1,1,1.2,212157.99
city_agra,Agra,India,Central & Spiritual,45.0,18.0,30.0,27.1767,78.0081,4,shoulder,5,1,budget,luxury,low,11932.3,1,1.2,51722.31
city_amritsar,Amritsar,India,Central & Spiritual,42.0,18.0,26.0,31.634,74.8723,12,peak,3,2,luxury,explorer,medium,11357.9,1,1.5,116872.12
city_ayodhya,Ayodhya,India,Central & Spiritual,38.0,16.0,22.0,26.7922,82.1998,3,off-peak,5,2,luxury,explorer,high,12117.0,1,1.0,116414.13
city_rann of kutch,Rann of Kutch,India,West & Rajasthan,60.0,20.0,35.0,23.8342,69.8329,1,off-peak,21,3,luxury,luxury,low,11923.4,3,1.0,483028.75
city_ahmedabad,Ahmedabad,India,West & Rajasthan,45.0,22.0,30.0,23.0225,72.5714,10,shoulder,5,4,luxury,explorer,low,12130.9,1,1.2,256064.38
city_mumbai,Mumbai,India,West & Rajasthan,55.0,35.0,40.0,19.076,72.8777,4,shoulder,14,2,budget,luxury,medium,12538.0,3,1.2,194646.77
city_delhi,Delhi,India,Central & Spiritual,50.0,28.0,38.0,28.6139,77.209,1,off-peak,7,2,budget,explorer,high,11754.7,2,1.0,117077.94
city_bengaluru,Bengaluru,India,South India & Western Ghats,55.0,30.0,42.0,12.9716,77.5946,6,peak,3,1,budget,luxury,high,13368.0,1,1.5,65824.35
city_goa,Goa,India,West & Rajasthan,45.0,20.0,35.0,15.2993,74.124,3,off-peak,3,3,budget,explorer,high,12972.7,1,1.0,149630.44
city_udaipur,Udaipur,India,West & Rajasthan,55.0,22.0,35.0,24.5854,73.7125,2,off-peak,7,3,mid,backpacker,low,12024.7,2,1.0,157565.07
city_jaipur,Jaipur,India,West & Rajasthan,40.0,18.0,30.0,26.9124,75.7873,12,peak,10,4,luxury,explorer,low,11874.7,2,1.5,379798.09
city_manali,Manali,India,North India (Himalayas),50.0,22.0,32.0,32.2396,77.1887,10,shoulder,7,2,luxury,luxury,low,11380.5,2,1.2,156730.84
city_leh ladakh,Leh Ladakh,India,North India (Himalayas),65.0,25.0,35.0,34.1526,77.5771,7,peak,7,3,budget,backpacker,high,11196.3,2,1.5,181828.84
city_srinagar,Srinagar,India,North India (Himalayas),55.0,20.0,35.0,34.0837,74.7973,10,shoulder,10,1,budget,luxury,medium,11105.4,2,1.2,74360.38
city_shimla,Shimla,India,North India (Himalayas),48.0,20.0,30.0,31.1048,77.1734,10,shoulder,5,1,mid,backpacker,medium,11496.9,1,1.2,54742.31
city_rishikesh,Rishikesh,India,North India (Himalayas),40.0,16.0,25.0,30.0869,78.2676,6,peak,5,1,luxury,luxury,high,11640.8,1,1.5,91216.99
city_munnar,Munnar,India,South India & Western Ghats,45.0,20.0,28.0,10.0889,77.0595,12,peak,7,4,budget,explorer,low,13633.1,2,1.5,218026.66
city_alleppey,Alleppey,India,South India & Western Ghats,55.0,22.0,30.0,9.4981,76.3388,5,shoulder,3,1,budget,explorer,medium,13657.3,1,1.2,50067.12
city_hampi,Hampi,India,South India & Western Ghats,38.0,14.0,22.0,15.335,76.46,12,peak,10,2,mid,explorer,medium,13078.1,2,1.5,129048.76
city_coorg,Coorg,India,South India & Western Ghats,52.0,22.0,32.0,12.3375,75.8069,8,peak,14,2,budget,explorer,low,13348.5,3,1.5,145875.98
city_pondicherry,Pondicherry,India,South India & Western Ghats,50.0,22.0,35.0,11.9416,79.8083,1,off-peak,7,1,mid,explorer,low,13570.2,2,1.0,68731.5
city_darjeeling,Darjeeling,India,East & Northeast,46.0,18.0,28.0,27.041,88.2663,7,peak,5,1,luxury,backpacker,medium,12262.0,1,1.5,91391.05
city_shillong,Shillong,India,East & Northeast,48.0,18.0,28.0,25.5788,91.8933,10,shoulder,14,4,luxury,backpacker,medium,12501.1,3,1.2,433720.03
city_kolkata,Kolkata,India,East & Northeast,45.0,20.0,26.0,22.5726,88.3639,7,peak,5,1,budget,explorer,low,12745.7,1,1.5,50624.31
city_varanasi,Varanasi,India,Central & Spiritual,38.0,16.0,22.0,25.3176,82.9739,4,shoulder,10,3,luxury,explorer,medium,12297.1,2,1.2,284958.7
city_agra,Agra,India,Central & Spiritual,45.0,18.0,30.0,27.1767,78.0081,10,shoulder,14,4,budget,backpacker,medium,11932.3,3,1.2,236350.62
city_amritsar,Amritsar,India,Central & Spiritual,42.0,18.0,26.0,31.634,74.8723,1,off-peak,10,1,mid,luxury,high,11357.9,2,1.0,82222.91
city_ayodhya,Ayodhya,India,Central & Spiritual,38.0,16.0,22.0,26.7922,82.1998,1,off-peak,5,2,luxury,explorer,low,12117.0,1,1.0,107088.67
city_rann of kutch,Rann of Kutch,India,West & Rajasthan,60.0,20.0,35.0,23.8342,69.8329,8,peak,3,3,mid,explorer,medium,11923.4,1,1.5,151912.03
city_ahmedabad,Ahmedabad,India,West & Rajasthan,45.0,22.0,30.0,23.0225,72.5714,11,off-peak,14,4,budget,explorer,medium,12130.9,3,1.0,245452.3
city_mumbai,Mumbai,India,West & Rajasthan,55.0,35.0,40.0,19.076,72.8777,6,peak,5,4,budget,explorer,medium,12538.0,1,1.5,209464.39
city_delhi,Delhi,India,Central & Spiritual,50.0,28.0,38.0,28.6139,77.209,5,shoulder,14,1,budget,luxury,high,11754.7,3,1.2,112463.59
city_bengaluru,Bengaluru,India,South India & Western Ghats,55.0,30.0,42.0,12.9716,77.5946,2,off-peak,3,3,luxury,explorer,high,13368.0,1,1.0,205876.02
city_goa,Goa,India,West & Rajasthan,45.0,20.0,35.0,15.2993,74.124,7,peak,14,4,luxury,luxury,medium,12972.7,3,1.5,659984.4
city_udaipur,Udaipur,India,West & Rajasthan,55.0,22.0,35.0,24.5854,73.7125,10,shoulder,5,4,mid,backpacker,medium,12024.7,1,1.2,213644.96
city_jaipur,Jaipur,India,West & Rajasthan,40.0,18.0,30.0,26.9124,75.7873,9,shoulder,14,2,budget,explorer,low,11874.7,3,1.2,111591.29
city_manali,Manali,India,North India (Himalayas),50.0,22.0,32.0,32.2396,77.1887,3,off-peak,5,2,budget,backpacker,medium,11380.5,1,1.0,90273.25
city_leh ladakh,Leh Ladakh,India,North India (Himalayas),65.0,25.0,35.0,34.1526,77.5771,4,shoulder,21,2,luxury,explorer,medium,11196.3,3,1.2,371280.12
city_srinagar,Srinagar,India,North India (Himalayas),55.0,20.0,35.0,34.0837,74.7973,12,peak,3,1,mid,luxury,medium,11105.4,1,1.5,50146.14
city_shimla,Shimla,India,North India (Himalayas),48.0,20.0,30.0,31.1048,77.1734,9,shoulder,10,1,luxury,luxury,high,11496.9,2,1.2,147954.08
city_rishikesh,Rishikesh,India,North India (Himalayas),40.0,16.0,25.0,30.0869,78.2676,9,shoulder,10,1,mid,backpacker,low,11640.8,2,1.2,60636.51
city_munnar,Munnar,India,South India & Western Ghats,45.0,20.0,28.0,10.0889,77.0595,2,off-peak,3,1,mid,luxury,medium,13633.1,1,1.0,53272.41
city_alleppey,Alleppey,India,South India & Western Ghats,55.0,22.0,30.0,9.4981,76.3388,7,peak,7,4,luxury,explorer,high,13657.3,2,1.5,391070.14
city_hampi,Hampi,India,South India & Western Ghats,38.0,14.0,22.0,15.335,76.46,5,shoulder,10,2,luxury,luxury,high,13078.1,2,1.2,192976.33
city_coorg,Coorg,India,South India & Western Ghats,52.0,22.0,32.0,12.3375,75.8069,12,peak,10,1,mid,explorer,high,13348.5,2,1.5,105975.1
city_pondicherry,Pondicherry,India,South India & Western Ghats,50.0,22.0,35.0,11.9416,79.8083,5,shoulder,7,1,mid,explorer,medium,13570.2,2,1.2,80731.07
city_darjeeling,Darjeeling,India,East & Northeast,46.0,18.0,28.0,27.041,88.2663,5,shoulder,10,1,budget,backpacker,medium,12262.0,2,1.2,60449.69
city_shillong,Shillong,India,East & Northeast,48.0,18.0,28.0,25.5788,91.8933,6,peak,7,4,luxury,luxury,low,12501.1,2,1.5,352093.65
city_kolkata,Kolkata,India,East & Northeast,45.0,20.0,26.0,22.5726,88.3639,4,shoulder,10,2,mid,luxury,medium,12745.7,2,1.2,154012.76
city_varanasi,Varanasi,India,Central & Spiritual,38.0,16.0,22.0,25.3176,82.9739,1,off-peak,14,2,budget,explorer,high,12297.1,3,1.0,124634.79
city_agra,Agra,India,Central & Spiritual,45.0,18.0,30.0,27.1767,78.0081,9,shoulder,10,2,luxury,luxury,low,11932.3,2,1.2,201679.57
city_amritsar,Amritsar,India,Central & Spiritual,42.0,18.0,26.0,31.634,74.8723,4,shoulder,3,2,budget,explorer,low,11357.9,1,1.2,85183.32
city_ayodhya,Ayodhya,India,Central & Spiritual,38.0,16.0,22.0,26.7922,82.1998,6,peak,21,2,mid,explorer,medium,12117.0,3,1.5,180691.73
city_rann of kutch,Rann of Kutch,India,West & Rajasthan,60.0,20.0,35.0,23.8342,69.8329,2,off-peak,21,1,budget,explorer,medium,11923.4,3,1.0,86177.98
city_ahmedabad,Ahmedabad,India,West & Rajasthan,45.0,22.0,30.0,23.0225,72.5714,10,shoulder,10,2,mid,luxury,high,12130.9,2,1.2,169784.59
city_mumbai,Mumbai,India,West & Rajasthan,55.0,35.0,40.0,19.076,72.8777,5,shoulder,21,1,mid,backpacker,medium,12538.0,3,1.2,173593.94
city_delhi,Delhi,India,Central & Spiritual,50.0,28.0,38.0,28.6139,77.209,1,off-peak,5,2,budget,luxury,low,11754.7,1,1.0,99369.6
city_bengaluru,Bengaluru,India,South India & Western Ghats,55.0,30.0,42.0,12.9716,77.5946,7,peak,14,1,luxury,backpacker,medium,13368.0,3,1.5,270439.1
city_goa,Goa,India,West & Rajasthan,45.0,20.0,35.0,15.2993,74.124,3,off-peak,21,2,luxury,backpacker,low,12972.7,3,1.0,253043.25
city_udaipur,Udaipur,India,West & Rajasthan,55.0,22.0,35.0,24.5854,73.7125,5,shoulder,21,3,mid,explorer,medium,12024.7,3,1.2,378282.97
city_jaipur,Jaipur,India,West & Rajasthan,40.0,18.0,30.0,26.9124,75.7873,8,peak,7,2,mid,explorer,high,11874.7,2,1.5,120522.55
city_manali,Manali,India,North India (Himalayas),50.0,22.0,32.0,32.2396,77.1887,10,shoulder,3,1,luxury,luxury,medium,11380.5,1,1.2,70032.61
city_leh ladakh,Leh Ladakh,India,North India (Himalayas),65.0,25.0,35.0,34.1526,77.5771,9,shoulder,21,3,mid,luxury,low,11196.3,3,1.2,396267.95
city_srinagar,Srinagar,India,North India (Himalayas),55.0,20.0,35.0,34.0837,74.7973,5,shoulder,21,3,mid,explorer,high,11105.4,3,1.2,376289.53
city_shimla,Shimla,India,North India (Himalayas),48.0,20.0,30.0,31.1048,77.1734,12,peak,21,3,budget,backpacker,high,11496.9,3,1.5,286849.27
city_rishikesh,Rishikesh,India,North India (Himalayas),40.0,16.0,25.0,30.0869,78.2676,10,shoulder,10,3,luxury,backpacker,high,11640.8,2,1.2,262073.48
city_munnar,Munnar,India,South India & Western Ghats,45.0,20.0,28.0,10.0889,77.0595,1,off-peak,21,4,mid,explorer,medium,13633.1,3,1.0,350396.58
city_alleppey,Alleppey,India,South India & Western Ghats,55.0,22.0,30.0,9.4981,76.3388,10,shoulder,21,2,mid,luxury,high,13657.3,3,1.2,303959.72
city_hampi,Hampi,India,South India & Western Ghats,38.0,14.0,22.0,15.335,76.46,4,shoulder,21,4,luxury,explorer,high,13078.1,3,1.2,570009.29
city_coorg,Coorg,India,South India & Western Ghats,52.0,22.0,32.0,12.3375,75.8069,11,off-peak,14,2,mid,backpacker,medium,13348.5,3,1.0,150507.65
city_pondicherry,Pondicherry,India,South India & Western Ghats,50.0,22.0,35.0,11.9416,79.8083,3,off-peak,21,3,luxury,luxury,low,13570.2,3,1.0,641852.28
city_darjeeling,Darjeeling,India,East & Northeast,46.0,18.0,28.0,27.041,88.2663,11,off-peak,3,2,mid,backpacker,high,12262.0,1,1.0,87964.27
city_shillong,Shillong,India,East & Northeast,48.0,18.0,28.0,25.5788,91.8933,5,shoulder,10,3,mid,explorer,high,12501.1,2,1.2,225268.84
city_kolkata,Kolkata,India,East & Northeast,45.0,20.0,26.0,22.5726,88.3639,8,peak,3,1,mid,backpacker,high,12745.7,1,1.5,60045.59
city_varanasi,Varanasi,India,Central & Spiritual,38.0,16.0,22.0,25.3176,82.9739,2,off-peak,21,4,luxury,explorer,medium,12297.1,3,1.0,527774.46
city_agra,Agra,India,Central & Spiritual,45.0,18.0,30.0,27.1767,78.0081,3,off-peak,5,3,mid,luxury,medium,11932.3,1,1.0,170117.46
city_amritsar,Amritsar,India,Central & Spiritual,42.0,18.0,26.0,31.634,74.8723,3,off-peak,7,2,budget,explorer,medium,11357.9,2,1.0,90744.33
city_ayodhya,Ayodhya,India,Central & Spiritual,38.0,16.0,22.0,26.7922,82.1998,11,off-peak,3,1,mid,explorer,low,12117.0,1,1.0,43796.35
city_rann of kutch,Rann of Kutch,India,West & Rajasthan,60.0,20.0,35.0,23.8342,69.8329,3,off-peak,14,2,mid,backpacker,low,11923.4,3,1.0,118083.89
city_ahmedabad,Ahmedabad,India,West & Rajasthan,45.0,22.0,30.0,23.0225,72.5714,7,peak,10,4,mid,backpacker,low,12130.9,2,1.5,245830.65
city_mumbai,Mumbai,India,West & Rajasthan,55.0,35.0,40.0,19.076,72.8777,9,shoulder,5,3,budget,explorer,high,12538.0,1,1.2,175583.51
city_delhi,Delhi,India,Central & Spiritual,50.0,28.0,38.0,28.6139,77.209,11,off-peak,21,2,budget,luxury,medium,11754.7,3,1.0,227867.08
city_bengaluru,Bengaluru,India,South India & Western Ghats,55.0,30.0,42.0,12.9716,77.5946,5,shoulder,5,1,mid,luxury,high,13368.0,1,1.2,82165.71
city_goa,Goa,India,West & Rajasthan,45.0,20.0,35.0,15.2993,74.124,1,off-peak,7,3,mid,luxury,high,12972.7,2,1.0,224603.24
city_udaipur,Udaipur,India,West & Rajasthan,55.0,22.0,35.0,24.5854,73.7125,10,shoulder,14,3,mid,luxury,low,12024.7,3,1.2,287532.69
city_jaipur,Jaipur,India,West & Rajasthan,40.0,18.0,30.0,26.9124,75.7873,6,peak,5,2,mid,backpacker,low,11874.7,1,1.5,104842.94
city_manali,Manali,India,North India (Himalayas),50.0,22.0,32.0,32.2396,77.1887,4,shoulder,21,2,budget,luxury,low,11380.5,3,1.2,188506.71
city_leh ladakh,Leh Ladakh,India,North India (Himalayas),65.0,25.0,35.0,34.1526,77.5771,6,peak,21,1,mid,luxury,medium,11196.3,3,1.5,199639.05
city_srinagar,Srinagar,India,North India (Himalayas),55.0,20.0,35.0,34.0837,74.7973,9,shoulder,14,1,luxury,backpacker,high,11105.4,3,1.2,191331.68
city_shimla,Shimla,India,North India (Himalayas),48.0,20.0,30.0,31.1048,77.1734,1,off-peak,21,1,mid,explorer,medium,11496.9,3,1.0,120981.78
city_rishikesh,Rishikesh,India,North India (Himalayas),40.0,16.0,25.0,30.0869,78.2676,2,off-peak,14,3,mid,luxury,low,11640.8,3,1.0,232984.52
city_munnar,Munnar,India,South India & Western Ghats,45.0,20.0,28.0,10.0889,77.0595,1,off-peak,7,4,luxury,backpacker,high,13633.1,2,1.0,333203.07
city_alleppey,Alleppey,India,South India & Western Ghats,55.0,22.0,30.0,9.4981,76.3388,9,shoulder,7,2,mid,backpacker,high,13657.3,2,1.2,129270.79
city_hampi,Hampi,India,South India & Western Ghats,38.0,14.0,22.0,15.335,76.46,2,off-peak,3,4,budget,luxury,low,13078.1,1,1.0,174581.78
city_coorg,Coorg,India,South India & Western Ghats,52.0,22.0,32.0,12.3375,75.8069,5,shoulder,14,2,mid,luxury,medium,13348.5,3,1.2,201234.4
city_pondicherry,Pondicherry,India,South India & Western Ghats,50.0,22.0,35.0,11.9416,79.8083,8,peak,5,4,mid,backpacker,low,13570.2,1,1.5,223385.22
city_darjeeling,Darjeeling,India,East & Northeast,46.0,18.0,28.0,27.041,88.2663,1,off-peak,21,1,budget,luxury,high,12262.0,3,1.0,101736.82
city_shillong,Shillong,India,East & Northeast,48.0,18.0,28.0,25.5788,91.8933,9,shoulder,3,1,mid,luxury,low,12501.1,1,1.2,52107.9
city_kolkata,Kolkata,India,East & Northeast,45.0,20.0,26.0,22.5726,88.3639,8,peak,7,3,mid,backpacker,low,12745.7,2,1.5,188063.09
city_varanasi,Varanasi,India,Central & Spiritual,38.0,16.0,22.0,25.3176,82.9739,5,shoulder,7,3,mid,luxury,low,12297.1,2,1.2,162823.67
city_agra,Agra,India,Central & Spiritual,45.0,18.0,30.0,27.1767,78.0081,2,off-peak,3,1,budget,luxury,high,11932.3,1,1.0,48867.06
city_amritsar,Amritsar,India,Central & Spiritual,42.0,18.0,26.0,31.634,74.8723,8,peak,14,3,luxury,backpacker,medium,11357.9,3,1.5,432511.97
city_ayodhya,Ayodhya,India,Central & Spiritual,38.0,16.0,22.0,26.7922,82.1998,6,peak,5,1,mid,explorer,medium,12117.0,1,1.5,57943.9
city_rann of kutch,Rann of Kutch,India,West & Rajasthan,60.0,20.0,35.0,23.8342,69.8329,8,peak,10,2,budget,backpacker,high,11923.4,2,1.5,132655.17
city_ahmedabad,Ahmedabad,India,West & Rajasthan,45.0,22.0,30.0,23.0225,72.5714,12,peak,3,2,budget,explorer,high,12130.9,1,1.5,86879.94
city_mumbai,Mumbai,India,West & Rajasthan,55.0,35.0,40.0,19.076,72.8777,8,peak,5,4,mid,luxury,low,12538.0,1,1.5,287638.63
city_delhi,Delhi,India,Central & Spiritual,50.0,28.0,38.0,28.6139,77.209,11,off-peak,21,2,mid,explorer,low,11754.7,3,1.0,198614.17
city_bengaluru,Bengaluru,India,South India & Western Ghats,55.0,30.0,42.0,12.9716,77.5946,2,off-peak,7,3,budget,luxury,high,13368.0,2,1.0,209892.61
city_goa,Goa,India,West & Rajasthan,45.0,20.0,35.0,15.2993,74.124,9,shoulder,21,2,luxury,explorer,high,12972.7,3,1.2,328447.29
city_udaipur,Udaipur,India,West & Rajasthan,55.0,22.0,35.0,24.5854,73.7125,2,off-peak,10,2,mid,explorer,high,12024.7,2,1.0,142519.54
city_jaipur,Jaipur,India,West & Rajasthan,40.0,18.0,30.0,26.9124,75.7873,11,off-peak,21,4,budget,luxury,high,11874.7,3,1.0,463793.22
city_manali,Manali,India,North India (Himalayas),50.0,22.0,32.0,32.2396,77.1887,3,off-peak,14,4,mid,backpacker,low,11380.5,3,1.0,254073.76
city_leh ladakh,Leh Ladakh,India,North India (Himalayas),65.0,25.0,35.0,34.1526,77.5771,8,peak,7,2,mid,explorer,low,11196.3,2,1.5,113299.48
city_srinagar,Srinagar,India,North India (Himalayas),55.0,20.0,35.0,34.0837,74.7973,7,peak,10,2,budget,explorer,medium,11105.4,2,1.5,119161.32
city_shimla,Shimla,India,North India (Himalayas),48.0,20.0,30.0,31.1048,77.1734,10,shoulder,10,1,mid,explorer,medium,11496.9,2,1.2,82331.54
city_rishikesh,Rishikesh,India,North India (Himalayas),40.0,16.0,25.0,30.0869,78.2676,11,off-peak,3,1,mid,explorer,low,11640.8,1,1.0,45443.71
city_munnar,Munnar,India,South India & Western Ghats,45.0,20.0,28.0,10.0889,77.0595,9,shoulder,14,1,budget,luxury,high,13633.1,3,1.2,94635.6
city_alleppey,Alleppey,India,South India & Western Ghats,55.0,22.0,30.0,9.4981,76.3388,9,shoulder,5,4,mid,explorer,low,13657.3,1,1.2,200689.5
city_hampi,Hampi,India,South India & Western Ghats,38.0,14.0,22.0,15.335,76.46,4,shoulder,10,3,luxury,luxury,high,13078.1,2,1.2,298235.2
city_coorg,Coorg,India,South India & Western Ghats,52.0,22.0,32.0,12.3375,75.8069,12,peak,10,1,budget,luxury,low,13348.5,2,1.5,84957.39
city_pondicherry,Pondicherry,India,South India & Western Ghats,50.0,22.0,35.0,11.9416,79.8083,1,off-peak,7,3,luxury,explorer,high,13570.2,2,1.0,255863.23
city_darjeeling,Darjeeling,India,East & Northeast,46.0,18.0,28.0,27.041,88.2663,1,off-peak,5,4,budget,luxury,high,12262.0,1,1.0,213126.47
city_shillong,Shillong,India,East & Northeast,48.0,18.0,28.0,25.5788,91.8933,12,peak,10,1,mid,luxury,low,12501.1,2,1.5,100030.39
city_kolkata,Kolkata,India,East & Northeast,45.0,20.0,26.0,22.5726,88.3639,7,peak,5,4,budget,luxury,medium,12745.7,1,1.5,247162.32
city_varanasi,Varanasi,India,Central & Spiritual,38.0,16.0,22.0,25.3176,82.9739,2,off-peak,10,1,luxury,luxury,high,12297.1,2,1.0,128327.66
city_agra,Agra,India,Central & Spiritual,45.0,18.0,30.0,27.1767,78.0081,8,peak,21,2,mid,backpacker,high,11932.3,3,1.5,238301.61
city_amritsar,Amritsar,India,Central & Spiritual,42.0,18.0,26.0,31.634,74.8723,12,peak,3,4,luxury,explorer,high,11357.9,1,1.5,227893.56
city_ayodhya,Ayodhya,India,Central & Spiritual,38.0,16.0,22.0,26.7922,82.1998,12,peak,14,2,luxury,backpacker,low,12117.0,3,1.5,186621.76
city_rann of kutch,Rann of Kutch,India,West & Rajasthan,60.0,20.0,35.0,23.8342,69.8329,7,peak,21,3,luxury,explorer,medium,11923.4,3,1.5,743802.56
city_ahmedabad,Ahmedabad,India,West & Rajasthan,45.0,22.0,30.0,23.0225,72.5714,4,shoulder,7,4,mid,explorer,medium,12130.9,2,1.2,230469.11
city_mumbai,Mumbai,India,West & Rajasthan,55.0,35.0,40.0,19.076,72.8777,3,off-peak,5,4,luxury,luxury,high,12538.0,1,1.0,312917.96
city_delhi,Delhi,India,Central & Spiritual,50.0,28.0,38.0,28.6139,77.209,9,shoulder,7,2,budget,backpacker,high,11754.7,2,1.2,108459.81
city_bengaluru,Bengaluru,India,South India & Western Ghats,55.0,30.0,42.0,12.9716,77.5946,12,peak,7,3,luxury,backpacker,high,13368.0,2,1.5,357854.23
city_goa,Goa,India,West & Rajasthan,45.0,20.0,35.0,15.2993,74.124,9,shoulder,14,3,luxury,backpacker,medium,12972.7,3,1.2,360125.24
city_udaipur,Udaipur,India,West & Rajasthan,55.0,22.0,35.0,24.5854,73.7125,9,shoulder,10,4,luxury,luxury,high,12024.7,2,1.2,468682.56
city_jaipur,Jaipur,India,West & Rajasthan,40.0,18.0,30.0,26.9124,75.7873,1,off-peak,14,1,budget,explorer,low,11874.7,3,1.0,66729.14
city_manali,Manali,India,North India (Himalayas),50.0,22.0,32.0,32.2396,77.1887,1,off-peak,21,1,budget,explorer,low,11380.5,3,1.0,82628.59
city_leh ladakh,Leh Ladakh,India,North India (Himalayas),65.0,25.0,35.0,34.1526,77.5771,3,off-peak,3,3,budget,luxury,low,11196.3,1,1.0,127765.27
city_srinagar,Srinagar,India,North India (Himalayas),55.0,20.0,35.0,34.0837,74.7973,6,peak,10,1,luxury,luxury,high,11105.4,2,1.5,175775.9
city_shimla,Shimla,India,North India (Himalayas),48.0,20.0,30.0,31.1048,77.1734,11,off-peak,14,4,budget,luxury,high,11496.9,3,1.0,331426.62
city_rishikesh,Rishikesh,India,North India (Himalayas),40.0,16.0,25.0,30.0869,78.2676,5,shoulder,21,1,mid,explorer,medium,11640.8,3,1.2,127338.03
city_munnar,Munnar,India,South India & Western Ghats,45.0,20.0,28.0,10.0889,77.0595,6,peak,14,1,budget,luxury,medium,13633.1,3,1.5,97598.78
city_alleppey,Alleppey,India,South India & Western Ghats,55.0,22.0,30.0,9.4981,76.3388,4,shoulder,14,4,budget,luxury,high,13657.3,3,1.2,382049.82
city_hampi,Hampi,India,South India & Western Ghats,38.0,14.0,22.0,15.335,76.46,10,shoulder,14,2,luxury,backpacker,medium,13078.1,3,1.2,179505.47
city_coorg,Coorg,India,South India & Western Ghats,52.0,22.0,32.0,12.3375,75.8069,8,peak,5,1,budget,backpacker,high,13348.5,1,1.5,54694.48
city_pondicherry,Pondicherry,India,South India & Western Ghats,50.0,22.0,35.0,11.9416,79.8083,7,peak,7,3,budget,backpacker,high,13570.2,2,1.5,185024.32
city_darjeeling,Darjeeling,India,East & Northeast,46.0,18.0,28.0,27.041,88.2663,5,shoulder,3,3,mid,luxury,low,12262.0,1,1.2,162064.97
city_shillong,Shillong,India,East & Northeast,48.0,18.0,28.0,25.5788,91.8933,10,shoulder,3,3,mid,luxury,high,12501.1,1,1.2,162706.86
city_kolkata,Kolkata,India,East & Northeast,45.0,20.0,26.0,22.5726,88.3639,6,peak,3,3,luxury,backpacker,low,12745.7,1,1.5,168818.8
city_varanasi,Varanasi,India,Central & Spiritual,38.0,16.0,22.0,25.3176,82.9739,3,off-peak,10,4,budget,explorer,low,12297.1,2,1.0,192242.62
city_agra,Agra,India,Central & Spiritual,45.0,18.0,30.0,27.1767,78.0081,4,shoulder,21,3,mid,explorer,medium,11932.3,3,1.2,318028.1
city_amritsar,Amritsar,India,Central & Spiritual,42.0,18.0,26.0,31.634,74.8723,9,shoulder,10,1,budget,luxury,medium,11357.9,2,1.2,73552.43
city_ayodhya,Ayodhya,India,Central & Spiritual,38.0,16.0,22.0,26.7922,82.1998,8,peak,5,2,budget,luxury,medium,12117.0,1,1.5,96722.23
city_rann of kutch,Rann of Kutch,India,West & Rajasthan,60.0,20.0,35.0,23.8342,69.8329,2,off-peak,10,3,luxury,luxury,medium,11923.4,2,1.0,345513.28
city_ahmedabad,Ahmedabad,India,West & Rajasthan,45.0,22.0,30.0,23.0225,72.5714,1,off-peak,14,3,luxury,luxury,medium,12130.9,3,1.0,404846.11
city_mumbai,Mumbai,India,West & Rajasthan,55.0,35.0,40.0,19.076,72.8777,11,off-peak,5,3,luxury,backpacker,low,12538.0,1,1.0,248027.56
city_delhi,Delhi,India,Central & Spiritual,50.0,28.0,38.0,28.6139,77.209,3,off-peak,14,1,luxury,backpacker,low,11754.7,3,1.0,175237.1
city_bengaluru,Bengaluru,India,South India & Western Ghats,55.0,30.0,42.0,12.9716,77.5946,11,off-peak,10,1,budget,luxury,high,13368.0,2,1.0,83962.97
city_goa,Goa,India,West & Rajasthan,45.0,20.0,35.0,15.2993,74.124,12,peak,10,1,luxury,luxury,low,12972.7,2,1.5,189283.68
city_udaipur,Udaipur,India,West & Rajasthan,55.0,22.0,35.0,24.5854,73.7125,1,off-peak,3,1,budget,backpacker,medium,12024.7,1,1.0,43152.99
city_jaipur,Jaipur,India,West & Rajasthan,40.0,18.0,30.0,26.9124,75.7873,9,shoulder,3,2,mid,explorer,medium,11874.7,1,1.2,84641.51
city_manali,Manali,India,North India (Himalayas),50.0,22.0,32.0,32.2396,77.1887,6,peak,3,4,luxury,backpacker,high,11380.5,1,1.5,235238.37
city_leh ladakh,Leh Ladakh,India,North India (Himalayas),65.0,25.0,35.0,34.1526,77.5771,1,off-peak,21,1,luxury,luxury,low,11196.3,3,1.0,262020.58
city_srinagar,Srinagar,India,North India (Himalayas),55.0,20.0,35.0,34.0837,74.7973,9,shoulder,3,3,luxury,explorer,high,11105.4,1,1.2,170543.76
city_shimla,Shimla,India,North India (Himalayas),48.0,20.0,30.0,31.1048,77.1734,2,off-peak,7,4,mid,explorer,high,11496.9,2,1.0,239589.33
city_rishikesh,Rishikesh,India,North India (Himalayas),40.0,16.0,25.0,30.0869,78.2676,4,shoulder,5,4,luxury,explorer,high,11640.8,1,1.2,252586.54
city_munnar,Munnar,India,South India & Western Ghats,45.0,20.0,28.0,10.0889,77.0595,3,off-peak,7,3,budget,luxury,high,13633.1,2,1.0,199075.52
city_alleppey,Alleppey,India,South India & Western Ghats,55.0,22.0,30.0,9.4981,76.3388,10,shoulder,14,4,luxury,luxury,low,13657.3,3,1.2,553970.04
city_hampi,Hampi,India,South India & Western Ghats,38.0,14.0,22.0,15.335,76.46,5,shoulder,5,3,budget,explorer,high,13078.1,1,1.2,158899.18
city_coorg,Coorg,India,South India & Western Ghats,52.0,22.0,32.0,12.3375,75.8069,3,off-peak,5,3,budget,backpacker,low,13348.5,1,1.0,136820.24
city_pondicherry,Pondicherry,India,South India & Western Ghats,50.0,22.0,35.0,11.9416,79.8083,11,off-peak,14,1,luxury,explorer,high,13570.2,3,1.0,172859.85
city_darjeeling,Darjeeling,India,East & Northeast,46.0,18.0,28.0,27.041,88.2663,2,off-peak,7,1,budget,luxury,high,12262.0,2,1.0,62577.34
city_shillong,Shillong,India,East & Northeast,48.0,18.0,28.0,25.5788,91.8933,8,peak,7,3,budget,luxury,high,12501.1,2,1.5,209157.72
city_kolkata,Kolkata,India,East & Northeast,45.0,20.0,26.0,22.5726,88.3639,2,off-peak,5,3,mid,explorer,medium,12745.7,1,1.0,165039.43
city_varanasi,Varanasi,India,Central & Spiritual,38.0,16.0,22.0,25.3176,82.9739,10,shoulder,21,3,luxury,luxury,low,12297.1,3,1.2,479297.13
city_agra,Agra,India,Central & Spiritual,45.0,18.0,30.0,27.1767,78.0081,6,peak,10,2,budget,explorer,low,11932.3,2,1.5,109052.21
city_amritsar,Amritsar,India,Central & Spiritual,42.0,18.0,26.0,31.634,74.8723,4,shoulder,21,4,mid,explorer,low,11357.9,3,1.2,324807.99
city_ayodhya,Ayodhya,India,Central & Spiritual,38.0,16.0,22.0,26.7922,82.1998,8,peak,10,4,mid,explorer,medium,12117.0,2,1.5,251557.18
city_rann of kutch,Rann of Kutch,India,West & Rajasthan,60.0,20.0,35.0,23.8342,69.8329,9,shoulder,3,2,luxury,luxury,low,11923.4,1,1.2,119022.68
city_ahmedabad,Ahmedabad,India,West & Rajasthan,45.0,22.0,30.0,23.0225,72.5714,3,off-peak,14,2,mid,luxury,high,12130.9,3,1.0,179650.36
city_mumbai,Mumbai,India,West & Rajasthan,55.0,35.0,40.0,19.076,72.8777,2,off-peak,21,1,budget,luxury,high,12538.0,3,1.0,156075.01
city_delhi,Delhi,India,Central & Spiritual,50.0,28.0,38.0,28.6139,77.209,7,peak,14,2,budget,luxury,medium,11754.7,3,1.5,206488.05
city_bengaluru,Bengaluru,India,South India & Western Ghats,55.0,30.0,42.0,12.9716,77.5946,9,shoulder,14,4,luxury,backpacker,medium,13368.0,3,1.2,535968.28
city_goa,Goa,India,West & Rajasthan,45.0,20.0,35.0,15.2993,74.124,10,shoulder,21,3,budget,explorer,high,12972.7,3,1.2,335150.21
city_udaipur,Udaipur,India,West & Rajasthan,55.0,22.0,35.0,24.5854,73.7125,9,shoulder,3,4,mid,luxury,low,12024.7,1,1.2,185704.37
city_jaipur,Jaipur,India,West & Rajasthan,40.0,18.0,30.0,26.9124,75.7873,10,shoulder,21,2,luxury,backpacker,medium,11874.7,3,1.2,253422.65
city_manali,Manali,India,North India (Himalayas),50.0,22.0,32.0,32.2396,77.1887,3,off-peak,5,2,luxury,luxury,medium,11380.5,1,1.0,133688.94
city_leh ladakh,Leh Ladakh,India,North India (Himalayas),65.0,25.0,35.0,34.1526,77.5771,8,peak,5,1,mid,explorer,low,11196.3,1,1.5,63855.73
city_srinagar,Srinagar,India,North India (Himalayas),55.0,20.0,35.0,34.0837,74.7973,1,off-peak,21,2,luxury,explorer,medium,11105.4,3,1.0,262374.63
city_shimla,Shimla,India,North India (Himalayas),48.0,20.0,30.0,31.1048,77.1734,1,off-peak,3,3,budget,luxury,high,11496.9,1,1.0,139261.44
city_rishikesh,Rishikesh,India,North India (Himalayas),40.0,16.0,25.0,30.0869,78.2676,11,off-peak,7,3,luxury,luxury,high,11640.8,2,1.0,250999.84
city_munnar,Munnar,India,South India & Western Ghats,45.0,20.0,28.0,10.0889,77.0595,6,peak,14,1,luxury,explorer,medium,13633.1,3,1.5,224835.12
city_alleppey,Alleppey,India,South India & Western Ghats,55.0,22.0,30.0,9.4981,76.3388,4,shoulder,14,4,mid,explorer,medium,13657.3,3,1.2,346989.05
city_hampi,Hampi,India,South India & Western Ghats,38.0,14.0,22.0,15.335,76.46,1,off-peak,14,2,mid,backpacker,low,13078.1,3,1.0,104990.54
city_coorg,Coorg,India,South India & Western Ghats,52.0,22.0,32.0,12.3375,75.8069,2,off-peak,14,3,budget,backpacker,low,13348.5,3,1.0,181400.89
city_pondicherry,Pondicherry,India,South India & Western Ghats,50.0,22.0,35.0,11.9416,79.8083,2,off-peak,21,2,mid,explorer,high,13570.2,3,1.0,244216.37
city_darjeeling,Darjeeling,India,East & Northeast,46.0,18.0,28.0,27.041,88.2663,2,off-peak,10,4,mid,backpacker,high,12262.0,2,1.0,274257.51
city_shillong,Shillong,India,East & Northeast,48.0,18.0,28.0,25.5788,91.8933,1,off-peak,5,1,budget,luxury,high,12501.1,1,1.0,61095.29
city_kolkata,Kolkata,India,East & Northeast,45.0,20.0,26.0,22.5726,88.3639,3,off-peak,5,1,luxury,backpacker,low,12745.7,1,1.0,80626.53
city_varanasi,Varanasi,India,Central & Spiritual,38.0,16.0,22.0,25.3176,82.9739,9,shoulder,10,1,luxury,luxury,high,12297.1,2,1.2,145954.96
city_agra,Agra,India,Central & Spiritual,45.0,18.0,30.0,27.1767,78.0081,5,shoulder,3,2,mid,luxury,medium,11932.3,1,1.2,97949.58
city_amritsar,Amritsar,India,Central & Spiritual,42.0,18.0,26.0,31.634,74.8723,7,peak,14,2,luxury,backpacker,high,11357.9,3,1.5,248061.31
city_ayodhya,Ayodhya,India,Central & Spiritual,38.0,16.0,22.0,26.7922,82.1998,11,off-peak,14,3,budget,luxury,high,12117.0,3,1.0,232710.21
city_rann of kutch,Rann of Kutch,India,West & Rajasthan,60.0,20.0,35.0,23.8342,69.8329,10,shoulder,3,2,mid,explorer,low,11923.4,1,1.2,92624.43
city_ahmedabad,Ahmedabad,India,West & Rajasthan,45.0,22.0,30.0,23.0225,72.5714,2,off-peak,3,2,luxury,luxury,high,12130.9,1,1.0,112068.82
city_mumbai,Mumbai,India,West & Rajasthan,55.0,35.0,40.0,19.076,72.8777,2,off-peak,5,4,luxury,luxury,low,12538.0,1,1.0,327566.56
city_delhi,Delhi,India,Central & Spiritual,50.0,28.0,38.0,28.6139,77.209,9,shoulder,14,1,budget,explorer,high,11754.7,3,1.2,96067.27
city_bengaluru,Bengaluru,India,South India & Western Ghats,55.0,30.0,42.0,12.9716,77.5946,1,off-peak,21,4,luxury,explorer,medium,13368.0,3,1.0,778009.77
city_goa,Goa,India,West & Rajasthan,45.0,20.0,35.0,15.2993,74.124,1,off-peak,21,4,budget,explorer,medium,12972.7,3,1.0,302412.75
city_udaipur,Udaipur,India,West & Rajasthan,55.0,22.0,35.0,24.5854,73.7125,12,peak,14,1,mid,backpacker,medium,12024.7,3,1.5,117838.66
city_jaipur,Jaipur,India,West & Rajasthan,40.0,18.0,30.0,26.9124,75.7873,8,peak,5,1,mid,luxury,high,11874.7,1,1.5,69677.36
city_manali,Manali,India,North India (Himalayas),50.0,22.0,32.0,32.2396,77.1887,12,peak,21,1,luxury,luxury,low,11380.5,3,1.5,343843.83
city_leh ladakh,Leh Ladakh,India,North India (Himalayas),65.0,25.0,35.0,34.1526,77.5771,9,shoulder,3,4,luxury,backpacker,high,11196.3,1,1.2,226261.45
city_srinagar,Srinagar,India,North India (Himalayas),55.0,20.0,35.0,34.0837,74.7973,2,off-peak,5,4,luxury,luxury,medium,11105.4,1,1.0,244659.7
city_shimla,Shimla,India,North India (Himalayas),48.0,20.0,30.0,31.1048,77.1734,5,shoulder,14,4,luxury,explorer,high,11496.9,3,1.2,495886.02
city_rishikesh,Rishikesh,India,North India (Himalayas),40.0,16.0,25.0,30.0869,78.2676,4,shoulder,10,4,budget,explorer,high,11640.8,2,1.2,261826.97
city_munnar,Munnar,India,South India & Western Ghats,45.0,20.0,28.0,10.0889,77.0595,9,shoulder,10,3,mid,luxury,medium,13633.1,2,1.2,257407.26
city_alleppey,Alleppey,India,South India & Western Ghats,55.0,22.0,30.0,9.4981,76.3388,3,off-peak,21,1,luxury,backpacker,medium,13657.3,3,1.0,212796.92
city_hampi,Hampi,India,South India & Western Ghats,38.0,14.0,22.0,15.335,76.46,12,peak,5,1,budget,luxury,medium,13078.1,1,1.5,57608.81
city_coorg,Coorg,India,South India & Western Ghats,52.0,22.0,32.0,12.3375,75.8069,10,shoulder,21,1,budget,explorer,high,13348.5,3,1.2,103910.09
city_pondicherry,Pondicherry,India,South India & Western Ghats,50.0,22.0,35.0,11.9416,79.8083,1,off-peak,3,2,mid,luxury,medium,13570.2,1,1.0,108451.24
city_darjeeling,Darjeeling,India,East & Northeast,46.0,18.0,28.0,27.041,88.2663,6,peak,3,1,luxury,explorer,medium,12262.0,1,1.5,71905.46
city_shillong,Shillong,India,East & Northeast,48.0,18.0,28.0,25.5788,91.8933,10,shoulder,21,3,luxury,luxury,low,12501.1,3,1.2,612259.28
city_kolkata,Kolkata,India,East & Northeast,45.0,20.0,26.0,22.5726,88.3639,11,off-peak,10,4,budget,backpacker,high,12745.7,2,1.0,232981.87
city_varanasi,Varanasi,India,Central & Spiritual,38.0,16.0,22.0,25.3176,82.9739,9,shoulder,7,2,budget,luxury,high,12297.1,2,1.2,116089.48
city_agra,Agra,India,Central & Spiritual,45.0,18.0,30.0,27.1767,78.0081,3,off-peak,21,1,mid,backpacker,high,11932.3,3,1.0,118103.73
city_amritsar,Amritsar,India,Central & Spiritual,42.0,18.0,26.0,31.634,74.8723,1,off-peak,5,1,mid,explorer,medium,11357.9,1,1.0,50495.47
city_ayodhya,Ayodhya,India,Central & Spiritual,38.0,16.0,22.0,26.7922,82.1998,4,shoulder,14,1,luxury,luxury,low,12117.0,3,1.2,147734.49
city_rann of kutch,Rann of Kutch,India,West & Rajasthan,60.0,20.0,35.0,23.8342,69.8329,2,off-peak,14,3,luxury,luxury,high,11923.4,3,1.0,411199.65
city_ahmedabad,Ahmedabad,India,West & Rajasthan,45.0,22.0,30.0,23.0225,72.5714,5,shoulder,5,2,mid,explorer,high,12130.9,1,1.2,123762.33
city_mumbai,Mumbai,India,West & Rajasthan,55.0,35.0,40.0,19.076,72.8777,1,off-peak,7,2,mid,luxury,low,12538.0,2,1.0,131815.66
city_delhi,Delhi,India,Central & Spiritual,50.0,28.0,38.0,28.6139,77.209,6,peak,3,3,luxury,luxury,medium,11754.7,1,1.5,224519.09
city_bengaluru,Bengaluru,India,South India & Western Ghats,55.0,30.0,42.0,12.9716,77.5946,12,peak,10,4,luxury,explorer,low,13368.0,2,1.5,549671.0
city_goa,Goa,India,West & Rajasthan,45.0,20.0,35.0,15.2993,74.124,8,peak,21,4,luxury,backpacker,medium,12972.7,3,1.5,615237.07
city_udaipur,Udaipur,India,West & Rajasthan,55.0,22.0,35.0,24.5854,73.7125,2,off-peak,7,1,mid,luxury,low,12024.7,2,1.0,69050.03
city_jaipur,Jaipur,India,West & Rajasthan,40.0,18.0,30.0,26.9124,75.7873,6,peak,10,3,luxury,luxury,low,11874.7,2,1.5,366621.16
city_manali,Manali,India,North India (Himalayas),50.0,22.0,32.0,32.2396,77.1887,12,peak,7,2,mid,backpacker,medium,11380.5,2,1.5,109327.96
city_leh ladakh,Leh Ladakh,India,North India (Himalayas),65.0,25.0,35.0,34.1526,77.5771,2,off-peak,14,2,mid,explorer,medium,11196.3,3,1.0,139508.03
city_srinagar,Srinagar,India,North India (Himalayas),55.0,20.0,35.0,34.0837,74.7973,4,shoulder,14,3,budget,luxury,high,11105.4,3,1.2,296206.85
city_shimla,Shimla,India,North India (Himalayas),48.0,20.0,30.0,31.1048,77.1734,12,peak,5,2,luxury,backpacker,medium,11496.9,1,1.5,132531.01
city_rishikesh,Rishikesh,India,North India (Himalayas),40.0,16.0,25.0,30.0869,78.2676,4,shoulder,5,2,budget,luxury,medium,11640.8,1,1.2,99406.36
city_munnar,Munnar,India,South India & Western Ghats,45.0,20.0,28.0,10.0889,77.0595,2,off-peak,21,4,luxury,backpacker,high,13633.1,3,1.0,615624.36
city_alleppey,Alleppey,India,South India & Western Ghats,55.0,22.0,30.0,9.4981,76.3388,1,off-peak,10,3,luxury,explorer,medium,13657.3,2,1.0,344550.37
city_hampi,Hampi,India,South India & Western Ghats,38.0,14.0,22.0,15.335,76.46,10,shoulder,7,4,budget,luxury,medium,13078.1,2,1.2,213120.34
city_coorg,Coorg,India,South India & Western Ghats,52.0,22.0,32.0,12.3375,75.8069,7,peak,5,2,budget,luxury,medium,13348.5,1,1.5,113218.82
city_pondicherry,Pondicherry,India,South India & Western Ghats,50.0,22.0,35.0,11.9416,79.8083,9,shoulder,7,4,luxury,backpacker,medium,13570.2,2,1.2,327610.39
city_darjeeling,Darjeeling,India,East & Northeast,46.0,18.0,28.0,27.041,88.2663,2,off-peak,21,4,mid,luxury,low,12262.0,3,1.0,402980.68
city_shillong,Shillong,India,East & Northeast,48.0,18.0,28.0,25.5788,91.8933,10,shoulder,3,3,mid,luxury,medium,12501.1,1,1.2,151830.15
city_kolkata,Kolkata,India,East & Northeast,45.0,20.0,26.0,22.5726,88.3639,3,off-peak,14,3,budget,explorer,medium,12745.7,3,1.0,202771.64
city_varanasi,Varanasi,India,Central & Spiritual,38.0,16.0,22.0,25.3176,82.9739,3,off-peak,10,4,budget,explorer,high,12297.1,2,1.0,237608.1
city_agra,Agra,India,Central & Spiritual,45.0,18.0,30.0,27.1767,78.0081,6,peak,7,4,mid,explorer,low,11932.3,2,1.5,198912.35
city_amritsar,Amritsar,India,Central & Spiritual,42.0,18.0,26.0,31.634,74.8723,11,off-peak,5,1,luxury,explorer,low,11357.9,1,1.0,66216.33
city_ayodhya,Ayodhya,India,Central & Spiritual,38.0,16.0,22.0,26.7922,82.1998,9,shoulder,10,4,budget,backpacker,high,12117.0,2,1.2,245298.67
city_rann of kutch,Rann of Kutch,India,West & Rajasthan,60.0,20.0,35.0,23.8342,69.8329,3,off-peak,10,4,budget,luxury,high,11923.4,2,1.0,317351.44
city_ahmedabad,Ahmedabad,India,West & Rajasthan,45.0,22.0,30.0,23.0225,72.5714,9,shoulder,21,3,mid,explorer,medium,12130.9,3,1.2,318449.92
city_mumbai,Mumbai,India,West & Rajasthan,55.0,35.0,40.0,19.076,72.8777,7,peak,3,2,budget,backpacker,medium,12538.0,1,1.5,88874.35
city_delhi,Delhi,India,Central & Spiritual,50.0,28.0,38.0,28.6139,77.209,8,peak,21,1,mid,luxury,medium,11754.7,3,1.5,220397.39
city_bengaluru,Bengaluru,India,South India & Western Ghats,55.0,30.0,42.0,12.9716,77.5946,9,shoulder,7,3,budget,explorer,low,13368.0,2,1.2,182232.08
city_goa,Goa,India,West & Rajasthan,45.0,20.0,35.0,15.2993,74.124,6,peak,21,2,luxury,luxury,high,12972.7,3,1.5,470040.98
city_udaipur,Udaipur,India,West & Rajasthan,55.0,22.0,35.0,24.5854,73.7125,5,shoulder,7,3,luxury,luxury,medium,12024.7,2,1.2,293418.31
city_jaipur,Jaipur,India,West & Rajasthan,40.0,18.0,30.0,26.9124,75.7873,12,peak,10,1,mid,luxury,medium,11874.7,2,1.5,87534.87
city_manali,Manali,India,North India (Himalayas),50.0,22.0,32.0,32.2396,77.1887,3,off-peak,21,3,mid,luxury,high,11380.5,3,1.0,425662.12
city_leh ladakh,Leh Ladakh,India,North India (Himalayas),65.0,25.0,35.0,34.1526,77.5771,10,shoulder,10,1,budget,backpacker,medium,11196.3,2,1.2,59542.12
city_srinagar,Srinagar,India,North India (Himalayas),55.0,20.0,35.0,34.0837,74.7973,5,shoulder,21,3,luxury,luxury,medium,11105.4,3,1.2,668682.4
city_shimla,Shimla,India,North India (Himalayas),48.0,20.0,30.0,31.1048,77.1734,5,shoulder,10,3,luxury,luxury,high,11496.9,2,1.2,393274.24
city_rishikesh,Rishikesh,India,North India (Himalayas),40.0,16.0,25.0,30.0869,78.2676,3,off-peak,3,2,luxury,backpacker,high,11640.8,1,1.0,96702.31
city_munnar,Munnar,India,South India & Western Ghats,45.0,20.0,28.0,10.0889,77.0595,5,shoulder,21,1,budget,backpacker,medium,13633.1,3,1.2,87012.13
city_alleppey,Alleppey,India,South India & Western Ghats,55.0,22.0,30.0,9.4981,76.3388,8,peak,14,1,budget,explorer,high,13657.3,3,1.5,97607.27
city_hampi,Hampi,India,South India & Western Ghats,38.0,14.0,22.0,15.335,76.46,2,off-peak,3,3,luxury,backpacker,low,13078.1,1,1.0,143358.8
city_coorg,Coorg,India,South India & Western Ghats,52.0,22.0,32.0,12.3375,75.8069,5,shoulder,5,2,luxury,explorer,medium,13348.5,1,1.2,130028.5
city_pondicherry,Pondicherry,India,South India & Western Ghats,50.0,22.0,35.0,11.9416,79.8083,11,off-peak,5,2,luxury,backpacker,low,13570.2,1,1.0,132604.91
city_darjeeling,Darjeeling,India,East & Northeast,46.0,18.0,28.0,27.041,88.2663,6,peak,10,4,luxury,explorer,high,12262.0,2,1.5,438320.15
city_shillong,Shillong,India,East & Northeast,48.0,18.0,28.0,25.5788,91.8933,8,peak,5,2,luxury,luxury,medium,12501.1,1,1.5,145091.41
city_kolkata,Kolkata,India,East & Northeast,45.0,20.0,26.0,22.5726,88.3639,10,shoulder,10,3,mid,explorer,high,12745.7,2,1.2,225146.14
city_varanasi,Varanasi,India,Central & Spiritual,38.0,16.0,22.0,25.3176,82.9739,4,shoulder,3,4,mid,explorer,medium,12297.1,1,1.2,177688.34
city_agra,Agra,India,Central & Spiritual,45.0,18.0,30.0,27.1767,78.0081,1,off-peak,14,2,mid,explorer,medium,11932.3,3,1.0,147007.58
city_amritsar,Amritsar,India,Central & Spiritual,42.0,18.0,26.0,31.634,74.8723,9,shoulder,3,4,mid,explorer,low,11357.9,1,1.2,167423.14
city_ayodhya,Ayodhya,India,Central & Spiritual,38.0,16.0,22.0,26.7922,82.1998,10,shoulder,5,1,luxury,explorer,low,12117.0,1,1.2,68094.86
city_rann of kutch,Rann of Kutch,India,West & Rajasthan,60.0,20.0,35.0,23.8342,69.8329,7,peak,14,4,mid,backpacker,low,11923.4,3,1.5,290179.91
city_ahmedabad,Ahmedabad,India,West & Rajasthan,45.0,22.0,30.0,23.0225,72.5714,7,peak,5,3,budget,explorer,high,12130.9,1,1.5,150934.23
city_mumbai,Mumbai,India,West & Rajasthan,55.0,35.0,40.0,19.076,72.8777,4,shoulder,14,3,mid,luxury,high,12538.0,3,1.2,408059.87
city_delhi,Delhi,India,Central & Spiritual,50.0,28.0,38.0,28.6139,77.209,4,shoulder,3,2,budget,explorer,low,11754.7,1,1.2,83366.04
city_bengaluru,Bengaluru,India,South India & Western Ghats,55.0,30.0,42.0,12.9716,77.5946,11,off-peak,10,4,mid,luxury,high,13368.0,2,1.0,364577.27
city_goa,Goa,India,West & Rajasthan,45.0,20.0,35.0,15.2993,74.124,3,off-peak,3,1,budget,backpacker,medium,12972.7,1,1.0,45133.21
city_udaipur,Udaipur,India,West & Rajasthan,55.0,22.0,35.0,24.5854,73.7125,5,shoulder,5,4,luxury,backpacker,low,12024.7,1,1.2,255197.95
city_jaipur,Jaipur,India,West & Rajasthan,40.0,18.0,30.0,26.9124,75.7873,4,shoulder,7,4,mid,explorer,medium,11874.7,2,1.2,223906.68
city_manali,Manali,India,North India (Himalayas),50.0,22.0,32.0,32.2396,77.1887,8,peak,21,1,mid,backpacker,low,11380.5,3,1.5,146139.44
city_leh ladakh,Leh Ladakh,India,North India (Himalayas),65.0,25.0,35.0,34.1526,77.5771,2,off-peak,14,4,budget,backpacker,medium,11196.3,3,1.0,234816.23
city_srinagar,Srinagar,India,North India (Himalayas),55.0,20.0,35.0,34.0837,74.7973,7,peak,3,1,luxury,backpacker,medium,11105.4,1,1.5,69733.03
city_shimla,Shimla,India,North India (Himalayas),48.0,20.0,30.0,31.1048,77.1734,12,peak,3,2,mid,luxury,low,11496.9,1,1.5,91925.67
city_rishikesh,Rishikesh,India,North India (Himalayas),40.0,16.0,25.0,30.0869,78.2676,9,shoulder,21,2,mid,explorer,high,11640.8,3,1.2,231916.03
city_munnar,Munnar,India,South India & Western Ghats,45.0,20.0,28.0,10.0889,77.0595,3,off-peak,21,1,luxury,luxury,high,13633.1,3,1.0,242644.38
city_alleppey,Alleppey,India,South India & Western Ghats,55.0,22.0,30.0,9.4981,76.3388,2,off-peak,7,4,luxury,explorer,low,13657.3,2,1.0,295993.08
city_hampi,Hampi,India,South India & Western Ghats,38.0,14.0,22.0,15.335,76.46,11,off-peak,5,1,budget,luxury,medium,13078.1,1,1.0,52520.88
city_coorg,Coorg,India,South India & Western Ghats,52.0,22.0,32.0,12.3375,75.8069,6,peak,3,2,mid,luxury,low,13348.5,1,1.5,106328.11
city_pondicherry,Pondicherry,India,South India & Western Ghats,50.0,22.0,35.0,11.9416,79.8083,1,off-peak,14,4,luxury,luxury,low,13570.2,3,1.0,511960.77
city_darjeeling,Darjeeling,India,East & Northeast,46.0,18.0,28.0,27.041,88.2663,6,peak,3,2,budget,explorer,low,12262.0,1,1.5,83939.01
city_shillong,Shillong,India,East & Northeast,48.0,18.0,28.0,25.5788,91.8933,11,off-peak,3,1,mid,luxury,low,12501.1,1,1.0,47576.82
city_kolkata,Kolkata,India,East & Northeast,45.0,20.0,26.0,22.5726,88.3639,12,peak,14,1,budget,explorer,low,12745.7,3,1.5,72066.15
city_varanasi,Varanasi,India,Central & Spiritual,38.0,16.0,22.0,25.3176,82.9739,11,off-peak,7,4,luxury,backpacker,low,12297.1,2,1.0,255832.55
city_agra,Agra,India,Central & Spiritual,45.0,18.0,30.0,27.1767,78.0081,12,peak,10,3,luxury,backpacker,medium,11932.3,2,1.5,348776.55
city_amritsar,Amritsar,India,Central & Spiritual,42.0,18.0,26.0,31.634,74.8723,8,peak,14,3,luxury,luxury,medium,11357.9,3,1.5,469151.55
city_ayodhya,Ayodhya,India,Central & Spiritual,38.0,16.0,22.0,26.7922,82.1998,4,shoulder,14,2,luxury,explorer,medium,12117.0,3,1.2,202575.23
city_rann of kutch,Rann of Kutch,India,West & Rajasthan,60.0,20.0,35.0,23.8342,69.8329,10,shoulder,14,2,budget,luxury,low,11923.4,3,1.2,152823.09
city_ahmedabad,Ahmedabad,India,West & Rajasthan,45.0,22.0,30.0,23.0225,72.5714,8,peak,7,3,luxury,explorer,medium,12130.9,2,1.5,330307.58
city_mumbai,Mumbai,India,West & Rajasthan,55.0,35.0,40.0,19.076,72.8777,7,peak,21,2,budget,luxury,medium,12538.0,3,1.5,291419.31
city_delhi,Delhi,India,Central & Spiritual,50.0,28.0,38.0,28.6139,77.209,10,shoulder,5,3,luxury,backpacker,high,11754.7,1,1.2,276928.15
city_bengaluru,Bengaluru,India,South India & Western Ghats,55.0,30.0,42.0,12.9716,77.5946,4,shoulder,14,4,luxury,backpacker,high,13368.0,3,1.2,614133.98
city_goa,Goa,India,West & Rajasthan,45.0,20.0,35.0,15.2993,74.124,5,shoulder,7,4,luxury,explorer,low,12972.7,2,1.2,327978.44
city_udaipur,Udaipur,India,West & Rajasthan,55.0,22.0,35.0,24.5854,73.7125,1,off-peak,5,2,budget,backpacker,low,12024.7,1,1.0,88115.62
city_jaipur,Jaipur,India,West & Rajasthan,40.0,18.0,30.0,26.9124,75.7873,8,peak,5,1,budget,luxury,high,11874.7,1,1.5,63823.33
city_manali,Manali,India,North India (Himalayas),50.0,22.0,32.0,32.2396,77.1887,9,shoulder,14,3,budget,explorer,low,11380.5,3,1.2,174769.97
city_leh ladakh,Leh Ladakh,India,North India (Himalayas),65.0,25.0,35.0,34.1526,77.5771,10,shoulder,21,1,budget,backpacker,high,11196.3,3,1.2,91738.13
city_srinagar,Srinagar,India,North India (Himalayas),55.0,20.0,35.0,34.0837,74.7973,2,off-peak,10,1,mid,luxury,high,11105.4,2,1.0,91661.65
city_shimla,Shimla,India,North India (Himalayas),48.0,20.0,30.0,31.1048,77.1734,7,peak,7,1,luxury,explorer,high,11496.9,2,1.5,128177.6
city_rishikesh,Rishikesh,India,North India (Himalayas),40.0,16.0,25.0,30.0869,78.2676,5,shoulder,3,2,luxury,backpacker,low,11640.8,1,1.2,95065.35
city_munnar,Munnar,India,South India & Western Ghats,45.0,20.0,28.0,10.0889,77.0595,12,peak,5,4,budget,backpacker,high,13633.1,1,1.5,207740.1
city_alleppey,Alleppey,India,South India & Western Ghats,55.0,22.0,30.0,9.4981,76.3388,3,off-peak,14,4,luxury,backpacker,high,13657.3,3,1.0,452417.3
city_hampi,Hampi,India,South India & Western Ghats,38.0,14.0,22.0,15.335,76.46,10,shoulder,7,4,luxury,luxury,medium,13078.1,2,1.2,305540.17
city_coorg,Coorg,India,South India & Western Ghats,52.0,22.0,32.0,12.3375,75.8069,3,off-peak,14,4,luxury,explorer,high,13348.5,3,1.0,487615.62
city_pondicherry,Pondicherry,India,South India & Western Ghats,50.0,22.0,35.0,11.9416,79.8083,3,off-peak,14,4,mid,explorer,high,13570.2,3,1.0,378584.95
city_darjeeling,Darjeeling,India,East & Northeast,46.0,18.0,28.0,27.041,88.2663,6,peak,10,4,luxury,explorer,high,12262.0,2,1.5,432824.3
city_shillong,Shillong,India,East & Northeast,48.0,18.0,28.0,25.5788,91.8933,4,shoulder,14,2,mid,luxury,high,12501.1,3,1.2,202173.01
city_kolkata,Kolkata,India,East & Northeast,45.0,20.0,26.0,22.5726,88.3639,8,peak,10,1,luxury,backpacker,medium,12745.7,2,1.5,174411.24
city_varanasi,Varanasi,India,Central & Spiritual,38.0,16.0,22.0,25.3176,82.9739,10,shoulder,3,2,mid,backpacker,medium,12297.1,1,1.2,90193.59
city_agra,Agra,India,Central & Spiritual,45.0,18.0,30.0,27.1767,78.0081,6,peak,3,3,luxury,luxury,high,11932.3,1,1.5,199525.06
city_amritsar,Amritsar,India,Central & Spiritual,42.0,18.0,26.0,31.634,74.8723,10,shoulder,14,2,budget,backpacker,medium,11357.9,3,1.2,109620.43
city_ayodhya,Ayodhya,India,Central & Spiritual,38.0,16.0,22.0,26.7922,82.1998,6,peak,14,2,budget,explorer,medium,12117.0,3,1.5,131723.31
city_rann of kutch,Rann of Kutch,India,West & Rajasthan,60.0,20.0,35.0,23.8342,69.8329,2,off-peak,14,4,luxury,backpacker,high,11923.4,3,1.0,460011.92
city_ahmedabad,Ahmedabad,India,West & Rajasthan,45.0,22.0,30.0,23.0225,72.5714,8,peak,5,4,luxury,luxury,high,12130.9,1,1.5,347091.67
city_mumbai,Mumbai,India,West & Rajasthan,55.0,35.0,40.0,19.076,72.8777,2,off-peak,14,3,budget,luxury,high,12538.0,3,1.0,289237.63
city_delhi,Delhi,India,Central & Spiritual,50.0,28.0,38.0,28.6139,77.209,6,peak,7,4,mid,backpacker,low,11754.7,2,1.5,253688.23
city_bengaluru,Bengaluru,India,South India & Western Ghats,55.0,30.0,42.0,12.9716,77.5946,12,peak,21,1,luxury,luxury,medium,13368.0,3,1.5,483679.69
city_goa,Goa,India,West & Rajasthan,45.0,20.0,35.0,15.2993,74.124,6,peak,14,2,mid,luxury,high,12972.7,3,1.5,253754.31
city_udaipur,Udaipur,India,West & Rajasthan,55.0,22.0,35.0,24.5854,73.7125,4,shoulder,5,1,luxury,luxury,medium,12024.7,1,1.2,105482.98
city_jaipur,Jaipur,India,West & Rajasthan,40.0,18.0,30.0,26.9124,75.7873,10,shoulder,14,1,budget,explorer,medium,11874.7,3,1.2,69781.2
city_manali,Manali,India,North India (Himalayas),50.0,22.0,32.0,32.2396,77.1887,7,peak,5,2,mid,backpacker,medium,11380.5,1,1.5,99938.22
city_leh ladakh,Leh Ladakh,India,North India (Himalayas),65.0,25.0,35.0,34.1526,77.5771,7,peak,7,1,mid,luxury,medium,11196.3,2,1.5,89788.25
city_srinagar,Srinagar,India,North India (Himalayas),55.0,20.0,35.0,34.0837,74.7973,12,peak,5,2,mid,luxury,low,11105.4,1,1.5,108675.2
city_shimla,Shimla,India,North India (Himalayas),48.0,20.0,30.0,31.1048,77.1734,4,shoulder,14,2,budget,backpacker,medium,11496.9,3,1.2,116037.83
city_rishikesh,Rishikesh,India,North India (Himalayas),40.0,16.0,25.0,30.0869,78.2676,7,peak,7,1,budget,luxury,medium,11640.8,2,1.5,59400.22
city_munnar,Munnar,India,South India & Western Ghats,45.0,20.0,28.0,10.0889,77.0595,6,peak,7,1,mid,backpacker,medium,13633.1,2,1.5,75838.44
city_alleppey,Alleppey,India,South India & Western Ghats,55.0,22.0,30.0,9.4981,76.3388,10,shoulder,10,2,mid,backpacker,low,13657.3,2,1.2,129316.95
city_hampi,Hampi,India,South India & Western Ghats,38.0,14.0,22.0,15.335,76.46,12,peak,3,1,luxury,backpacker,low,13078.1,1,1.5,66322.29
city_coorg,Coorg,India,South India & Western Ghats,52.0,22.0,32.0,12.3375,75.8069,10,shoulder,5,3,budget,explorer,high,13348.5,1,1.2,169617.81
city_pondicherry,Pondicherry,India,South India & Western Ghats,50.0,22.0,35.0,11.9416,79.8083,8,peak,3,3,budget,luxury,high,13570.2,1,1.5,163057.11
city_darjeeling,Darjeeling,India,East & Northeast,46.0,18.0,28.0,27.041,88.2663,4,shoulder,5,3,luxury,explorer,high,12262.0,1,1.2,219332.74
city_shillong,Shillong,India,East & Northeast,48.0,18.0,28.0,25.5788,91.8933,12,peak,21,1,mid,luxury,high,12501.1,3,1.5,178721.27
city_kolkata,Kolkata,India,East & Northeast,45.0,20.0,26.0,22.5726,88.3639,9,shoulder,3,3,budget,backpacker,medium,12745.7,1,1.2,134250.88
city_varanasi,Varanasi,India,Central & Spiritual,38.0,16.0,22.0,25.3176,82.9739,5,shoulder,3,4,luxury,backpacker,low,12297.1,1,1.2,210466.9
city_agra,Agra,India,Central & Spiritual,45.0,18.0,30.0,27.1767,78.0081,7,peak,21,3,luxury,luxury,medium,11932.3,3,1.5,706941.91
city_amritsar,Amritsar,India,Central & Spiritual,42.0,18.0,26.0,31.634,74.8723,11,off-peak,10,2,mid,luxury,high,11357.9,2,1.0,146314.75
city_ayodhya,Ayodhya,India,Central & Spiritual,38.0,16.0,22.0,26.7922,82.1998,2,off-peak,7,4,luxury,luxury,low,12117.0,2,1.0,272291.76
city_rann of kutch,Rann of Kutch,India,West & Rajasthan,60.0,20.0,35.0,23.8342,69.8329,8,peak,14,1,budget,backpacker,high,11923.4,3,1.5,88038.71
city_ahmedabad,Ahmedabad,India,West & Rajasthan,45.0,22.0,30.0,23.0225,72.5714,5,shoulder,7,4,mid,luxury,low,12130.9,2,1.2,273005.09
city_mumbai,Mumbai,India,West & Rajasthan,55.0,35.0,40.0,19.076,72.8777,6,peak,21,3,budget,luxury,medium,12538.0,3,1.5,465832.88
city_delhi,Delhi,India,Central & Spiritual,50.0,28.0,38.0,28.6139,77.209,1,off-peak,21,3,mid,backpacker,high,11754.7,3,1.0,377582.38
city_bengaluru,Bengaluru,India,South India & Western Ghats,55.0,30.0,42.0,12.9716,77.5946,6,peak,10,2,budget,luxury,medium,13368.0,2,1.5,180954.28
city_goa,Goa,India,West & Rajasthan,45.0,20.0,35.0,15.2993,74.124,9,shoulder,21,2,mid,backpacker,high,12972.7,3,1.2,235351.86
city_udaipur,Udaipur,India,West & Rajasthan,55.0,22.0,35.0,24.5854,73.7125,10,shoulder,7,4,luxury,backpacker,low,12024.7,2,1.2,328571.27
city_jaipur,Jaipur,India,West & Rajasthan,40.0,18.0,30.0,26.9124,75.7873,11,off-peak,5,2,budget,explorer,high,11874.7,1,1.0,95698.78
city_manali,Manali,India,North India (Himalayas),50.0,22.0,32.0,32.2396,77.1887,3,off-peak,10,2,luxury,luxury,low,11380.5,2,1.0,175618.11
city_leh ladakh,Leh Ladakh,India,North India (Himalayas),65.0,25.0,35.0,34.1526,77.5771,6,peak,3,1,budget,explorer,low,11196.3,1,1.5,43207.59
city_srinagar,Srinagar,India,North India (Himalayas),55.0,20.0,35.0,34.0837,74.7973,7,peak,10,3,mid,luxury,high,11105.4,2,1.5,276835.73
city_shimla,Shimla,India,North India (Himalayas),48.0,20.0,30.0,31.1048,77.1734,12,peak,7,2,budget,backpacker,low,11496.9,2,1.5,93550.77
city_rishikesh,Rishikesh,India,North India (Himalayas),40.0,16.0,25.0,30.0869,78.2676,10,shoulder,14,3,luxury,luxury,high,11640.8,3,1.2,455287.61
city_munnar,Munnar,India,South India & Western Ghats,45.0,20.0,28.0,10.0889,77.0595,4,shoulder,14,2,budget,luxury,low,13633.1,3,1.2,148271.36
city_alleppey,Alleppey,India,South India & Western Ghats,55.0,22.0,30.0,9.4981,76.3388,8,peak,5,4,luxury,luxury,medium,13657.3,1,1.5,362361.67
city_hampi,Hampi,India,South India & Western Ghats,38.0,14.0,22.0,15.335,76.46,3,off-peak,10,4,mid,backpacker,low,13078.1,2,1.0,212781.08
city_coorg,Coorg,India,South India & Western Ghats,52.0,22.0,32.0,12.3375,75.8069,1,off-peak,7,4,budget,luxury,high,13348.5,2,1.0,266198.15
city_pondicherry,Pondicherry,India,South India & Western Ghats,50.0,22.0,35.0,11.9416,79.8083,4,shoulder,5,1,budget,explorer,high,13570.2,1,1.2,56176.75
city_darjeeling,Darjeeling,India,East & Northeast,46.0,18.0,28.0,27.041,88.2663,8,peak,5,4,mid,backpacker,high,12262.0,1,1.5,219627.78
city_shillong,Shillong,India,East & Northeast,48.0,18.0,28.0,25.5788,91.8933,12,peak,10,3,mid,luxury,high,12501.1,2,1.5,273368.56
city_kolkata,Kolkata,India,East & Northeast,45.0,20.0,26.0,22.5726,88.3639,11,off-peak,21,1,luxury,backpacker,medium,12745.7,3,1.0,200122.32
city_varanasi,Varanasi,India,Central & Spiritual,38.0,16.0,22.0,25.3176,82.9739,8,peak,3,2,luxury,luxury,medium,12297.1,1,1.5,116065.01
city_agra,Agra,India,Central & Spiritual,45.0,18.0,30.0,27.1767,78.0081,7,peak,14,1,budget,explorer,medium,11932.3,3,1.5,77329.4
city_amritsar,Amritsar,India,Central & Spiritual,42.0,18.0,26.0,31.634,74.8723,7,peak,7,3,mid,backpacker,medium,11357.9,2,1.5,167312.18
city_ayodhya,Ayodhya,India,Central & Spiritual,38.0,16.0,22.0,26.7922,82.1998,12,peak,14,2,mid,luxury,medium,12117.0,3,1.5,202495.49
city_rann of kutch,Rann of Kutch,India,West & Rajasthan,60.0,20.0,35.0,23.8342,69.8329,2,off-peak,21,1,budget,luxury,high,11923.4,3,1.0,118932.62
city_ahmedabad,Ahmedabad,India,West & Rajasthan,45.0,22.0,30.0,23.0225,72.5714,6,peak,10,1,budget,explorer,high,12130.9,2,1.5,75318.98
city_mumbai,Mumbai,India,West & Rajasthan,55.0,35.0,40.0,19.076,72.8777,12,peak,5,4,budget,explorer,medium,12538.0,1,1.5,208578.11
city_delhi,Delhi,India,Central & Spiritual,50.0,28.0,38.0,28.6139,77.209,3,off-peak,21,1,budget,backpacker,high,11754.7,3,1.0,90853.48
city_bengaluru,Bengaluru,India,South India & Western Ghats,55.0,30.0,42.0,12.9716,77.5946,8,peak,21,3,budget,luxury,high,13368.0,3,1.5,478411.5
city_goa,Goa,India,West & Rajasthan,45.0,20.0,35.0,15.2993,74.124,9,shoulder,14,2,mid,luxury,medium,12972.7,3,1.2,213311.08
city_udaipur,Udaipur,India,West & Rajasthan,55.0,22.0,35.0,24.5854,73.7125,1,off-peak,5,3,luxury,luxury,low,12024.7,1,1.0,222243.39
city_jaipur,Jaipur,India,West & Rajasthan,40.0,18.0,30.0,26.9124,75.7873,12,peak,3,4,mid,explorer,high,11874.7,1,1.5,197997.69
city_manali,Manali,India,North India (Himalayas),50.0,22.0,32.0,32.2396,77.1887,8,peak,7,2,budget,backpacker,low,11380.5,2,1.5,99060.45
city_leh ladakh,Leh Ladakh,India,North India (Himalayas),65.0,25.0,35.0,34.1526,77.5771,1,off-peak,10,4,mid,luxury,low,11196.3,2,1.0,284134.42
city_srinagar,Srinagar,India,North India (Himalayas),55.0,20.0,35.0,34.0837,74.7973,10,shoulder,10,2,budget,luxury,high,11105.4,2,1.2,145031.71
city_shimla,Shimla,India,North India (Himalayas),48.0,20.0,30.0,31.1048,77.1734,2,off-peak,14,1,budget,luxury,medium,11496.9,3,1.0,80414.57
city_rishikesh,Rishikesh,India,North India (Himalayas),40.0,16.0,25.0,30.0869,78.2676,10,shoulder,21,2,budget,backpacker,low,11640.8,3,1.2,119545.34
city_munnar,Munnar,India,South India & Western Ghats,45.0,20.0,28.0,10.0889,77.0595,3,off-peak,3,3,mid,backpacker,low,13633.1,1,1.0,144832.41
city_alleppey,Alleppey,India,South India & Western Ghats,55.0,22.0,30.0,9.4981,76.3388,2,off-peak,10,2,budget,luxury,medium,13657.3,2,1.0,129874.38
city_hampi,Hampi,India,South India & Western Ghats,38.0,14.0,22.0,15.335,76.46,10,shoulder,14,2,mid,luxury,high,13078.1,3,1.2,177705.5
city_coorg,Coorg,India,South India & Western Ghats,52.0,22.0,32.0,12.3375,75.8069,6,peak,3,1,mid,explorer,medium,13348.5,1,1.5,61719.15
city_pondicherry,Pondicherry,India,South India & Western Ghats,50.0,22.0,35.0,11.9416,79.8083,7,peak,14,1,mid,explorer,low,13570.2,3,1.5,110849.75
city_darjeeling,Darjeeling,India,East & Northeast,46.0,18.0,28.0,27.041,88.2663,2,off-peak,21,3,mid,luxury,medium,12262.0,3,1.0,314169.84
city_shillong,Shillong,India,East & Northeast,48.0,18.0,28.0,25.5788,91.8933,10,shoulder,3,1,luxury,luxury,high,12501.1,1,1.2,69391.62
city_kolkata,Kolkata,India,East & Northeast,45.0,20.0,26.0,22.5726,88.3639,9,shoulder,3,4,luxury,luxury,high,12745.7,1,1.2,274133.78
city_varanasi,Varanasi,India,Central & Spiritual,38.0,16.0,22.0,25.3176,82.9739,5,shoulder,10,3,mid,luxury,high,12297.1,2,1.2,228956.66
city_agra,Agra,India,Central & Spiritual,45.0,18.0,30.0,27.1767,78.0081,10,shoulder,7,2,luxury,luxury,medium,11932.3,2,1.2,150786.4
city_amritsar,Amritsar,India,Central & Spiritual,42.0,18.0,26.0,31.634,74.8723,8,peak,5,2,luxury,explorer,low,11357.9,1,1.5,127194.05
city_ayodhya,Ayodhya,India,Central & Spiritual,38.0,16.0,22.0,26.7922,82.1998,1,off-peak,3,1,mid,luxury,low,12117.0,1,1.0,46742.03
city_rann of kutch,Rann of Kutch,India,West & Rajasthan,60.0,20.0,35.0,23.8342,69.8329,10,shoulder,10,4,budget,explorer,medium,11923.4,2,1.2,224756.62
city_ahmedabad,Ahmedabad,India,West & Rajasthan,45.0,22.0,30.0,23.0225,72.5714,9,shoulder,21,2,budget,luxury,low,12130.9,3,1.2,189431.98
city_mumbai,Mumbai,India,West & Rajasthan,55.0,35.0,40.0,19.076,72.8777,2,off-peak,7,3,luxury,luxury,medium,12538.0,2,1.0,332776.31
city_delhi,Delhi,India,Central & Spiritual,50.0,28.0,38.0,28.6139,77.209,1,off-peak,3,3,mid,explorer,high,11754.7,1,1.0,131045.18
city_bengaluru,Bengaluru,India,South India & Western Ghats,55.0,30.0,42.0,12.9716,77.5946,3,off-peak,5,3,mid,luxury,medium,13368.0,1,1.0,190380.91
city_goa,Goa,India,West & Rajasthan,45.0,20.0,35.0,15.2993,74.124,8,peak,3,2,mid,backpacker,high,12972.7,1,1.5,91402.78
city_udaipur,Udaipur,India,West & Rajasthan,55.0,22.0,35.0,24.5854,73.7125,6,peak,10,4,luxury,backpacker,high,12024.7,2,1.5,469308.27
city_jaipur,Jaipur,India,West & Rajasthan,40.0,18.0,30.0,26.9124,75.7873,5,shoulder,14,3,luxury,luxury,low,11874.7,3,1.2,421639.5
city_manali,Manali,India,North India (Himalayas),50.0,22.0,32.0,32.2396,77.1887,6,peak,3,2,mid,backpacker,medium,11380.5,1,1.5,95072.02
city_leh ladakh,Leh Ladakh,India,North India (Himalayas),65.0,25.0,35.0,34.1526,77.5771,7,peak,21,2,luxury,luxury,medium,11196.3,3,1.5,497205.57
city_srinagar,Srinagar,India,North India (Himalayas),55.0,20.0,35.0,34.0837,74.7973,5,shoulder,21,3,luxury,backpacker,medium,11105.4,3,1.2,539323.47
city_shimla,Shimla,India,North India (Himalayas),48.0,20.0,30.0,31.1048,77.1734,7,peak,3,4,budget,explorer,medium,11496.9,1,1.5,172256.94
city_rishikesh,Rishikesh,India,North India (Himalayas),40.0,16.0,25.0,30.0869,78.2676,9,shoulder,7,2,budget,explorer,low,11640.8,2,1.2,87046.81
city_munnar,Munnar,India,South India & Western Ghats,45.0,20.0,28.0,10.0889,77.0595,4,shoulder,3,4,luxury,backpacker,medium,13633.1,1,1.2,232357.09
city_alleppey,Alleppey,India,South India & Western Ghats,55.0,22.0,30.0,9.4981,76.3388,6,peak,10,3,mid,backpacker,low,13657.3,2,1.5,222344.88
city_hampi,Hampi,India,South India & Western Ghats,38.0,14.0,22.0,15.335,76.46,9,shoulder,21,2,budget,luxury,low,13078.1,3,1.2,153481.0
city_coorg,Coorg,India,South India & Western Ghats,52.0,22.0,32.0,12.3375,75.8069,9,shoulder,3,1,mid,backpacker,high,13348.5,1,1.2,56365.78
city_pondicherry,Pondicherry,India,South India & Western Ghats,50.0,22.0,35.0,11.9416,79.8083,10,shoulder,3,3,mid,backpacker,low,13570.2,1,1.2,137406.46
city_darjeeling,Darjeeling,India,East & Northeast,46.0,18.0,28.0,27.041,88.2663,5,shoulder,3,3,luxury,backpacker,medium,12262.0,1,1.2,164667.87
city_shillong,Shillong,India,East & Northeast,48.0,18.0,28.0,25.5788,91.8933,4,shoulder,5,3,mid,luxury,medium,12501.1,1,1.2,178680.72
city_kolkata,Kolkata,India,East & Northeast,45.0,20.0,26.0,22.5726,88.3639,5,shoulder,5,2,mid,backpacker,low,12745.7,1,1.2,90415.0
city_varanasi,Varanasi,India,Central & Spiritual,38.0,16.0,22.0,25.3176,82.9739,10,shoulder,14,1,budget,luxury,medium,12297.1,3,1.2,75774.11
city_agra,Agra,India,Central & Spiritual,45.0,18.0,30.0,27.1767,78.0081,12,peak,7,2,budget,backpacker,medium,11932.3,2,1.5,96401.83
city_amritsar,Amritsar,India,Central & Spiritual,42.0,18.0,26.0,31.634,74.8723,10,shoulder,7,4,budget,backpacker,low,11357.9,2,1.2,156998.85
city_ayodhya,Ayodhya,India,Central & Spiritual,38.0,16.0,22.0,26.7922,82.1998,2,off-peak,10,1,budget,explorer,medium,12117.0,2,1.0,56471.76
city_rann of kutch,Rann of Kutch,India,West & Rajasthan,60.0,20.0,35.0,23.8342,69.8329,3,off-peak,21,4,luxury,explorer,medium,11923.4,3,1.0,554635.59
city_ahmedabad,Ahmedabad,India,West & Rajasthan,45.0,22.0,30.0,23.0225,72.5714,11,off-peak,14,1,mid,luxury,low,12130.9,3,1.0,103224.15
city_mumbai,Mumbai,India,West & Rajasthan,55.0,35.0,40.0,19.076,72.8777,2,off-peak,21,4,budget,explorer,medium,12538.0,3,1.0,341899.04
city_delhi,Delhi,India,Central & Spiritual,50.0,28.0,38.0,28.6139,77.209,8,peak,10,2,budget,backpacker,high,11754.7,2,1.5,122486.05
city_bengaluru,Bengaluru,India,South India & Western Ghats,55.0,30.0,42.0,12.9716,77.5946,5,shoulder,7,4,budget,luxury,high,13368.0,2,1.2,285993.32
city_goa,Goa,India,West & Rajasthan,45.0,20.0,35.0,15.2993,74.124,6,peak,10,4,budget,backpacker,medium,12972.7,2,1.5,255092.4
city_udaipur,Udaipur,India,West & Rajasthan,55.0,22.0,35.0,24.5854,73.7125,2,off-peak,7,4,mid,backpacker,medium,12024.7,2,1.0,214427.2
city_jaipur,Jaipur,India,West & Rajasthan,40.0,18.0,30.0,26.9124,75.7873,3,off-peak,14,1,mid,luxury,low,11874.7,3,1.0,86603.68
city_manali,Manali,India,North India (Himalayas),50.0,22.0,32.0,32.2396,77.1887,6,peak,14,1,mid,luxury,medium,11380.5,3,1.5,130454.78
city_leh ladakh,Leh Ladakh,India,North India (Himalayas),65.0,25.0,35.0,34.1526,77.5771,10,shoulder,5,2,mid,explorer,low,11196.3,1,1.2,101859.71
city_srinagar,Srinagar,India,North India (Himalayas),55.0,20.0,35.0,34.0837,74.7973,6,peak,5,4,mid,luxury,medium,11105.4,1,1.5,233782.41
city_shimla,Shimla,India,North India (Himalayas),48.0,20.0,30.0,31.1048,77.1734,11,off-peak,21,1,luxury,luxury,high,11496.9,3,1.0,243547.93
city_rishikesh,Rishikesh,India,North India (Himalayas),40.0,16.0,25.0,30.0869,78.2676,8,peak,3,4,mid,luxury,low,11640.8,1,1.5,189147.27
city_munnar,Munnar,India,South India & Western Ghats,45.0,20.0,28.0,10.0889,77.0595,7,peak,3,1,luxury,luxury,medium,13633.1,1,1.5,79075.24
city_alleppey,Alleppey,India,South India & Western Ghats,55.0,22.0,30.0,9.4981,76.3388,6,peak,10,1,budget,backpacker,low,13657.3,2,1.5,69025.59
city_hampi,Hampi,India,South India & Western Ghats,38.0,14.0,22.0,15.335,76.46,11,off-peak,3,2,luxury,backpacker,medium,13078.1,1,1.0,92059.55
city_coorg,Coorg,India,South India & Western Ghats,52.0,22.0,32.0,12.3375,75.8069,9,shoulder,7,4,luxury,luxury,medium,13348.5,2,1.2,376702.84
city_pondicherry,Pondicherry,India,South India & Western Ghats,50.0,22.0,35.0,11.9416,79.8083,6,peak,7,3,mid,luxury,medium,13570.2,2,1.5,270086.32
city_darjeeling,Darjeeling,India,East & Northeast,46.0,18.0,28.0,27.041,88.2663,2,off-peak,14,1,luxury,luxury,medium,12262.0,3,1.0,164779.09
city_shillong,Shillong,India,East & Northeast,48.0,18.0,28.0,25.5788,91.8933,1,off-peak,7,1,budget,luxury,high,12501.1,2,1.0,58929.75
city_kolkata,Kolkata,India,East & Northeast,45.0,20.0,26.0,22.5726,88.3639,6,peak,3,3,budget,backpacker,medium,12745.7,1,1.5,131647.41
city_varanasi,Varanasi,India,Central & Spiritual,38.0,16.0,22.0,25.3176,82.9739,6,peak,21,4,mid,explorer,medium,12297.1,3,1.5,372314.71
city_agra,Agra,India,Central & Spiritual,45.0,18.0,30.0,27.1767,78.0081,9,shoulder,5,2,mid,backpacker,low,11932.3,1,1.2,83857.59
city_amritsar,Amritsar,India,Central & Spiritual,42.0,18.0,26.0,31.634,74.8723,6,peak,10,2,mid,luxury,low,11357.9,2,1.5,144592.93
city_ayodhya,Ayodhya,India,Central & Spiritual,38.0,16.0,22.0,26.7922,82.1998,3,off-peak,3,1,luxury,backpacker,low,12117.0,1,1.0,54500.12
city_rann of kutch,Rann of Kutch,India,West & Rajasthan,60.0,20.0,35.0,23.8342,69.8329,7,peak,5,1,budget,luxury,medium,11923.4,1,1.5,57178.98
city_ahmedabad,Ahmedabad,India,West & Rajasthan,45.0,22.0,30.0,23.0225,72.5714,8,peak,21,4,luxury,backpacker,medium,12130.9,3,1.5,685815.05
city_mumbai,Mumbai,India,West & Rajasthan,55.0,35.0,40.0,19.076,72.8777,8,peak,10,3,budget,backpacker,medium,12538.0,2,1.5,201312.32
city_delhi,Delhi,India,Central & Spiritual,50.0,28.0,38.0,28.6139,77.209,10,shoulder,3,4,luxury,backpacker,high,11754.7,1,1.2,224601.99
city_bengaluru,Bengaluru,India,South India & Western Ghats,55.0,30.0,42.0,12.9716,77.5946,9,shoulder,14,3,budget,backpacker,high,13368.0,3,1.2,250112.86
city_goa,Goa,India,West & Rajasthan,45.0,20.0,35.0,15.2993,74.124,8,peak,21,3,budget,luxury,medium,12972.7,3,1.5,404808.4
city_udaipur,Udaipur,India,West & Rajasthan,55.0,22.0,35.0,24.5854,73.7125,12,peak,21,3,mid,luxury,low,12024.7,3,1.5,471087.94
city_jaipur,Jaipur,India,West & Rajasthan,40.0,18.0,30.0,26.9124,75.7873,9,shoulder,14,1,budget,explorer,high,11874.7,3,1.2,80813.29
city_manali,Manali,India,North India (Himalayas),50.0,22.0,32.0,32.2396,77.1887,2,off-peak,21,3,luxury,backpacker,medium,11380.5,3,1.0,430038.11
city_leh ladakh,Leh Ladakh,India,North India (Himalayas),65.0,25.0,35.0,34.1526,77.5771,9,shoulder,3,4,mid,luxury,medium,11196.3,1,1.2,185947.48
city_srinagar,Srinagar,India,North India (Himalayas),55.0,20.0,35.0,34.0837,74.7973,6,peak,7,3,budget,backpacker,high,11105.4,2,1.5,159932.64
city_shimla,Shimla,India,North India (Himalayas),48.0,20.0,30.0,31.1048,77.1734,10,shoulder,21,3,luxury,luxury,medium,11496.9,3,1.2,656160.99
city_rishikesh,Rishikesh,India,North India (Himalayas),40.0,16.0,25.0,30.0869,78.2676,3,off-peak,14,1,luxury,explorer,high,11640.8,3,1.0,144815.46
city_munnar,Munnar,India,South India & Western Ghats,45.0,20.0,28.0,10.0889,77.0595,10,shoulder,3,3,mid,backpacker,low,13633.1,1,1.2,131822.49
city_alleppey,Alleppey,India,South India & Western Ghats,55.0,22.0,30.0,9.4981,76.3388,5,shoulder,7,2,luxury,explorer,medium,13657.3,2,1.2,167380.19
city_hampi,Hampi,India,South India & Western Ghats,38.0,14.0,22.0,15.335,76.46,5,shoulder,3,1,luxury,backpacker,high,13078.1,1,1.2,61893.02
city_coorg,Coorg,India,South India & Western Ghats,52.0,22.0,32.0,12.3375,75.8069,6,peak,5,3,luxury,backpacker,medium,13348.5,1,1.5,235798.29
city_pondicherry,Pondicherry,India,South India & Western Ghats,50.0,22.0,35.0,11.9416,79.8083,3,off-peak,14,1,mid,backpacker,low,13570.2,3,1.0,80460.24
city_darjeeling,Darjeeling,India,East & Northeast,46.0,18.0,28.0,27.041,88.2663,8,peak,10,4,budget,luxury,medium,12262.0,2,1.5,275958.17
city_shillong,Shillong,India,East & Northeast,48.0,18.0,28.0,25.5788,91.8933,12,peak,21,2,budget,luxury,high,12501.1,3,1.5,259283.82
city_kolkata,Kolkata,India,East & Northeast,45.0,20.0,26.0,22.5726,88.3639,5,shoulder,3,1,budget,explorer,medium,12745.7,1,1.2,45281.09
city_varanasi,Varanasi,India,Central & Spiritual,38.0,16.0,22.0,25.3176,82.9739,8,peak,7,4,luxury,luxury,low,12297.1,2,1.5,305881.49
city_agra,Agra,India,Central & Spiritual,45.0,18.0,30.0,27.1767,78.0081,8,peak,7,2,luxury,explorer,low,11932.3,2,1.5,165616.26
city_amritsar,Amritsar,India,Central & Spiritual,42.0,18.0,26.0,31.634,74.8723,5,shoulder,10,4,luxury,explorer,high,11357.9,2,1.2,373335.59
city_ayodhya,Ayodhya,India,Central & Spiritual,38.0,16.0,22.0,26.7922,82.1998,9,shoulder,21,3,mid,luxury,high,12117.0,3,1.2,381522.4
city_rann of kutch,Rann of Kutch,India,West & Rajasthan,60.0,20.0,35.0,23.8342,69.8329,5,shoulder,7,3,mid,backpacker,medium,11923.4,2,1.2,168234.71
city_ahmedabad,Ahmedabad,India,West & Rajasthan,45.0,22.0,30.0,23.0225,72.5714,11,off-peak,21,2,luxury,luxury,high,12130.9,3,1.0,348407.43
city_mumbai,Mumbai,India,West & Rajasthan,55.0,35.0,40.0,19.076,72.8777,4,shoulder,14,3,luxury,luxury,low,12538.0,3,1.2,644873.68
city_delhi,Delhi,India,Central & Spiritual,50.0,28.0,38.0,28.6139,77.209,1,off-peak,3,1,mid,backpacker,high,11754.7,1,1.0,51706.55
city_bengaluru,Bengaluru,India,South India & Western Ghats,55.0,30.0,42.0,12.9716,77.5946,2,off-peak,21,4,mid,backpacker,high,13368.0,3,1.0,468846.45
city_goa,Goa,India,West & Rajasthan,45.0,20.0,35.0,15.2993,74.124,1,off-peak,14,1,budget,luxury,high,12972.7,3,1.0,101422.09
city_udaipur,Udaipur,India,West & Rajasthan,55.0,22.0,35.0,24.5854,73.7125,4,shoulder,14,1,luxury,backpacker,low,12024.7,3,1.2,179270.06
city_jaipur,Jaipur,India,West & Rajasthan,40.0,18.0,30.0,26.9124,75.7873,11,off-peak,21,2,budget,luxury,low,11874.7,3,1.0,165412.5
city_manali,Manali,India,North India (Himalayas),50.0,22.0,32.0,32.2396,77.1887,5,shoulder,7,4,luxury,backpacker,high,11380.5,2,1.2,269994.79
city_leh ladakh,Leh Ladakh,India,North India (Himalayas),65.0,25.0,35.0,34.1526,77.5771,7,peak,21,3,mid,backpacker,low,11196.3,3,1.5,363247.98
city_srinagar,Srinagar,India,North India (Himalayas),55.0,20.0,35.0,34.0837,74.7973,5,shoulder,3,4,mid,explorer,low,11105.4,1,1.2,167160.89
city_shimla,Shimla,India,North India (Himalayas),48.0,20.0,30.0,31.1048,77.1734,3,off-peak,10,1,mid,backpacker,high,11496.9,2,1.0,83592.5
city_rishikesh,Rishikesh,India,North India (Himalayas),40.0,16.0,25.0,30.0869,78.2676,7,peak,5,4,budget,backpacker,high,11640.8,1,1.5,190156.9
city_munnar,Munnar,India,South India & Western Ghats,45.0,20.0,28.0,10.0889,77.0595,11,off-peak,3,4,luxury,explorer,low,13633.1,1,1.0,209392.41
city_alleppey,Alleppey,India,South India & Western Ghats,55.0,22.0,30.0,9.4981,76.3388,1,off-peak,3,1,luxury,luxury,medium,13657.3,1,1.0,71158.1
city_hampi,Hampi,India,South India & Western Ghats,38.0,14.0,22.0,15.335,76.46,8,peak,5,1,budget,luxury,medium,13078.1,1,1.5,55927.18
city_coorg,Coorg,India,South India & Western Ghats,52.0,22.0,32.0,12.3375,75.8069,5,shoulder,5,3,mid,luxury,low,13348.5,1,1.2,165492.49
city_pondicherry,Pondicherry,India,South India & Western Ghats,50.0,22.0,35.0,11.9416,79.8083,8,peak,10,4,mid,luxury,low,13570.2,2,1.5,363676.93
city_darjeeling,Darjeeling,India,East & Northeast,46.0,18.0,28.0,27.041,88.2663,9,shoulder,5,1,mid,luxury,medium,12262.0,1,1.2,65387.63
city_shillong,Shillong,India,East & Northeast,48.0,18.0,28.0,25.5788,91.8933,6,peak,7,3,mid,backpacker,high,12501.1,2,1.5,207243.34
city_kolkata,Kolkata,India,East & Northeast,45.0,20.0,26.0,22.5726,88.3639,11,off-peak,3,3,luxury,explorer,low,12745.7,1,1.0,172905.33
city_varanasi,Varanasi,India,Central & Spiritual,38.0,16.0,22.0,25.3176,82.9739,5,shoulder,21,2,budget,luxury,low,12297.1,3,1.2,152436.2
city_agra,Agra,India,Central & Spiritual,45.0,18.0,30.0,27.1767,78.0081,7,peak,21,2,mid,luxury,medium,11932.3,3,1.5,286968.45
city_amritsar,Amritsar,India,Central & Spiritual,42.0,18.0,26.0,31.634,74.8723,6,peak,10,1,luxury,explorer,high,11357.9,2,1.5,145946.31
city_ayodhya,Ayodhya,India,Central & Spiritual,38.0,16.0,22.0,26.7922,82.1998,4,shoulder,5,1,budget,backpacker,high,12117.0,1,1.2,51463.04
city_rann of kutch,Rann of Kutch,India,West & Rajasthan,60.0,20.0,35.0,23.8342,69.8329,7,peak,3,3,mid,luxury,medium,11923.4,1,1.5,161858.31
city_ahmedabad,Ahmedabad,India,West & Rajasthan,45.0,22.0,30.0,23.0225,72.5714,1,off-peak,3,3,budget,explorer,high,12130.9,1,1.0,138591.31
city_mumbai,Mumbai,India,West & Rajasthan,55.0,35.0,40.0,19.076,72.8777,11,off-peak,21,4,luxury,luxury,low,12538.0,3,1.0,877737.2
city_delhi,Delhi,India,Central & Spiritual,50.0,28.0,38.0,28.6139,77.209,12,peak,14,2,budget,backpacker,high,11754.7,3,1.5,163403.61
city_bengaluru,Bengaluru,India,South India & Western Ghats,55.0,30.0,42.0,12.9716,77.5946,8,peak,14,1,budget,luxury,high,13368.0,3,1.5,144423.92
city_goa,Goa,India,West & Rajasthan,45.0,20.0,35.0,15.2993,74.124,3,off-peak,3,2,luxury,backpacker,medium,12972.7,1,1.0,106695.2
city_udaipur,Udaipur,India,West & Rajasthan,55.0,22.0,35.0,24.5854,73.7125,10,shoulder,5,1,budget,backpacker,medium,12024.7,1,1.2,47195.23
city_jaipur,Jaipur,India,West & Rajasthan,40.0,18.0,30.0,26.9124,75.7873,10,shoulder,14,2,budget,backpacker,medium,11874.7,3,1.2,110249.72
city_manali,Manali,India,North India (Himalayas),50.0,22.0,32.0,32.2396,77.1887,12,peak,21,4,mid,backpacker,high,11380.5,3,1.5,509160.88
city_leh ladakh,Leh Ladakh,India,North India (Himalayas),65.0,25.0,35.0,34.1526,77.5771,10,shoulder,14,2,mid,backpacker,low,11196.3,3,1.2,134541.41
city_srinagar,Srinagar,India,North India (Himalayas),55.0,20.0,35.0,34.0837,74.7973,2,off-peak,7,2,mid,backpacker,high,11105.4,2,1.0,107323.01
city_shimla,Shimla,India,North India (Himalayas),48.0,20.0,30.0,31.1048,77.1734,6,peak,14,2,mid,backpacker,high,11496.9,3,1.5,178581.58
city_rishikesh,Rishikesh,India,North India (Himalayas),40.0,16.0,25.0,30.0869,78.2676,11,off-peak,14,4,budget,backpacker,medium,11640.8,3,1.0,216185.01
city_munnar,Munnar,India,South India & Western Ghats,45.0,20.0,28.0,10.0889,77.0595,2,off-peak,3,1,budget,backpacker,high,13633.1,1,1.0,45927.06
city_alleppey,Alleppey,India,South India & Western Ghats,55.0,22.0,30.0,9.4981,76.3388,7,peak,21,4,luxury,backpacker,low,13657.3,3,1.5,654701.84
city_hampi,Hampi,India,South India & Western Ghats,38.0,14.0,22.0,15.335,76.46,3,off-peak,21,3,luxury,explorer,medium,13078.1,3,1.0,399102.34
city_coorg,Coorg,India,South India & Western Ghats,52.0,22.0,32.0,12.3375,75.8069,12,peak,3,2,luxury,explorer,high,13348.5,1,1.5,134340.23
city_pondicherry,Pondicherry,India,South India & Western Ghats,50.0,22.0,35.0,11.9416,79.8083,2,off-peak,21,3,mid,explorer,low,13570.2,3,1.0,292725.47
city_darjeeling,Darjeeling,India,East & Northeast,46.0,18.0,28.0,27.041,88.2663,9,shoulder,3,3,luxury,luxury,low,12262.0,1,1.2,173609.54
city_shillong,Shillong,India,East & Northeast,48.0,18.0,28.0,25.5788,91.8933,8,peak,21,2,mid,backpacker,low,12501.1,3,1.5,179100.13
city_kolkata,Kolkata,India,East & Northeast,45.0,20.0,26.0,22.5726,88.3639,8,peak,10,2,budget,luxury,low,12745.7,2,1.5,140933.71
city_varanasi,Varanasi,India,Central & Spiritual,38.0,16.0,22.0,25.3176,82.9739,1,off-peak,21,3,mid,backpacker,medium,12297.1,3,1.0,249767.54
city_agra,Agra,India,Central & Spiritual,45.0,18.0,30.0,27.1767,78.0081,8,peak,3,1,luxury,backpacker,high,11932.3,1,1.5,75254.55
city_amritsar,Amritsar,India,Central & Spiritual,42.0,18.0,26.0,31.634,74.8723,3,off-peak,5,1,mid,luxury,low,11357.9,1,1.0,55580.47
city_ayodhya,Ayodhya,India,Central & Spiritual,38.0,16.0,22.0,26.7922,82.1998,8,peak,14,3,mid,backpacker,high,12117.0,3,1.5,270454.62
city_rann of kutch,Rann of Kutch,India,West & Rajasthan,60.0,20.0,35.0,23.8342,69.8329,11,off-peak,7,2,budget,explorer,low,11923.4,2,1.0,100202.18
city_ahmedabad,Ahmedabad,India,West & Rajasthan,45.0,22.0,30.0,23.0225,72.5714,4,shoulder,10,2,budget,explorer,high,12130.9,2,1.2,136871.9
city_mumbai,Mumbai,India,West & Rajasthan,55.0,35.0,40.0,19.076,72.8777,8,peak,3,4,budget,backpacker,high,12538.0,1,1.5,182151.51
city_delhi,Delhi,India,Central & Spiritual,50.0,28.0,38.0,28.6139,77.209,3,off-peak,10,2,luxury,explorer,medium,11754.7,2,1.0,203437.9
city_bengaluru,Bengaluru,India,South India & Western Ghats,55.0,30.0,42.0,12.9716,77.5946,4,shoulder,7,2,budget,luxury,high,13368.0,2,1.2,153995.25
city_goa,Goa,India,West & Rajasthan,45.0,20.0,35.0,15.2993,74.124,8,peak,10,4,budget,explorer,low,12972.7,2,1.5,246313.42
city_udaipur,Udaipur,India,West & Rajasthan,55.0,22.0,35.0,24.5854,73.7125,5,shoulder,14,2,luxury,luxury,low,12024.7,3,1.2,258652.15
city_jaipur,Jaipur,India,West & Rajasthan,40.0,18.0,30.0,26.9124,75.7873,4,shoulder,3,4,luxury,explorer,low,11874.7,1,1.2,196856.94
city_manali,Manali,India,North India (Himalayas),50.0,22.0,32.0,32.2396,77.1887,10,shoulder,10,4,mid,backpacker,high,11380.5,2,1.2,251207.84
city_leh ladakh,Leh Ladakh,India,North India (Himalayas),65.0,25.0,35.0,34.1526,77.5771,4,shoulder,7,4,luxury,backpacker,high,11196.3,2,1.2,351836.79
city_srinagar,Srinagar,India,North India (Himalayas),55.0,20.0,35.0,34.0837,74.7973,3,off-peak,14,1,mid,backpacker,low,11105.4,3,1.0,83116.47
city_shimla,Shimla,India,North India (Himalayas),48.0,20.0,30.0,31.1048,77.1734,9,shoulder,3,4,luxury,explorer,medium,11496.9,1,1.2,207604.4
city_rishikesh,Rishikesh,India,North India (Himalayas),40.0,16.0,25.0,30.0869,78.2676,12,peak,3,4,mid,backpacker,low,11640.8,1,1.5,166023.35
city_munnar,Munnar,India,South India & Western Ghats,45.0,20.0,28.0,10.0889,77.0595,12,peak,10,2,budget,explorer,medium,13633.1,2,1.5,128240.15
city_alleppey,Alleppey,India,South India & Western Ghats,55.0,22.0,30.0,9.4981,76.3388,4,shoulder,21,1,budget,explorer,high,13657.3,3,1.2,110543.36
city_hampi,Hampi,India,South India & Western Ghats,38.0,14.0,22.0,15.335,76.46,10,shoulder,21,1,mid,explorer,low,13078.1,3,1.2,107669.38
city_coorg,Coorg,India,South India & Western Ghats,52.0,22.0,32.0,12.3375,75.8069,12,peak,10,2,mid,luxury,medium,13348.5,2,1.5,185613.06
city_pondicherry,Pondicherry,India,South India & Western Ghats,50.0,22.0,35.0,11.9416,79.8083,11,off-peak,3,4,luxury,explorer,high,13570.2,1,1.0,235675.14
city_darjeeling,Darjeeling,India,East & Northeast,46.0,18.0,28.0,27.041,88.2663,1,off-peak,7,4,mid,luxury,high,12262.0,2,1.0,238692.56
city_shillong,Shillong,India,East & Northeast,48.0,18.0,28.0,25.5788,91.8933,11,off-peak,3,3,luxury,backpacker,high,12501.1,1,1.0,162923.87
city_kolkata,Kolkata,India,East & Northeast,45.0,20.0,26.0,22.5726,88.3639,11,off-peak,7,1,budget,explorer,medium,12745.7,2,1.0,52948.43
city_varanasi,Varanasi,India,Central & Spiritual,38.0,16.0,22.0,25.3176,82.9739,6,peak,5,1,luxury,luxury,low,12297.1,1,1.5,89836.34
city_agra,Agra,India,Central & Spiritual,45.0,18.0,30.0,27.1767,78.0081,3,off-peak,7,2,luxury,backpacker,high,11932.3,2,1.0,124612.97
city_amritsar,Amritsar,India,Central & Spiritual,42.0,18.0,26.0,31.634,74.8723,10,shoulder,21,2,luxury,backpacker,medium,11357.9,3,1.2,275308.05
city_ayodhya,Ayodhya,India,Central & Spiritual,38.0,16.0,22.0,26.7922,82.1998,6,peak,7,4,mid,backpacker,low,12117.0,2,1.5,197462.2
city_rann of kutch,Rann of Kutch,India,West & Rajasthan,60.0,20.0,35.0,23.8342,69.8329,9,shoulder,14,1,mid,luxury,high,11923.4,3,1.2,133497.45
city_ahmedabad,Ahmedabad,India,West & Rajasthan,45.0,22.0,30.0,23.0225,72.5714,11,off-peak,14,3,mid,luxury,medium,12130.9,3,1.0,291262.67
city_mumbai,Mumbai,India,West & Rajasthan,55.0,35.0,40.0,19.076,72.8777,2,off-peak,5,4,budget,backpacker,medium,12538.0,1,1.0,168188.47
city_delhi,Delhi,India,Central & Spiritual,50.0,28.0,38.0,28.6139,77.209,3,off-peak,7,1,budget,backpacker,medium,11754.7,2,1.0,53402.82
city_bengaluru,Bengaluru,India,South India & Western Ghats,55.0,30.0,42.0,12.9716,77.5946,3,off-peak,5,1,mid,explorer,high,13368.0,1,1.0,71557.1
city_goa,Goa,India,West & Rajasthan,45.0,20.0,35.0,15.2993,74.124,9,shoulder,5,4,mid,explorer,medium,12972.7,1,1.2,218279.1
city_udaipur,Udaipur,India,West & Rajasthan,55.0,22.0,35.0,24.5854,73.7125,4,shoulder,3,1,budget,luxury,high,12024.7,1,1.2,50631.73
city_jaipur,Jaipur,India,West & Rajasthan,40.0,18.0,30.0,26.9124,75.7873,6,peak,10,3,luxury,luxury,medium,11874.7,2,1.5,362067.32
city_manali,Manali,India,North India (Himalayas),50.0,22.0,32.0,32.2396,77.1887,9,shoulder,14,4,mid,explorer,high,11380.5,3,1.2,359674.79
city_leh ladakh,Leh Ladakh,India,North India (Himalayas),65.0,25.0,35.0,34.1526,77.5771,3,off-peak,7,2,mid,backpacker,medium,11196.3,2,1.0,101299.26
city_srinagar,Srinagar,India,North India (Himalayas),55.0,20.0,35.0,34.0837,74.7973,1,off-peak,5,3,mid,explorer,low,11105.4,1,1.0,146255.33
city_shimla,Shimla,India,North India (Himalayas),48.0,20.0,30.0,31.1048,77.1734,10,shoulder,5,3,budget,backpacker,high,11496.9,1,1.2,139525.29
city_rishikesh,Rishikesh,India,North India (Himalayas),40.0,16.0,25.0,30.0869,78.2676,3,off-peak,5,2,budget,backpacker,medium,11640.8,1,1.0,78070.16
city_munnar,Munnar,India,South India & Western Ghats,45.0,20.0,28.0,10.0889,77.0595,10,shoulder,5,4,mid,explorer,low,13633.1,1,1.2,218477.59
city_alleppey,Alleppey,India,South India & Western Ghats,55.0,22.0,30.0,9.4981,76.3388,11,off-peak,7,3,budget,explorer,medium,13657.3,2,1.0,178227.04
city_hampi,Hampi,India,South India & Western Ghats,38.0,14.0,22.0,15.335,76.46,9,shoulder,5,3,budget,backpacker,medium,13078.1,1,1.2,151212.09
city_coorg,Coorg,India,South India & Western Ghats,52.0,22.0,32.0,12.3375,75.8069,8,peak,7,2,budget,luxury,high,13348.5,2,1.5,142018.55
city_pondicherry,Pondicherry,India,South India & Western Ghats,50.0,22.0,35.0,11.9416,79.8083,9,shoulder,7,3,mid,explorer,high,13570.2,2,1.2,207592.77
city_darjeeling,Darjeeling,India,East & Northeast,46.0,18.0,28.0,27.041,88.2663,12,peak,10,3,luxury,backpacker,high,12262.0,2,1.5,329742.11
city_shillong,Shillong,India,East & Northeast,48.0,18.0,28.0,25.5788,91.8933,8,peak,3,2,luxury,luxury,low,12501.1,1,1.5,117158.58
city_kolkata,Kolkata,India,East & Northeast,45.0,20.0,26.0,22.5726,88.3639,4,shoulder,10,3,budget,explorer,low,12745.7,2,1.2,174934.11
city_varanasi,Varanasi,India,Central & Spiritual,38.0,16.0,22.0,25.3176,82.9739,10,shoulder,21,2,luxury,luxury,low,12297.1,3,1.2,291853.19
city_agra,Agra,India,Central & Spiritual,45.0,18.0,30.0,27.1767,78.0081,4,shoulder,3,1,luxury,explorer,high,11932.3,1,1.2,60184.1
city_amritsar,Amritsar,India,Central & Spiritual,42.0,18.0,26.0,31.634,74.8723,11,off-peak,3,4,budget,explorer,medium,11357.9,1,1.0,150991.13
city_ayodhya,Ayodhya,India,Central & Spiritual,38.0,16.0,22.0,26.7922,82.1998,1,off-peak,21,3,mid,backpacker,high,12117.0,3,1.0,284970.07
city_rann of kutch,Rann of Kutch,India,West & Rajasthan,60.0,20.0,35.0,23.8342,69.8329,7,peak,7,4,mid,backpacker,medium,11923.4,2,1.5,225414.96
city_ahmedabad,Ahmedabad,India,West & Rajasthan,45.0,22.0,30.0,23.0225,72.5714,8,peak,14,1,budget,luxury,medium,12130.9,3,1.5,104903.42
city_mumbai,Mumbai,India,West & Rajasthan,55.0,35.0,40.0,19.076,72.8777,12,peak,10,4,mid,backpacker,high,12538.0,2,1.5,381125.94
city_delhi,Delhi,India,Central & Spiritual,50.0,28.0,38.0,28.6139,77.209,7,peak,5,1,budget,backpacker,medium,11754.7,1,1.5,51329.34
city_bengaluru,Bengaluru,India,South India & Western Ghats,55.0,30.0,42.0,12.9716,77.5946,8,peak,14,3,budget,luxury,medium,13368.0,3,1.5,365489.21
city_goa,Goa,India,West & Rajasthan,45.0,20.0,35.0,15.2993,74.124,5,shoulder,10,2,luxury,explorer,high,12972.7,2,1.2,216103.95
city_udaipur,Udaipur,India,West & Rajasthan,55.0,22.0,35.0,24.5854,73.7125,10,shoulder,5,2,budget,explorer,medium,12024.7,1,1.2,94135.94
city_jaipur,Jaipur,India,West & Rajasthan,40.0,18.0,30.0,26.9124,75.7873,5,shoulder,14,3,mid,luxury,high,11874.7,3,1.2,321109.39
city_manali,Manali,India,North India (Himalayas),50.0,22.0,32.0,32.2396,77.1887,8,peak,5,1,budget,backpacker,medium,11380.5,1,1.5,47151.06
city_leh ladakh,Leh Ladakh,India,North India (Himalayas),65.0,25.0,35.0,34.1526,77.5771,11,off-peak,10,1,luxury,luxury,medium,11196.3,2,1.0,157423.05
city_srinagar,Srinagar,India,North India (Himalayas),55.0,20.0,35.0,34.0837,74.7973,7,peak,5,4,luxury,luxury,low,11105.4,1,1.5,328720.09
city_shimla,Shimla,India,North India (Himalayas),48.0,20.0,30.0,31.1048,77.1734,8,peak,3,3,luxury,explorer,high,11496.9,1,1.5,193171.46
city_rishikesh,Rishikesh,India,North India (Himalayas),40.0,16.0,25.0,30.0869,78.2676,7,peak,7,4,luxury,backpacker,medium,11640.8,2,1.5,271062.13
city_munnar,Munnar,India,South India & Western Ghats,45.0,20.0,28.0,10.0889,77.0595,5,shoulder,5,1,budget,explorer,medium,13633.1,1,1.2,53378.7
city_alleppey,Alleppey,India,South India & Western Ghats,55.0,22.0,30.0,9.4981,76.3388,12,peak,5,3,budget,backpacker,medium,13657.3,1,1.5,148696.06
city_hampi,Hampi,India,South India & Western Ghats,38.0,14.0,22.0,15.335,76.46,6,peak,3,3,mid,luxury,high,13078.1,1,1.5,171150.16
city_coorg,Coorg,India,South India & Western Ghats,52.0,22.0,32.0,12.3375,75.8069,2,off-peak,14,2,luxury,backpacker,low,13348.5,3,1.0,200838.06
city_pondicherry,Pondicherry,India,South India & Western Ghats,50.0,22.0,35.0,11.9416,79.8083,6,peak,7,3,mid,luxury,high,13570.2,2,1.5,263157.37
city_darjeeling,Darjeeling,India,East & Northeast,46.0,18.0,28.0,27.041,88.2663,12,peak,7,1,luxury,luxury,medium,12262.0,2,1.5,124447.8
city_shillong,Shillong,India,East & Northeast,48.0,18.0,28.0,25.5788,91.8933,9,shoulder,7,3,mid,explorer,medium,12501.1,2,1.2,178980.95
city_kolkata,Kolkata,India,East & Northeast,45.0,20.0,26.0,22.5726,88.3639,3,off-peak,3,2,budget,luxury,low,12745.7,1,1.0,93674.54
city_varanasi,Varanasi,India,Central & Spiritual,38.0,16.0,22.0,25.3176,82.9739,9,shoulder,14,1,mid,explorer,low,12297.1,3,1.2,75506.98
city_agra,Agra,India,Central & Spiritual,45.0,18.0,30.0,27.1767,78.0081,2,off-peak,5,1,mid,explorer,medium,11932.3,1,1.0,53327.18
city_amritsar,Amritsar,India,Central & Spiritual,42.0,18.0,26.0,31.634,74.8723,8,peak,14,3,budget,luxury,medium,11357.9,3,1.5,248707.88
city_ayodhya,Ayodhya,India,Central & Spiritual,38.0,16.0,22.0,26.7922,82.1998,1,off-peak,21,1,budget,backpacker,high,12117.0,3,1.0,88738.81
city_rann of kutch,Rann of Kutch,India,West & Rajasthan,60.0,20.0,35.0,23.8342,69.8329,3,off-peak,5,2,budget,explorer,high,11923.4,1,1.0,102045.94
city_ahmedabad,Ahmedabad,India,West & Rajasthan,45.0,22.0,30.0,23.0225,72.5714,2,off-peak,3,1,mid,explorer,low,12130.9,1,1.0,47799.89
city_mumbai,Mumbai,India,West & Rajasthan,55.0,35.0,40.0,19.076,72.8777,11,off-peak,14,1,mid,backpacker,medium,12538.0,3,1.0,113897.59
city_delhi,Delhi,India,Central & Spiritual,50.0,28.0,38.0,28.6139,77.209,1,off-peak,3,3,luxury,backpacker,low,11754.7,1,1.0,176205.62
city_bengaluru,Bengaluru,India,South India & Western Ghats,55.0,30.0,42.0,12.9716,77.5946,4,shoulder,14,2,budget,luxury,medium,13368.0,3,1.2,177054.05
city_goa,Goa,India,West & Rajasthan,45.0,20.0,35.0,15.2993,74.124,1,off-peak,3,2,luxury,explorer,high,12972.7,1,1.0,110764.81
city_udaipur,Udaipur,India,West & Rajasthan,55.0,22.0,35.0,24.5854,73.7125,9,shoulder,21,2,luxury,luxury,low,12024.7,3,1.2,383548.81
city_jaipur,Jaipur,India,West & Rajasthan,40.0,18.0,30.0,26.9124,75.7873,2,off-peak,14,1,luxury,backpacker,high,11874.7,3,1.0,151064.21
city_manali,Manali,India,North India (Himalayas),50.0,22.0,32.0,32.2396,77.1887,9,shoulder,3,1,budget,luxury,high,11380.5,1,1.2,50617.16
city_leh ladakh,Leh Ladakh,India,North India (Himalayas),65.0,25.0,35.0,34.1526,77.5771,8,peak,7,2,mid,luxury,low,11196.3,2,1.5,146556.25
city_srinagar,Srinagar,India,North India (Himalayas),55.0,20.0,35.0,34.0837,74.7973,7,peak,10,2,luxury,backpacker,medium,11105.4,2,1.5,206813.88
city_shimla,Shimla,India,North India (Himalayas),48.0,20.0,30.0,31.1048,77.1734,2,off-peak,7,1,mid,backpacker,high,11496.9,2,1.0,67681.34
city_rishikesh,Rishikesh,India,North India (Himalayas),40.0,16.0,25.0,30.0869,78.2676,12,peak,7,1,budget,explorer,medium,11640.8,2,1.5,57242.17
city_munnar,Munnar,India,South India & Western Ghats,45.0,20.0,28.0,10.0889,77.0595,2,off-peak,10,3,mid,luxury,high,13633.1,2,1.0,245664.74
city_alleppey,Alleppey,India,South India & Western Ghats,55.0,22.0,30.0,9.4981,76.3388,8,peak,5,4,mid,explorer,low,13657.3,1,1.5,259491.21
city_hampi,Hampi,India,South India & Western Ghats,38.0,14.0,22.0,15.335,76.46,2,off-peak,10,3,budget,backpacker,high,13078.1,2,1.0,176520.84
city_coorg,Coorg,India,South India & Western Ghats,52.0,22.0,32.0,12.3375,75.8069,8,peak,14,1,budget,backpacker,medium,13348.5,3,1.5,78226.41
city_pondicherry,Pondicherry,India,South India & Western Ghats,50.0,22.0,35.0,11.9416,79.8083,7,peak,21,1,luxury,backpacker,low,13570.2,3,1.5,295237.91
city_darjeeling,Darjeeling,India,East & Northeast,46.0,18.0,28.0,27.041,88.2663,4,shoulder,14,4,budget,backpacker,medium,12262.0,3,1.2,240637.92
city_shillong,Shillong,India,East & Northeast,48.0,18.0,28.0,25.5788,91.8933,12,peak,10,3,luxury,luxury,high,12501.1,2,1.5,408456.91
city_kolkata,Kolkata,India,East & Northeast,45.0,20.0,26.0,22.5726,88.3639,11,off-peak,10,3,mid,luxury,high,12745.7,2,1.0,270058.24
city_varanasi,Varanasi,India,Central & Spiritual,38.0,16.0,22.0,25.3176,82.9739,7,peak,10,3,budget,explorer,low,12297.1,2,1.5,171418.89
city_agra,Agra,India,Central & Spiritual,45.0,18.0,30.0,27.1767,78.0081,4,shoulder,21,2,budget,backpacker,high,11932.3,3,1.2,176612.2
city_amritsar,Amritsar,India,Central & Spiritual,42.0,18.0,26.0,31.634,74.8723,1,off-peak,3,4,luxury,backpacker,low,11357.9,1,1.0,172742.05
city_ayodhya,Ayodhya,India,Central & Spiritual,38.0,16.0,22.0,26.7922,82.1998,3,off-peak,7,1,budget,luxury,high,12117.0,2,1.0,63081.4
city_rann of kutch,Rann of Kutch,India,West & Rajasthan,60.0,20.0,35.0,23.8342,69.8329,8,peak,10,2,mid,luxury,medium,11923.4,2,1.5,172158.14
city_ahmedabad,Ahmedabad,India,West & Rajasthan,45.0,22.0,30.0,23.0225,72.5714,6,peak,14,1,budget,explorer,low,12130.9,3,1.5,76358.26
city_mumbai,Mumbai,India,West & Rajasthan,55.0,35.0,40.0,19.076,72.8777,7,peak,10,3,mid,explorer,medium,12538.0,2,1.5,311613.59
city_delhi,Delhi,India,Central & Spiritual,50.0,28.0,38.0,28.6139,77.209,11,off-peak,7,2,mid,explorer,low,11754.7,2,1.0,111992.17
city_bengaluru,Bengaluru,India,South India & Western Ghats,55.0,30.0,42.0,12.9716,77.5946,5,shoulder,21,4,mid,backpacker,high,13368.0,3,1.2,493737.55
city_goa,Goa,India,West & Rajasthan,45.0,20.0,35.0,15.2993,74.124,11,off-peak,14,4,mid,luxury,low,12972.7,3,1.0,322881.6
city_udaipur,Udaipur,India,West & Rajasthan,55.0,22.0,35.0,24.5854,73.7125,9,shoulder,3,4,mid,explorer,high,12024.7,1,1.2,206979.4
city_jaipur,Jaipur,India,West & Rajasthan,40.0,18.0,30.0,26.9124,75.7873,6,peak,7,3,budget,backpacker,high,11874.7,2,1.5,163805.7
city_manali,Manali,India,North India (Himalayas),50.0,22.0,32.0,32.2396,77.1887,1,off-peak,5,3,mid,luxury,high,11380.5,1,1.0,196259.3
city_leh ladakh,Leh Ladakh,India,North India (Himalayas),65.0,25.0,35.0,34.1526,77.5771,6,peak,10,1,mid,explorer,medium,11196.3,2,1.5,99990.66
city_srinagar,Srinagar,India,North India (Himalayas),55.0,20.0,35.0,34.0837,74.7973,7,peak,7,1,luxury,backpacker,low,11105.4,2,1.5,114028.88
city_shimla,Shimla,India,North India (Himalayas),48.0,20.0,30.0,31.1048,77.1734,2,off-peak,21,1,mid,backpacker,medium,11496.9,3,1.0,111190.41
city_rishikesh,Rishikesh,India,North India (Himalayas),40.0,16.0,25.0,30.0869,78.2676,3,off-peak,3,3,budget,explorer,high,11640.8,1,1.0,133944.29
city_munnar,Munnar,India,South India & Western Ghats,45.0,20.0,28.0,10.0889,77.0595,7,peak,7,1,luxury,explorer,high,13633.1,2,1.5,124889.24
city_alleppey,Alleppey,India,South India & Western Ghats,55.0,22.0,30.0,9.4981,76.3388,1,off-peak,7,4,luxury,explorer,medium,13657.3,2,1.0,284997.27
city_hampi,Hampi,India,South India & Western Ghats,38.0,14.0,22.0,15.335,76.46,2,off-peak,21,2,mid,explorer,high,13078.1,3,1.0,187289.11
city_coorg,Coorg,India,South India & Western Ghats,52.0,22.0,32.0,12.3375,75.8069,11,off-peak,7,2,luxury,explorer,medium,13348.5,2,1.0,159181.24
city_pondicherry,Pondicherry,India,South India & Western Ghats,50.0,22.0,35.0,11.9416,79.8083,11,off-peak,3,2,mid,explorer,low,13570.2,1,1.0,95437.75
city_darjeeling,Darjeeling,India,East & Northeast,46.0,18.0,28.0,27.041,88.2663,5,shoulder,14,4,budget,luxury,high,12262.0,3,1.2,385092.28
city_shillong,Shillong,India,East & Northeast,48.0,18.0,28.0,25.5788,91.8933,10,shoulder,3,3,mid,backpacker,high,12501.1,1,1.2,142174.57
city_kolkata,Kolkata,India,East & Northeast,45.0,20.0,26.0,22.5726,88.3639,9,shoulder,10,4,budget,explorer,low,12745.7,2,1.2,210206.21
city_varanasi,Varanasi,India,Central & Spiritual,38.0,16.0,22.0,25.3176,82.9739,5,shoulder,10,3,budget,explorer,medium,12297.1,2,1.2,161700.58
city_agra,Agra,India,Central & Spiritual,45.0,18.0,30.0,27.1767,78.0081,5,shoulder,14,4,luxury,luxury,low,11932.3,3,1.2,506202.73
city_amritsar,Amritsar,India,Central & Spiritual,42.0,18.0,26.0,31.634,74.8723,9,shoulder,5,4,budget,luxury,high,11357.9,1,1.2,200381.6
city_ayodhya,Ayodhya,India,Central & Spiritual,38.0,16.0,22.0,26.7922,82.1998,8,peak,7,4,luxury,luxury,high,12117.0,2,1.5,365564.53
city_rann of kutch,Rann of Kutch,India,West & Rajasthan,60.0,20.0,35.0,23.8342,69.8329,8,peak,5,2,budget,luxury,high,11923.4,1,1.5,123496.09
city_ahmedabad,Ahmedabad,India,West & Rajasthan,45.0,22.0,30.0,23.0225,72.5714,5,shoulder,10,4,mid,backpacker,high,12130.9,2,1.2,287915.02
city_mumbai,Mumbai,India,West & Rajasthan,55.0,35.0,40.0,19.076,72.8777,5,shoulder,21,2,mid,luxury,high,12538.0,3,1.2,368683.27
city_delhi,Delhi,India,Central & Spiritual,50.0,28.0,38.0,28.6139,77.209,4,shoulder,10,2,budget,backpacker,low,11754.7,2,1.2,111504.2
city_bengaluru,Bengaluru,India,South India & Western Ghats,55.0,30.0,42.0,12.9716,77.5946,5,shoulder,10,4,luxury,explorer,medium,13368.0,2,1.2,494841.83
city_goa,Goa,India,West & Rajasthan,45.0,20.0,35.0,15.2993,74.124,11,off-peak,3,2,budget,explorer,low,12972.7,1,1.0,95082.62
city_udaipur,Udaipur,India,West & Rajasthan,55.0,22.0,35.0,24.5854,73.7125,5,shoulder,21,2,luxury,backpacker,high,12024.7,3,1.2,352524.17
city_jaipur,Jaipur,India,West & Rajasthan,40.0,18.0,30.0,26.9124,75.7873,8,peak,3,1,budget,explorer,high,11874.7,1,1.5,46880.4
city_manali,Manali,India,North India (Himalayas),50.0,22.0,32.0,32.2396,77.1887,7,peak,7,1,mid,luxury,low,11380.5,2,1.5,84045.12
city_leh ladakh,Leh Ladakh,India,North India (Himalayas),65.0,25.0,35.0,34.1526,77.5771,4,shoulder,3,1,luxury,luxury,high,11196.3,1,1.2,85229.59
city_srinagar,Srinagar,India,North India (Himalayas),55.0,20.0,35.0,34.0837,74.7973,5,shoulder,10,1,budget,luxury,low,11105.4,2,1.2,67763.89
city_shimla,Shimla,India,North India (Himalayas),48.0,20.0,30.0,31.1048,77.1734,6,peak,7,4,luxury,luxury,low,11496.9,2,1.5,374971.76
city_rishikesh,Rishikesh,India,North India (Himalayas),40.0,16.0,25.0,30.0869,78.2676,2,off-peak,5,2,mid,explorer,medium,11640.8,1,1.0,91604.53
city_munnar,Munnar,India,South India & Western Ghats,45.0,20.0,28.0,10.0889,77.0595,5,shoulder,14,1,mid,luxury,medium,13633.1,3,1.2,115378.66
city_alleppey,Alleppey,India,South India & Western Ghats,55.0,22.0,30.0,9.4981,76.3388,9,shoulder,10,4,luxury,backpacker,medium,13657.3,2,1.2,383115.97
city_hampi,Hampi,India,South India & Western Ghats,38.0,14.0,22.0,15.335,76.46,3,off-peak,7,4,luxury,explorer,medium,13078.1,2,1.0,292792.59
city_coorg,Coorg,India,South India & Western Ghats,52.0,22.0,32.0,12.3375,75.8069,10,shoulder,3,1,luxury,luxury,low,13348.5,1,1.2,76273.59
city_pondicherry,Pondicherry,India,South India & Western Ghats,50.0,22.0,35.0,11.9416,79.8083,5,shoulder,14,4,mid,luxury,high,13570.2,3,1.2,432279.55
city_darjeeling,Darjeeling,India,East & Northeast,46.0,18.0,28.0,27.041,88.2663,2,off-peak,14,2,mid,explorer,low,12262.0,3,1.0,139368.74
city_shillong,Shillong,India,East & Northeast,48.0,18.0,28.0,25.5788,91.8933,7,peak,7,3,budget,backpacker,medium,12501.1,2,1.5,158657.87
city_kolkata,Kolkata,India,East & Northeast,45.0,20.0,26.0,22.5726,88.3639,8,peak,21,3,luxury,explorer,low,12745.7,3,1.5,695479.34
city_varanasi,Varanasi,India,Central & Spiritual,38.0,16.0,22.0,25.3176,82.9739,5,shoulder,3,4,mid,luxury,medium,12297.1,1,1.2,195544.26
city_agra,Agra,India,Central & Spiritual,45.0,18.0,30.0,27.1767,78.0081,7,peak,3,2,luxury,explorer,high,11932.3,1,1.5,113333.39
city_amritsar,Amritsar,India,Central & Spiritual,42.0,18.0,26.0,31.634,74.8723,2,off-peak,7,4,luxury,luxury,high,11357.9,2,1.0,304559.93
city_ayodhya,Ayodhya,India,Central & Spiritual,38.0,16.0,22.0,26.7922,82.1998,1,off-peak,3,2,luxury,explorer,high,12117.0,1,1.0,96245.18
city_rann of kutch,Rann of Kutch,India,West & Rajasthan,60.0,20.0,35.0,23.8342,69.8329,3,off-peak,3,4,budget,luxury,medium,11923.4,1,1.0,179580.57
city_ahmedabad,Ahmedabad,India,West & Rajasthan,45.0,22.0,30.0,23.0225,72.5714,3,off-peak,5,2,luxury,luxury,medium,12130.9,1,1.0,137609.08
city_mumbai,Mumbai,India,West & Rajasthan,55.0,35.0,40.0,19.076,72.8777,6,peak,10,4,luxury,backpacker,medium,12538.0,2,1.5,591721.52
city_delhi,Delhi,India,Central & Spiritual,50.0,28.0,38.0,28.6139,77.209,6,peak,7,2,budget,explorer,medium,11754.7,2,1.5,119620.15
city_bengaluru,Bengaluru,India,South India & Western Ghats,55.0,30.0,42.0,12.9716,77.5946,3,off-peak,10,4,luxury,backpacker,low,13368.0,2,1.0,444113.45
city_goa,Goa,India,West & Rajasthan,45.0,20.0,35.0,15.2993,74.124,11,off-peak,14,2,budget,explorer,low,12972.7,3,1.0,116964.71
city_udaipur,Udaipur,India,West & Rajasthan,55.0,22.0,35.0,24.5854,73.7125,5,shoulder,21,2,budget,explorer,high,12024.7,3,1.2,192055.56
city_jaipur,Jaipur,India,West & Rajasthan,40.0,18.0,30.0,26.9124,75.7873,2,off-peak,7,2,luxury,backpacker,low,11874.7,2,1.0,126829.71
city_manali,Manali,India,North India (Himalayas),50.0,22.0,32.0,32.2396,77.1887,12,peak,14,4,mid,luxury,medium,11380.5,3,1.5,459001.02
city_leh ladakh,Leh Ladakh,India,North India (Himalayas),65.0,25.0,35.0,34.1526,77.5771,4,shoulder,7,3,luxury,explorer,medium,11196.3,2,1.2,299498.52
city_srinagar,Srinagar,India,North India (Himalayas),55.0,20.0,35.0,34.0837,74.7973,3,off-peak,10,2,luxury,backpacker,medium,11105.4,2,1.0,158438.06
city_shimla,Shimla,India,North India (Himalayas),48.0,20.0,30.0,31.1048,77.1734,3,off-peak,10,2,budget,explorer,medium,11496.9,2,1.0,102973.0
city_rishikesh,Rishikesh,India,North India (Himalayas),40.0,16.0,25.0,30.0869,78.2676,4,shoulder,14,4,budget,explorer,high,11640.8,3,1.2,278168.88
city_munnar,Munnar,India,South India & Western Ghats,45.0,20.0,28.0,10.0889,77.0595,1,off-peak,10,2,mid,luxury,medium,13633.1,2,1.0,142153.53
city_alleppey,Alleppey,India,South India & Western Ghats,55.0,22.0,30.0,9.4981,76.3388,11,off-peak,5,4,luxury,explorer,high,13657.3,1,1.0,279037.04
city_hampi,Hampi,India,South India & Western Ghats,38.0,14.0,22.0,15.335,76.46,9,shoulder,3,1,mid,backpacker,medium,13078.1,1,1.2,47826.94
city_coorg,Coorg,India,South India & Western Ghats,52.0,22.0,32.0,12.3375,75.8069,6,peak,14,1,budget,explorer,high,13348.5,3,1.5,93696.19
city_pondicherry,Pondicherry,India,South India & Western Ghats,50.0,22.0,35.0,11.9416,79.8083,7,peak,21,3,budget,luxury,low,13570.2,3,1.5,371337.18
city_darjeeling,Darjeeling,India,East & Northeast,46.0,18.0,28.0,27.041,88.2663,10,shoulder,5,3,budget,luxury,medium,12262.0,1,1.2,173319.51
city_shillong,Shillong,India,East & Northeast,48.0,18.0,28.0,25.5788,91.8933,3,off-peak,3,3,luxury,luxury,medium,12501.1,1,1.0,163489.95
city_kolkata,Kolkata,India,East & Northeast,45.0,20.0,26.0,22.5726,88.3639,3,off-peak,7,1,mid,backpacker,low,12745.7,2,1.0,51248.17
city_varanasi,Varanasi,India,Central & Spiritual,38.0,16.0,22.0,25.3176,82.9739,5,shoulder,21,3,mid,explorer,medium,12297.1,3,1.2,289523.83
city_agra,Agra,India,Central & Spiritual,45.0,18.0,30.0,27.1767,78.0081,10,shoulder,7,3,mid,backpacker,medium,11932.3,2,1.2,166838.51
city_amritsar,Amritsar,India,Central & Spiritual,42.0,18.0,26.0,31.634,74.8723,3,off-peak,14,4,budget,backpacker,low,11357.9,3,1.0,181404.67
city_ayodhya,Ayodhya,India,Central & Spiritual,38.0,16.0,22.0,26.7922,82.1998,1,off-peak,5,2,budget,explorer,medium,12117.0,1,1.0,91411.19
city_rann of kutch,Rann of Kutch,India,West & Rajasthan,60.0,20.0,35.0,23.8342,69.8329,2,off-peak,10,1,mid,explorer,high,11923.4,2,1.0,86551.96
city_ahmedabad,Ahmedabad,India,West & Rajasthan,45.0,22.0,30.0,23.0225,72.5714,9,shoulder,10,4,mid,backpacker,high,12130.9,2,1.2,288590.64
city_mumbai,Mumbai,India,West & Rajasthan,55.0,35.0,40.0,19.076,72.8777,2,off-peak,5,3,budget,backpacker,high,12538.0,1,1.0,154662.84
city_delhi,Delhi,India,Central & Spiritual,50.0,28.0,38.0,28.6139,77.209,9,shoulder,7,2,luxury,backpacker,high,11754.7,2,1.2,181610.77
city_bengaluru,Bengaluru,India,South India & Western Ghats,55.0,30.0,42.0,12.9716,77.5946,2,off-peak,5,4,luxury,backpacker,medium,13368.0,1,1.0,279933.0
city_goa,Goa,India,West & Rajasthan,45.0,20.0,35.0,15.2993,74.124,1,off-peak,7,1,mid,explorer,high,12972.7,2,1.0,73133.85
city_udaipur,Udaipur,India,West & Rajasthan,55.0,22.0,35.0,24.5854,73.7125,6,peak,5,1,budget,explorer,high,12024.7,1,1.5,56611.12
city_jaipur,Jaipur,India,West & Rajasthan,40.0,18.0,30.0,26.9124,75.7873,11,off-peak,10,4,luxury,explorer,high,11874.7,2,1.0,346326.28
city_manali,Manali,India,North India (Himalayas),50.0,22.0,32.0,32.2396,77.1887,1,off-peak,21,4,mid,luxury,high,11380.5,3,1.0,495701.21
city_leh ladakh,Leh Ladakh,India,North India (Himalayas),65.0,25.0,35.0,34.1526,77.5771,10,shoulder,5,2,budget,luxury,medium,11196.3,1,1.2,103864.38
city_srinagar,Srinagar,India,North India (Himalayas),55.0,20.0,35.0,34.0837,74.7973,2,off-peak,14,4,budget,explorer,medium,11105.4,3,1.0,247919.57
city_shimla,Shimla,India,North India (Himalayas),48.0,20.0,30.0,31.1048,77.1734,3,off-peak,5,4,budget,backpacker,low,11496.9,1,1.0,168453.91
city_rishikesh,Rishikesh,India,North India (Himalayas),40.0,16.0,25.0,30.0869,78.2676,5,shoulder,21,2,budget,explorer,medium,11640.8,3,1.2,157349.28
city_munnar,Munnar,India,South India & Western Ghats,45.0,20.0,28.0,10.0889,77.0595,7,peak,21,3,luxury,luxury,low,13633.1,3,1.5,714883.26
city_alleppey,Alleppey,India,South India & Western Ghats,55.0,22.0,30.0,9.4981,76.3388,6,peak,14,2,mid,explorer,medium,13657.3,3,1.5,189197.37
city_hampi,Hampi,India,South India & Western Ghats,38.0,14.0,22.0,15.335,76.46,8,peak,7,4,budget,explorer,medium,13078.1,2,1.5,202772.15
city_coorg,Coorg,India,South India & Western Ghats,52.0,22.0,32.0,12.3375,75.8069,7,peak,3,1,luxury,explorer,medium,13348.5,1,1.5,77423.82
city_pondicherry,Pondicherry,India,South India & Western Ghats,50.0,22.0,35.0,11.9416,79.8083,11,off-peak,5,2,mid,luxury,high,13570.2,1,1.0,126429.64
city_darjeeling,Darjeeling,India,East & Northeast,46.0,18.0,28.0,27.041,88.2663,8,peak,10,1,mid,explorer,low,12262.0,2,1.5,80740.38
city_shillong,Shillong,India,East & Northeast,48.0,18.0,28.0,25.5788,91.8933,3,off-peak,21,3,budget,luxury,medium,12501.1,3,1.0,284141.54
city_kolkata,Kolkata,India,East & Northeast,45.0,20.0,26.0,22.5726,88.3639,2,off-peak,3,1,luxury,explorer,medium,12745.7,1,1.0,64259.76
city_varanasi,Varanasi,India,Central & Spiritual,38.0,16.0,22.0,25.3176,82.9739,2,off-peak,10,3,mid,explorer,high,12297.1,2,1.0,218649.73
city_agra,Agra,India,Central & Spiritual,45.0,18.0,30.0,27.1767,78.0081,2,off-peak,21,4,budget,backpacker,medium,11932.3,3,1.0,271369.77
city_amritsar,Amritsar,India,Central & Spiritual,42.0,18.0,26.0,31.634,74.8723,1,off-peak,3,4,luxury,explorer,medium,11357.9,1,1.0,182491.43
city_ayodhya,Ayodhya,India,Central & Spiritual,38.0,16.0,22.0,26.7922,82.1998,11,off-peak,10,3,mid,backpacker,low,12117.0,2,1.0,159296.5
city_rann of kutch,Rann of Kutch,India,West & Rajasthan,60.0,20.0,35.0,23.8342,69.8329,3,off-peak,3,3,luxury,backpacker,medium,11923.4,1,1.0,159339.41
city_ahmedabad,Ahmedabad,India,West & Rajasthan,45.0,22.0,30.0,23.0225,72.5714,2,off-peak,3,2,luxury,explorer,medium,12130.9,1,1.0,104731.58
city_mumbai,Mumbai,India,West & Rajasthan,55.0,35.0,40.0,19.076,72.8777,12,peak,10,4,mid,luxury,high,12538.0,2,1.5,443289.98
city_delhi,Delhi,India,Central & Spiritual,50.0,28.0,38.0,28.6139,77.209,12,peak,21,4,mid,backpacker,low,11754.7,3,1.5,457863.05
city_bengaluru,Bengaluru,India,South India & Western Ghats,55.0,30.0,42.0,12.9716,77.5946,3,off-peak,3,2,budget,backpacker,high,13368.0,1,1.0,105267.12
city_goa,Goa,India,West & Rajasthan,45.0,20.0,35.0,15.2993,74.124,4,shoulder,10,2,luxury,backpacker,medium,12972.7,2,1.2,181949.3
city_udaipur,Udaipur,India,West & Rajasthan,55.0,22.0,35.0,24.5854,73.7125,11,off-peak,14,2,budget,explorer,medium,12024.7,3,1.0,132535.12
city_jaipur,Jaipur,India,West & Rajasthan,40.0,18.0,30.0,26.9124,75.7873,2,off-peak,5,2,luxury,luxury,medium,11874.7,1,1.0,131913.88
city_manali,Manali,India,North India (Himalayas),50.0,22.0,32.0,32.2396,77.1887,8,peak,10,1,mid,luxury,low,11380.5,2,1.5,105181.03
city_leh ladakh,Leh Ladakh,India,North India (Himalayas),65.0,25.0,35.0,34.1526,77.5771,7,peak,3,3,budget,backpacker,high,11196.3,1,1.5,138942.96
city_srinagar,Srinagar,India,North India (Himalayas),55.0,20.0,35.0,34.0837,74.7973,12,peak,10,4,mid,luxury,high,11105.4,2,1.5,359222.3
city_shimla,Shimla,India,North India (Himalayas),48.0,20.0,30.0,31.1048,77.1734,5,shoulder,3,4,mid,explorer,high,11496.9,1,1.2,177773.63
city_rishikesh,Rishikesh,India,North India (Himalayas),40.0,16.0,25.0,30.0869,78.2676,10,shoulder,21,4,budget,luxury,low,11640.8,3,1.2,320076.46
city_munnar,Munnar,India,South India & Western Ghats,45.0,20.0,28.0,10.0889,77.0595,6,peak,14,1,mid,luxury,medium,13633.1,3,1.5,131582.45
city_alleppey,Alleppey,India,South India & Western Ghats,55.0,22.0,30.0,9.4981,76.3388,8,peak,3,4,luxury,luxury,medium,13657.3,1,1.5,257214.47
city_hampi,Hampi,India,South India & Western Ghats,38.0,14.0,22.0,15.335,76.46,3,off-peak,7,2,mid,explorer,medium,13078.1,2,1.0,108918.17
city_coorg,Coorg,India,South India & Western Ghats,52.0,22.0,32.0,12.3375,75.8069,4,shoulder,14,2,luxury,luxury,medium,13348.5,3,1.2,311842.56
city_pondicherry,Pondicherry,India,South India & Western Ghats,50.0,22.0,35.0,11.9416,79.8083,12,peak,21,4,budget,explorer,high,13570.2,3,1.5,428222.44
city_darjeeling,Darjeeling,India,East & Northeast,46.0,18.0,28.0,27.041,88.2663,12,peak,10,4,luxury,luxury,high,12262.0,2,1.5,468388.84
city_shillong,Shillong,India,East & Northeast,48.0,18.0,28.0,25.5788,91.8933,3,off-peak,14,2,mid,luxury,high,12501.1,3,1.0,196352.42
city_kolkata,Kolkata,India,East & Northeast,45.0,20.0,26.0,22.5726,88.3639,2,off-peak,21,4,budget,backpacker,low,12745.7,3,1.0,246682.65
city_varanasi,Varanasi,India,Central & Spiritual,38.0,16.0,22.0,25.3176,82.9739,7,peak,10,3,budget,backpacker,high,12297.1,2,1.5,196237.25
city_agra,Agra,India,Central & Spiritual,45.0,18.0,30.0,27.1767,78.0081,1,off-peak,3,3,mid,explorer,high,11932.3,1,1.0,147839.75
city_amritsar,Amritsar,India,Central & Spiritual,42.0,18.0,26.0,31.634,74.8723,9,shoulder,3,1,mid,explorer,low,11357.9,1,1.2,48948.21
city_ayodhya,Ayodhya,India,Central & Spiritual,38.0,16.0,22.0,26.7922,82.1998,10,shoulder,5,1,luxury,backpacker,medium,12117.0,1,1.2,74993.28
city_rann of kutch,Rann of Kutch,India,West & Rajasthan,60.0,20.0,35.0,23.8342,69.8329,6,peak,3,3,budget,luxury,high,11923.4,1,1.5,162315.89
city_ahmedabad,Ahmedabad,India,West & Rajasthan,45.0,22.0,30.0,23.0225,72.5714,10,shoulder,21,1,luxury,backpacker,medium,12130.9,3,1.2,263375.89
city_mumbai,Mumbai,India,West & Rajasthan,55.0,35.0,40.0,19.076,72.8777,2,off-peak,3,1,luxury,backpacker,high,12538.0,1,1.0,70485.77
city_delhi,Delhi,India,Central & Spiritual,50.0,28.0,38.0,28.6139,77.209,2,off-peak,5,1,budget,explorer,low,11754.7,1,1.0,47314.3
city_bengaluru,Bengaluru,India,South India & Western Ghats,55.0,30.0,42.0,12.9716,77.5946,9,shoulder,10,1,budget,luxury,medium,13368.0,2,1.2,83602.59
city_goa,Goa,India,West & Rajasthan,45.0,20.0,35.0,15.2993,74.124,6,peak,5,1,budget,explorer,medium,12972.7,1,1.5,55462.06
city_udaipur,Udaipur,India,West & Rajasthan,55.0,22.0,35.0,24.5854,73.7125,8,peak,7,3,luxury,backpacker,low,12024.7,2,1.5,287935.21
city_jaipur,Jaipur,India,West & Rajasthan,40.0,18.0,30.0,26.9124,75.7873,5,shoulder,7,4,mid,luxury,high,11874.7,2,1.2,275781.77
city_manali,Manali,India,North India (Himalayas),50.0,22.0,32.0,32.2396,77.1887,9,shoulder,10,2,budget,explorer,medium,11380.5,2,1.2,122060.55
city_leh ladakh,Leh Ladakh,India,North India (Himalayas),65.0,25.0,35.0,34.1526,77.5771,7,peak,10,3,budget,explorer,low,11196.3,2,1.5,183321.3
city_srinagar,Srinagar,India,North India (Himalayas),55.0,20.0,35.0,34.0837,74.7973,9,shoulder,3,1,mid,explorer,medium,11105.4,1,1.2,43761.65
city_shimla,Shimla,India,North India (Himalayas),48.0,20.0,30.0,31.1048,77.1734,3,off-peak,10,1,mid,backpacker,high,11496.9,2,1.0,78527.71
city_rishikesh,Rishikesh,India,North India (Himalayas),40.0,16.0,25.0,30.0869,78.2676,10,shoulder,3,3,mid,explorer,high,11640.8,1,1.2,137225.82
city_munnar,Munnar,India,South India & Western Ghats,45.0,20.0,28.0,10.0889,77.0595,12,peak,14,3,luxury,luxury,medium,13633.1,3,1.5,544107.49
city_alleppey,Alleppey,India,South India & Western Ghats,55.0,22.0,30.0,9.4981,76.3388,5,shoulder,14,2,luxury,explorer,medium,13657.3,3,1.2,252969.56
city_hampi,Hampi,India,South India & Western Ghats,38.0,14.0,22.0,15.335,76.46,11,off-peak,5,4,luxury,explorer,high,13078.1,1,1.0,238525.55
city_coorg,Coorg,India,South India & Western Ghats,52.0,22.0,32.0,12.3375,75.8069,5,shoulder,3,1,luxury,explorer,medium,13348.5,1,1.2,73969.71
city_pondicherry,Pondicherry,India,South India & Western Ghats,50.0,22.0,35.0,11.9416,79.8083,12,peak,21,2,luxury,luxury,medium,13570.2,3,1.5,479111.0
city_darjeeling,Darjeeling,India,East & Northeast,46.0,18.0,28.0,27.041,88.2663,5,shoulder,14,3,luxury,backpacker,low,12262.0,3,1.2,370956.75
city_shillong,Shillong,India,East & Northeast,48.0,18.0,28.0,25.5788,91.8933,1,off-peak,14,3,budget,explorer,high,12501.1,3,1.0,211407.49
city_kolkata,Kolkata,India,East & Northeast,45.0,20.0,26.0,22.5726,88.3639,12,peak,3,3,mid,luxury,high,12745.7,1,1.5,173645.15
city_varanasi,Varanasi,India,Central & Spiritual,38.0,16.0,22.0,25.3176,82.9739,6,peak,3,1,luxury,backpacker,medium,12297.1,1,1.5,63979.86
city_agra,Agra,India,Central & Spiritual,45.0,18.0,30.0,27.1767,78.0081,8,peak,7,2,luxury,luxury,high,11932.3,2,1.5,207865.14
city_amritsar,Amritsar,India,Central & Spiritual,42.0,18.0,26.0,31.634,74.8723,12,peak,21,2,mid,explorer,medium,11357.9,3,1.5,194518.65
city_ayodhya,Ayodhya,India,Central & Spiritual,38.0,16.0,22.0,26.7922,82.1998,10,shoulder,21,2,luxury,explorer,high,12117.0,3,1.2,276098.36
city_rann of kutch,Rann of Kutch,India,West & Rajasthan,60.0,20.0,35.0,23.8342,69.8329,12,peak,5,1,mid,luxury,high,11923.4,1,1.5,77941.7
city_ahmedabad,Ahmedabad,India,West & Rajasthan,45.0,22.0,30.0,23.0225,72.5714,8,peak,3,2,luxury,explorer,medium,12130.9,1,1.5,128193.71
city_mumbai,Mumbai,India,West & Rajasthan,55.0,35.0,40.0,19.076,72.8777,2,off-peak,3,1,mid,backpacker,medium,12538.0,1,1.0,54134.91
city_delhi,Delhi,India,Central & Spiritual,50.0,28.0,38.0,28.6139,77.209,11,off-peak,14,4,luxury,luxury,high,11754.7,3,1.0,624743.99
city_bengaluru,Bengaluru,India,South India & Western Ghats,55.0,30.0,42.0,12.9716,77.5946,7,peak,7,4,luxury,explorer,medium,13368.0,2,1.5,421880.15
city_goa,Goa,India,West & Rajasthan,45.0,20.0,35.0,15.2993,74.124,12,peak,10,2,budget,luxury,low,12972.7,2,1.5,137085.31
city_udaipur,Udaipur,India,West & Rajasthan,55.0,22.0,35.0,24.5854,73.7125,8,peak,21,4,budget,luxury,high,12024.7,3,1.5,577701.31
city_jaipur,Jaipur,India,West & Rajasthan,40.0,18.0,30.0,26.9124,75.7873,4,shoulder,10,4,budget,luxury,low,11874.7,2,1.2,248037.65
city_manali,Manali,India,North India (Himalayas),50.0,22.0,32.0,32.2396,77.1887,9,shoulder,7,1,luxury,explorer,low,11380.5,2,1.2,112625.55
city_leh ladakh,Leh Ladakh,India,North India (Himalayas),65.0,25.0,35.0,34.1526,77.5771,1,off-peak,14,2,budget,explorer,medium,11196.3,3,1.0,131408.02
city_srinagar,Srinagar,India,North India (Himalayas),55.0,20.0,35.0,34.0837,74.7973,6,peak,7,3,mid,backpacker,low,11105.4,2,1.5,177702.14
city_shimla,Shimla,India,North India (Himalayas),48.0,20.0,30.0,31.1048,77.1734,1,off-peak,7,3,budget,backpacker,high,11496.9,2,1.0,162567.93
city_rishikesh,Rishikesh,India,North India (Himalayas),40.0,16.0,25.0,30.0869,78.2676,8,peak,3,1,luxury,explorer,low,11640.8,1,1.5,66330.08
city_munnar,Munnar,India,South India & Western Ghats,45.0,20.0,28.0,10.0889,77.0595,10,shoulder,7,4,mid,explorer,medium,13633.1,2,1.2,235728.89
city_alleppey,Alleppey,India,South India & Western Ghats,55.0,22.0,30.0,9.4981,76.3388,12,peak,14,2,budget,luxury,high,13657.3,3,1.5,200161.9
city_hampi,Hampi,India,South India & Western Ghats,38.0,14.0,22.0,15.335,76.46,8,peak,5,3,budget,luxury,high,13078.1,1,1.5,178268.15
city_coorg,Coorg,India,South India & Western Ghats,52.0,22.0,32.0,12.3375,75.8069,10,shoulder,10,4,budget,explorer,medium,13348.5,2,1.2,217207.39
city_pondicherry,Pondicherry,India,South India & Western Ghats,50.0,22.0,35.0,11.9416,79.8083,8,peak,21,3,luxury,backpacker,low,13570.2,3,1.5,641662.75
city_darjeeling,Darjeeling,India,East & Northeast,46.0,18.0,28.0,27.041,88.2663,12,peak,3,3,luxury,luxury,low,12262.0,1,1.5,188648.13
city_shillong,Shillong,India,East & Northeast,48.0,18.0,28.0,25.5788,91.8933,10,shoulder,14,1,luxury,luxury,low,12501.1,3,1.2,170146.69
city_kolkata,Kolkata,India,East & Northeast,45.0,20.0,26.0,22.5726,88.3639,8,peak,14,1,budget,luxury,high,12745.7,3,1.5,107465.38
city_varanasi,Varanasi,India,Central & Spiritual,38.0,16.0,22.0,25.3176,82.9739,4,shoulder,5,4,budget,luxury,high,12297.1,1,1.2,216506.71
city_agra,Agra,India,Central & Spiritual,45.0,18.0,30.0,27.1767,78.0081,6,peak,10,1,mid,backpacker,medium,11932.3,2,1.5,76664.6
city_amritsar,Amritsar,India,Central & Spiritual,42.0,18.0,26.0,31.634,74.8723,9,shoulder,7,4,mid,backpacker,low,11357.9,2,1.2,196014.81
city_ayodhya,Ayodhya,India,Central & Spiritual,38.0,16.0,22.0,26.7922,82.1998,2,off-peak,14,2,mid,backpacker,low,12117.0,3,1.0,114640.63
city_rann of kutch,Rann of Kutch,India,West & Rajasthan,60.0,20.0,35.0,23.8342,69.8329,5,shoulder,10,2,budget,luxury,medium,11923.4,2,1.2,145454.16
city_ahmedabad,Ahmedabad,India,West & Rajasthan,45.0,22.0,30.0,23.0225,72.5714,3,off-peak,3,1,mid,explorer,low,12130.9,1,1.0,46550.42
city_mumbai,Mumbai,India,West & Rajasthan,55.0,35.0,40.0,19.076,72.8777,6,peak,7,4,budget,backpacker,low,12538.0,2,1.5,221750.38
city_delhi,Delhi,India,Central & Spiritual,50.0,28.0,38.0,28.6139,77.209,4,shoulder,14,2,mid,luxury,high,11754.7,3,1.2,232896.33
city_bengaluru,Bengaluru,India,South India & Western Ghats,55.0,30.0,42.0,12.9716,77.5946,1,off-peak,7,4,luxury,explorer,low,13368.0,2,1.0,348754.09
city_goa,Goa,India,West & Rajasthan,45.0,20.0,35.0,15.2993,74.124,8,peak,3,4,luxury,backpacker,low,12972.7,1,1.5,226500.58
city_udaipur,Udaipur,India,West & Rajasthan,55.0,22.0,35.0,24.5854,73.7125,11,off-peak,3,2,luxury,luxury,low,12024.7,1,1.0,123020.34
city_jaipur,Jaipur,India,West & Rajasthan,40.0,18.0,30.0,26.9124,75.7873,5,shoulder,14,4,mid,backpacker,high,11874.7,3,1.2,291455.86
city_manali,Manali,India,North India (Himalayas),50.0,22.0,32.0,32.2396,77.1887,3,off-peak,7,2,budget,luxury,medium,11380.5,2,1.0,109974.6
city_leh ladakh,Leh Ladakh,India,North India (Himalayas),65.0,25.0,35.0,34.1526,77.5771,9,shoulder,10,1,budget,explorer,high,11196.3,2,1.2,69387.36
city_srinagar,Srinagar,India,North India (Himalayas),55.0,20.0,35.0,34.0837,74.7973,1,off-peak,3,4,mid,luxury,medium,11105.4,1,1.0,204343.3
city_shimla,Shimla,India,North India (Himalayas),48.0,20.0,30.0,31.1048,77.1734,11,off-peak,10,3,luxury,backpacker,high,11496.9,2,1.0,304302.47
city_rishikesh,Rishikesh,India,North India (Himalayas),40.0,16.0,25.0,30.0869,78.2676,3,off-peak,21,1,mid,backpacker,medium,11640.8,3,1.0,92390.73
city_munnar,Munnar,India,South India & Western Ghats,45.0,20.0,28.0,10.0889,77.0595,12,peak,3,2,luxury,luxury,medium,13633.1,1,1.5,134462.89
city_alleppey,Alleppey,India,South India & Western Ghats,55.0,22.0,30.0,9.4981,76.3388,9,shoulder,7,3,luxury,explorer,high,13657.3,2,1.2,292877.1
city_hampi,Hampi,India,South India & Western Ghats,38.0,14.0,22.0,15.335,76.46,8,peak,7,2,luxury,explorer,medium,13078.1,2,1.5,155132.28
city_coorg,Coorg,India,South India & Western Ghats,52.0,22.0,32.0,12.3375,75.8069,6,peak,3,2,luxury,backpacker,high,13348.5,1,1.5,142400.82
city_pondicherry,Pondicherry,India,South India & Western Ghats,50.0,22.0,35.0,11.9416,79.8083,8,peak,3,1,luxury,backpacker,medium,13570.2,1,1.5,73537.05
city_darjeeling,Darjeeling,India,East & Northeast,46.0,18.0,28.0,27.041,88.2663,8,peak,10,1,luxury,luxury,low,12262.0,2,1.5,153064.61
city_shillong,Shillong,India,East & Northeast,48.0,18.0,28.0,25.5788,91.8933,9,shoulder,3,4,luxury,backpacker,medium,12501.1,1,1.2,219220.41
city_kolkata,Kolkata,India,East & Northeast,45.0,20.0,26.0,22.5726,88.3639,10,shoulder,7,4,budget,luxury,low,12745.7,2,1.2,222216.26
city_varanasi,Varanasi,India,Central & Spiritual,38.0,16.0,22.0,25.3176,82.9739,2,off-peak,10,3,budget,explorer,low,12297.1,2,1.0,149701.65
city_agra,Agra,India,Central & Spiritual,45.0,18.0,30.0,27.1767,78.0081,5,shoulder,21,3,budget,backpacker,high,11932.3,3,1.2,267476.73
city_amritsar,Amritsar,India,Central & Spiritual,42.0,18.0,26.0,31.634,74.8723,11,off-peak,7,2,budget,explorer,medium,11357.9,2,1.0,97968.07
city_ayodhya,Ayodhya,India,Central & Spiritual,38.0,16.0,22.0,26.7922,82.1998,12,peak,21,2,budget,backpacker,high,12117.0,3,1.5,173857.9
city_rann of kutch,Rann of Kutch,India,West & Rajasthan,60.0,20.0,35.0,23.8342,69.8329,7,peak,3,3,luxury,luxury,medium,11923.4,1,1.5,206592.18
city_ahmedabad,Ahmedabad,India,West & Rajasthan,45.0,22.0,30.0,23.0225,72.5714,12,peak,14,2,budget,luxury,low,12130.9,3,1.5,175538.01
city_mumbai,Mumbai,India,West & Rajasthan,55.0,35.0,40.0,19.076,72.8777,12,peak,3,2,mid,luxury,low,12538.0,1,1.5,122885.21
city_delhi,Delhi,India,Central & Spiritual,50.0,28.0,38.0,28.6139,77.209,5,shoulder,5,1,luxury,luxury,high,11754.7,1,1.2,107788.37
city_bengaluru,Bengaluru,India,South India & Western Ghats,55.0,30.0,42.0,12.9716,77.5946,10,shoulder,7,4,budget,explorer,high,13368.0,2,1.2,248030.26
city_goa,Goa,India,West & Rajasthan,45.0,20.0,35.0,15.2993,74.124,6,peak,10,4,mid,backpacker,high,12972.7,2,1.5,289824.88
city_udaipur,Udaipur,India,West & Rajasthan,55.0,22.0,35.0,24.5854,73.7125,9,shoulder,10,4,mid,luxury,low,12024.7,2,1.2,319917.24
city_jaipur,Jaipur,India,West & Rajasthan,40.0,18.0,30.0,26.9124,75.7873,5,shoulder,10,4,mid,backpacker,medium,11874.7,2,1.2,233624.72
city_manali,Manali,India,North India (Himalayas),50.0,22.0,32.0,32.2396,77.1887,4,shoulder,7,1,luxury,backpacker,high,11380.5,2,1.2,113681.81
city_leh ladakh,Leh Ladakh,India,North India (Himalayas),65.0,25.0,35.0,34.1526,77.5771,2,off-peak,5,2,budget,explorer,medium,11196.3,1,1.0,95537.7
city_srinagar,Srinagar,India,North India (Himalayas),55.0,20.0,35.0,34.0837,74.7973,2,off-peak,21,1,budget,explorer,medium,11105.4,3,1.0,86094.94
city_shimla,Shimla,India,North India (Himalayas),48.0,20.0,30.0,31.1048,77.1734,11,off-peak,7,3,budget,backpacker,medium,11496.9,2,1.0,130097.61
city_rishikesh,Rishikesh,India,North India (Himalayas),40.0,16.0,25.0,30.0869,78.2676,4,shoulder,7,1,mid,luxury,low,11640.8,2,1.2,70077.88
city_munnar,Munnar,India,South India & Western Ghats,45.0,20.0,28.0,10.0889,77.0595,10,shoulder,10,1,luxury,explorer,high,13633.1,2,1.2,142621.55
city_alleppey,Alleppey,India,South India & Western Ghats,55.0,22.0,30.0,9.4981,76.3388,2,off-peak,3,1,budget,explorer,medium,13657.3,1,1.0,50972.08
city_hampi,Hampi,India,South India & Western Ghats,38.0,14.0,22.0,15.335,76.46,3,off-peak,3,4,budget,explorer,high,13078.1,1,1.0,175550.77
city_coorg,Coorg,India,South India & Western Ghats,52.0,22.0,32.0,12.3375,75.8069,11,off-peak,10,1,budget,luxury,low,13348.5,2,1.0,67443.49
city_pondicherry,Pondicherry,India,South India & Western Ghats,50.0,22.0,35.0,11.9416,79.8083,7,peak,10,1,luxury,explorer,low,13570.2,2,1.5,168790.37
city_darjeeling,Darjeeling,India,East & Northeast,46.0,18.0,28.0,27.041,88.2663,10,shoulder,21,1,mid,explorer,medium,12262.0,3,1.2,125671.01
city_shillong,Shillong,India,East & Northeast,48.0,18.0,28.0,25.5788,91.8933,10,shoulder,3,3,luxury,luxury,low,12501.1,1,1.2,160093.82
city_kolkata,Kolkata,India,East & Northeast,45.0,20.0,26.0,22.5726,88.3639,8,peak,14,3,luxury,backpacker,low,12745.7,3,1.5,463238.02
city_varanasi,Varanasi,India,Central & Spiritual,38.0,16.0,22.0,25.3176,82.9739,2,off-peak,14,2,luxury,backpacker,high,12297.1,3,1.0,207521.39
city_agra,Agra,India,Central & Spiritual,45.0,18.0,30.0,27.1767,78.0081,9,shoulder,7,3,mid,explorer,high,11932.3,2,1.2,187986.8
city_amritsar,Amritsar,India,Central & Spiritual,42.0,18.0,26.0,31.634,74.8723,3,off-peak,3,1,budget,explorer,high,11357.9,1,1.0,42152.42
city_ayodhya,Ayodhya,India,Central & Spiritual,38.0,16.0,22.0,26.7922,82.1998,7,peak,14,3,mid,luxury,high,12117.0,3,1.5,327320.77
city_rann of kutch,Rann of Kutch,India,West & Rajasthan,60.0,20.0,35.0,23.8342,69.8329,5,shoulder,14,3,mid,explorer,low,11923.4,3,1.2,235285.68
city_ahmedabad,Ahmedabad,India,West & Rajasthan,45.0,22.0,30.0,23.0225,72.5714,9,shoulder,14,2,budget,backpacker,high,12130.9,3,1.2,145275.23
city_mumbai,Mumbai,India,West & Rajasthan,55.0,35.0,40.0,19.076,72.8777,1,off-peak,10,3,budget,backpacker,high,12538.0,2,1.0,189911.96
city_delhi,Delhi,India,Central & Spiritual,50.0,28.0,38.0,28.6139,77.209,4,shoulder,3,3,budget,luxury,medium,11754.7,1,1.2,137667.26
city_bengaluru,Bengaluru,India,South India & Western Ghats,55.0,30.0,42.0,12.9716,77.5946,10,shoulder,21,3,luxury,luxury,medium,13368.0,3,1.2,750184.4
city_goa,Goa,India,West & Rajasthan,45.0,20.0,35.0,15.2993,74.124,10,shoulder,7,4,mid,backpacker,low,12972.7,2,1.2,199486.8
city_udaipur,Udaipur,India,West & Rajasthan,55.0,22.0,35.0,24.5854,73.7125,1,off-peak,10,2,budget,luxury,low,12024.7,2,1.0,129495.22
city_jaipur,Jaipur,India,West & Rajasthan,40.0,18.0,30.0,26.9124,75.7873,12,peak,5,4,luxury,backpacker,low,11874.7,1,1.5,232892.3
city_manali,Manali,India,North India (Himalayas),50.0,22.0,32.0,32.2396,77.1887,6,peak,21,4,budget,explorer,low,11380.5,3,1.5,322089.39
city_leh ladakh,Leh Ladakh,India,North India (Himalayas),65.0,25.0,35.0,34.1526,77.5771,1,off-peak,7,1,budget,explorer,low,11196.3,2,1.0,48358.92
city_srinagar,Srinagar,India,North India (Himalayas),55.0,20.0,35.0,34.0837,74.7973,8,peak,5,3,budget,backpacker,low,11105.4,1,1.5,127186.46
city_shimla,Shimla,India,North India (Himalayas),48.0,20.0,30.0,31.1048,77.1734,4,shoulder,7,2,budget,explorer,high,11496.9,2,1.2,114090.5
city_rishikesh,Rishikesh,India,North India (Himalayas),40.0,16.0,25.0,30.0869,78.2676,4,shoulder,5,2,budget,backpacker,medium,11640.8,1,1.2,92554.22
city_munnar,Munnar,India,South India & Western Ghats,45.0,20.0,28.0,10.0889,77.0595,2,off-peak,3,2,mid,luxury,low,13633.1,1,1.0,98076.35
city_alleppey,Alleppey,India,South India & Western Ghats,55.0,22.0,30.0,9.4981,76.3388,8,peak,5,3,mid,luxury,low,13657.3,1,1.5,209539.13
city_hampi,Hampi,India,South India & Western Ghats,38.0,14.0,22.0,15.335,76.46,9,shoulder,14,4,luxury,backpacker,low,13078.1,3,1.2,378811.23
city_coorg,Coorg,India,South India & Western Ghats,52.0,22.0,32.0,12.3375,75.8069,4,shoulder,5,4,luxury,explorer,medium,13348.5,1,1.2,309995.3
city_pondicherry,Pondicherry,India,South India & Western Ghats,50.0,22.0,35.0,11.9416,79.8083,10,shoulder,10,2,budget,luxury,high,13570.2,2,1.2,171549.44
city_darjeeling,Darjeeling,India,East & Northeast,46.0,18.0,28.0,27.041,88.2663,3,off-peak,7,2,budget,luxury,medium,12262.0,2,1.0,116949.98
city_shillong,Shillong,India,East & Northeast,48.0,18.0,28.0,25.5788,91.8933,3,off-peak,14,4,budget,luxury,low,12501.1,3,1.0,279373.56
city_kolkata,Kolkata,India,East & Northeast,45.0,20.0,26.0,22.5726,88.3639,10,shoulder,3,2,luxury,explorer,high,12745.7,1,1.2,105128.96
city_varanasi,Varanasi,India,Central & Spiritual,38.0,16.0,22.0,25.3176,82.9739,9,shoulder,7,4,luxury,explorer,low,12297.1,2,1.2,262098.72
city_agra,Agra,India,Central & Spiritual,45.0,18.0,30.0,27.1767,78.0081,12,peak,10,4,mid,explorer,high,11932.3,2,1.5,322289.35
city_amritsar,Amritsar,India,Central & Spiritual,42.0,18.0,26.0,31.634,74.8723,7,peak,21,1,budget,backpacker,low,11357.9,3,1.5,72570.86
city_ayodhya,Ayodhya,India,Central & Spiritual,38.0,16.0,22.0,26.7922,82.1998,4,shoulder,7,4,mid,luxury,low,12117.0,2,1.2,229280.86
city_rann of kutch,Rann of Kutch,India,West & Rajasthan,60.0,20.0,35.0,23.8342,69.8329,6,peak,7,1,budget,backpacker,medium,11923.4,2,1.5,52207.54
city_ahmedabad,Ahmedabad,India,West & Rajasthan,45.0,22.0,30.0,23.0225,72.5714,10,shoulder,3,4,luxury,luxury,medium,12130.9,1,1.2,237788.45
city_mumbai,Mumbai,India,West & Rajasthan,55.0,35.0,40.0,19.076,72.8777,7,peak,10,4,mid,explorer,medium,12538.0,2,1.5,366522.18
city_delhi,Delhi,India,Central & Spiritual,50.0,28.0,38.0,28.6139,77.209,7,peak,3,2,mid,backpacker,medium,11754.7,1,1.5,90661.85
city_bengaluru,Bengaluru,India,South India & Western Ghats,55.0,30.0,42.0,12.9716,77.5946,11,off-peak,3,3,budget,explorer,high,13368.0,1,1.0,139690.48
city_goa,Goa,India,West & Rajasthan,45.0,20.0,35.0,15.2993,74.124,5,shoulder,5,1,budget,backpacker,medium,12972.7,1,1.2,50003.66
city_udaipur,Udaipur,India,West & Rajasthan,55.0,22.0,35.0,24.5854,73.7125,1,off-peak,14,2,mid,backpacker,high,12024.7,3,1.0,157596.75
city_jaipur,Jaipur,India,West & Rajasthan,40.0,18.0,30.0,26.9124,75.7873,11,off-peak,7,2,luxury,luxury,low,11874.7,2,1.0,148125.12
city_manali,Manali,India,North India (Himalayas),50.0,22.0,32.0,32.2396,77.1887,12,peak,21,3,budget,explorer,medium,11380.5,3,1.5,290630.18
city_leh ladakh,Leh Ladakh,India,North India (Himalayas),65.0,25.0,35.0,34.1526,77.5771,7,peak,10,1,mid,luxury,high,11196.3,2,1.5,112439.38
city_srinagar,Srinagar,India,North India (Himalayas),55.0,20.0,35.0,34.0837,74.7973,3,off-peak,10,2,budget,luxury,high,11105.4,2,1.0,144594.23
city_shimla,Shimla,India,North India (Himalayas),48.0,20.0,30.0,31.1048,77.1734,10,shoulder,14,4,luxury,explorer,medium,11496.9,3,1.2,476199.82
city_rishikesh,Rishikesh,India,North India (Himalayas),40.0,16.0,25.0,30.0869,78.2676,2,off-peak,7,2,mid,luxury,medium,11640.8,2,1.0,114124.88
city_munnar,Munnar,India,South India & Western Ghats,45.0,20.0,28.0,10.0889,77.0595,9,shoulder,3,3,budget,luxury,low,13633.1,1,1.2,156126.82
city_alleppey,Alleppey,India,South India & Western Ghats,55.0,22.0,30.0,9.4981,76.3388,5,shoulder,21,1,mid,luxury,medium,13657.3,3,1.2,158260.01
city_hampi,Hampi,India,South India & Western Ghats,38.0,14.0,22.0,15.335,76.46,11,off-peak,10,3,mid,luxury,low,13078.1,2,1.0,204272.04
city_coorg,Coorg,India,South India & Western Ghats,52.0,22.0,32.0,12.3375,75.8069,10,shoulder,3,2,budget,explorer,high,13348.5,1,1.2,93288.13
city_pondicherry,Pondicherry,India,South India & Western Ghats,50.0,22.0,35.0,11.9416,79.8083,10,shoulder,14,4,mid,backpacker,medium,13570.2,3,1.2,300848.13
city_darjeeling,Darjeeling,India,East & Northeast,46.0,18.0,28.0,27.041,88.2663,2,off-peak,14,4,budget,explorer,low,12262.0,3,1.0,209304.48
city_shillong,Shillong,India,East & Northeast,48.0,18.0,28.0,25.5788,91.8933,11,off-peak,7,1,budget,backpacker,high,12501.1,2,1.0,61881.43
city_kolkata,Kolkata,India,East & Northeast,45.0,20.0,26.0,22.5726,88.3639,9,shoulder,5,1,luxury,luxury,medium,12745.7,1,1.2,95349.28
city_varanasi,Varanasi,India,Central & Spiritual,38.0,16.0,22.0,25.3176,82.9739,7,peak,7,2,budget,explorer,high,12297.1,2,1.5,113341.97
city_agra,Agra,India,Central & Spiritual,45.0,18.0,30.0,27.1767,78.0081,9,shoulder,3,4,budget,explorer,high,11932.3,1,1.2,185733.29
city_amritsar,Amritsar,India,Central & Spiritual,42.0,18.0,26.0,31.634,74.8723,7,peak,10,2,budget,backpacker,high,11357.9,2,1.5,119080.39
city_ayodhya,Ayodhya,India,Central & Spiritual,38.0,16.0,22.0,26.7922,82.1998,7,peak,10,1,mid,backpacker,low,12117.0,2,1.5,74115.66
city_rann of kutch,Rann of Kutch,India,West & Rajasthan,60.0,20.0,35.0,23.8342,69.8329,12,peak,21,4,budget,luxury,high,11923.4,3,1.5,544013.81
city_ahmedabad,Ahmedabad,India,West & Rajasthan,45.0,22.0,30.0,23.0225,72.5714,5,shoulder,14,2,luxury,luxury,high,12130.9,3,1.2,287877.82
city_mumbai,Mumbai,India,West & Rajasthan,55.0,35.0,40.0,19.076,72.8777,3,off-peak,10,1,mid,luxury,low,12538.0,2,1.0,105300.1
city_delhi,Delhi,India,Central & Spiritual,50.0,28.0,38.0,28.6139,77.209,9,shoulder,7,4,mid,explorer,high,11754.7,2,1.2,274849.67
city_bengaluru,Bengaluru,India,South India & Western Ghats,55.0,30.0,42.0,12.9716,77.5946,11,off-peak,10,3,luxury,luxury,medium,13368.0,2,1.0,421719.89
city_goa,Goa,India,West & Rajasthan,45.0,20.0,35.0,15.2993,74.124,7,peak,14,2,mid,backpacker,low,12972.7,3,1.5,163365.94
city_udaipur,Udaipur,India,West & Rajasthan,55.0,22.0,35.0,24.5854,73.7125,8,peak,10,2,luxury,luxury,low,12024.7,2,1.5,239183.69
city_jaipur,Jaipur,India,West & Rajasthan,40.0,18.0,30.0,26.9124,75.7873,7,peak,21,1,budget,backpacker,medium,11874.7,3,1.5,90531.71
city_manali,Manali,India,North India (Himalayas),50.0,22.0,32.0,32.2396,77.1887,11,off-peak,3,2,mid,explorer,high,11380.5,1,1.0,86487.06
city_leh ladakh,Leh Ladakh,India,North India (Himalayas),65.0,25.0,35.0,34.1526,77.5771,2,off-peak,7,1,budget,luxury,medium,11196.3,2,1.0,58527.43
city_srinagar,Srinagar,India,North India (Himalayas),55.0,20.0,35.0,34.0837,74.7973,4,shoulder,14,1,mid,backpacker,low,11105.4,3,1.2,86132.96
city_shimla,Shimla,India,North India (Himalayas),48.0,20.0,30.0,31.1048,77.1734,11,off-peak,21,4,mid,explorer,high,11496.9,3,1.0,407738.91
city_rishikesh,Rishikesh,India,North India (Himalayas),40.0,16.0,25.0,30.0869,78.2676,1,off-peak,3,3,budget,luxury,low,11640.8,1,1.0,127559.8
city_munnar,Munnar,India,South India & Western Ghats,45.0,20.0,28.0,10.0889,77.0595,6,peak,21,4,mid,explorer,low,13633.1,3,1.5,447492.48
city_alleppey,Alleppey,India,South India & Western Ghats,55.0,22.0,30.0,9.4981,76.3388,12,peak,10,2,mid,explorer,low,13657.3,2,1.5,153657.46
city_hampi,Hampi,India,South India & Western Ghats,38.0,14.0,22.0,15.335,76.46,3,off-peak,3,1,budget,explorer,low,13078.1,1,1.0,41521.31
city_coorg,Coorg,India,South India & Western Ghats,52.0,22.0,32.0,12.3375,75.8069,2,off-peak,21,1,luxury,explorer,low,13348.5,3,1.0,220852.87
city_pondicherry,Pondicherry,India,South India & Western Ghats,50.0,22.0,35.0,11.9416,79.8083,8,peak,7,2,budget,luxury,low,13570.2,2,1.5,142457.79
city_darjeeling,Darjeeling,India,East & Northeast,46.0,18.0,28.0,27.041,88.2663,8,peak,21,1,luxury,luxury,high,12262.0,3,1.5,301429.24
city_shillong,Shillong,India,East & Northeast,48.0,18.0,28.0,25.5788,91.8933,11,off-peak,21,1,mid,luxury,medium,12501.1,3,1.0,120967.19
city_kolkata,Kolkata,India,East & Northeast,45.0,20.0,26.0,22.5726,88.3639,1,off-peak,10,2,budget,explorer,low,12745.7,2,1.0,105863.85
city_varanasi,Varanasi,India,Central & Spiritual,38.0,16.0,22.0,25.3176,82.9739,4,shoulder,3,1,mid,backpacker,low,12297.1,1,1.2,45065.01
city_agra,Agra,India,Central & Spiritual,45.0,18.0,30.0,27.1767,78.0081,11,off-peak,3,2,budget,luxury,low,11932.3,1,1.0,88656.72
city_amritsar,Amritsar,India,Central & Spiritual,42.0,18.0,26.0,31.634,74.8723,12,peak,5,1,mid,luxury,low,11357.9,1,1.5,63887.46
city_ayodhya,Ayodhya,India,Central & Spiritual,38.0,16.0,22.0,26.7922,82.1998,11,off-peak,5,2,luxury,explorer,medium,12117.0,1,1.0,108656.4
city_rann of kutch,Rann of Kutch,India,West & Rajasthan,60.0,20.0,35.0,23.8342,69.8329,2,off-peak,5,2,budget,explorer,medium,11923.4,1,1.0,93919.88
city_ahmedabad,Ahmedabad,India,West & Rajasthan,45.0,22.0,30.0,23.0225,72.5714,6,peak,3,4,budget,explorer,low,12130.9,1,1.5,179671.27
city_mumbai,Mumbai,India,West & Rajasthan,55.0,35.0,40.0,19.076,72.8777,2,off-peak,21,3,luxury,luxury,medium,12538.0,3,1.0,888663.98
city_delhi,Delhi,India,Central & Spiritual,50.0,28.0,38.0,28.6139,77.209,7,peak,7,4,budget,luxury,high,11754.7,2,1.5,304699.5
city_bengaluru,Bengaluru,India,South India & Western Ghats,55.0,30.0,42.0,12.9716,77.5946,10,shoulder,5,3,budget,luxury,medium,13368.0,1,1.2,202651.56
city_goa,Goa,India,West & Rajasthan,45.0,20.0,35.0,15.2993,74.124,11,off-peak,21,2,mid,backpacker,high,12972.7,3,1.0,203242.96
city_udaipur,Udaipur,India,West & Rajasthan,55.0,22.0,35.0,24.5854,73.7125,12,peak,7,4,budget,explorer,low,12024.7,2,1.5,198189.49
city_jaipur,Jaipur,India,West & Rajasthan,40.0,18.0,30.0,26.9124,75.7873,7,peak,14,2,luxury,luxury,high,11874.7,3,1.5,299819.32
city_manali,Manali,India,North India (Himalayas),50.0,22.0,32.0,32.2396,77.1887,1,off-peak,5,1,luxury,backpacker,medium,11380.5,1,1.0,78689.07
city_leh ladakh,Leh Ladakh,India,North India (Himalayas),65.0,25.0,35.0,34.1526,77.5771,4,shoulder,14,1,budget,backpacker,medium,11196.3,3,1.2,72852.59
city_srinagar,Srinagar,India,North India (Himalayas),55.0,20.0,35.0,34.0837,74.7973,8,peak,7,2,budget,explorer,low,11105.4,2,1.5,96103.99
city_shimla,Shimla,India,North India (Himalayas),48.0,20.0,30.0,31.1048,77.1734,12,peak,14,4,luxury,explorer,low,11496.9,3,1.5,493849.05
city_rishikesh,Rishikesh,India,North India (Himalayas),40.0,16.0,25.0,30.0869,78.2676,5,shoulder,7,1,luxury,explorer,high,11640.8,2,1.2,100385.92
city_munnar,Munnar,India,South India & Western Ghats,45.0,20.0,28.0,10.0889,77.0595,4,shoulder,21,3,mid,backpacker,low,13633.1,3,1.2,263100.44
city_alleppey,Alleppey,India,South India & Western Ghats,55.0,22.0,30.0,9.4981,76.3388,9,shoulder,3,2,luxury,luxury,high,13657.3,1,1.2,132355.73
city_hampi,Hampi,India,South India & Western Ghats,38.0,14.0,22.0,15.335,76.46,9,shoulder,7,2,mid,luxury,low,13078.1,2,1.2,128455.41
city_coorg,Coorg,India,South India & Western Ghats,52.0,22.0,32.0,12.3375,75.8069,2,off-peak,10,1,budget,backpacker,high,13348.5,2,1.0,75920.17
city_pondicherry,Pondicherry,India,South India & Western Ghats,50.0,22.0,35.0,11.9416,79.8083,3,off-peak,3,2,luxury,luxury,low,13570.2,1,1.0,117046.27
city_darjeeling,Darjeeling,India,East & Northeast,46.0,18.0,28.0,27.041,88.2663,4,shoulder,14,1,mid,luxury,medium,12262.0,3,1.2,105128.86
city_shillong,Shillong,India,East & Northeast,48.0,18.0,28.0,25.5788,91.8933,4,shoulder,10,2,luxury,backpacker,medium,12501.1,2,1.2,185031.88
city_kolkata,Kolkata,India,East & Northeast,45.0,20.0,26.0,22.5726,88.3639,5,shoulder,14,4,luxury,backpacker,medium,12745.7,3,1.2,463119.35
city_varanasi,Varanasi,India,Central & Spiritual,38.0,16.0,22.0,25.3176,82.9739,6,peak,10,4,budget,explorer,medium,12297.1,2,1.5,218264.09
city_agra,Agra,India,Central & Spiritual,45.0,18.0,30.0,27.1767,78.0081,7,peak,14,4,budget,explorer,low,11932.3,3,1.5,254343.82
city_amritsar,Amritsar,India,Central & Spiritual,42.0,18.0,26.0,31.634,74.8723,2,off-peak,7,2,luxury,luxury,low,11357.9,2,1.0,129620.18
city_ayodhya,Ayodhya,India,Central & Spiritual,38.0,16.0,22.0,26.7922,82.1998,5,shoulder,10,4,mid,explorer,medium,12117.0,2,1.2,232533.17
city_rann of kutch,Rann of Kutch,India,West & Rajasthan,60.0,20.0,35.0,23.8342,69.8329,2,off-peak,7,2,luxury,explorer,low,11923.4,2,1.0,143218.33
city_ahmedabad,Ahmedabad,India,West & Rajasthan,45.0,22.0,30.0,23.0225,72.5714,3,off-peak,5,1,budget,luxury,high,12130.9,1,1.0,56455.56
city_mumbai,Mumbai,India,West & Rajasthan,55.0,35.0,40.0,19.076,72.8777,7,peak,10,3,mid,explorer,medium,12538.0,2,1.5,285045.33
city_delhi,Delhi,India,Central & Spiritual,50.0,28.0,38.0,28.6139,77.209,11,off-peak,14,1,mid,backpacker,low,11754.7,3,1.0,88154.84
city_bengaluru,Bengaluru,India,South India & Western Ghats,55.0,30.0,42.0,12.9716,77.5946,4,shoulder,10,3,luxury,explorer,high,13368.0,2,1.2,470259.59
city_goa,Goa,India,West & Rajasthan,45.0,20.0,35.0,15.2993,74.124,12,peak,10,3,luxury,backpacker,high,12972.7,2,1.5,372945.92
city_udaipur,Udaipur,India,West & Rajasthan,55.0,22.0,35.0,24.5854,73.7125,4,shoulder,5,4,budget,explorer,high,12024.7,1,1.2,213052.33
city_jaipur,Jaipur,India,West & Rajasthan,40.0,18.0,30.0,26.9124,75.7873,12,peak,21,1,luxury,luxury,high,11874.7,3,1.5,328765.12
city_manali,Manali,India,North India (Himalayas),50.0,22.0,32.0,32.2396,77.1887,11,off-peak,5,3,budget,luxury,high,11380.5,1,1.0,170107.54
city_leh ladakh,Leh Ladakh,India,North India (Himalayas),65.0,25.0,35.0,34.1526,77.5771,11,off-peak,5,1,budget,backpacker,high,11196.3,1,1.0,48299.63
city_srinagar,Srinagar,India,North India (Himalayas),55.0,20.0,35.0,34.0837,74.7973,12,peak,14,1,luxury,backpacker,medium,11105.4,3,1.5,189307.31
city_shimla,Shimla,India,North India (Himalayas),48.0,20.0,30.0,31.1048,77.1734,3,off-peak,10,3,luxury,explorer,high,11496.9,2,1.0,330725.86
city_rishikesh,Rishikesh,India,North India (Himalayas),40.0,16.0,25.0,30.0869,78.2676,7,peak,14,3,luxury,explorer,high,11640.8,3,1.5,431509.6
city_munnar,Munnar,India,South India & Western Ghats,45.0,20.0,28.0,10.0889,77.0595,2,off-peak,3,3,budget,explorer,high,13633.1,1,1.0,150036.8
city_alleppey,Alleppey,India,South India & Western Ghats,55.0,22.0,30.0,9.4981,76.3388,12,peak,7,1,budget,explorer,low,13657.3,2,1.5,65628.03
city_hampi,Hampi,India,South India & Western Ghats,38.0,14.0,22.0,15.335,76.46,2,off-peak,3,4,luxury,explorer,high,13078.1,1,1.0,207548.16
city_coorg,Coorg,India,South India & Western Ghats,52.0,22.0,32.0,12.3375,75.8069,3,off-peak,7,2,luxury,backpacker,low,13348.5,2,1.0,150507.37
city_pondicherry,Pondicherry,India,South India & Western Ghats,50.0,22.0,35.0,11.9416,79.8083,8,peak,5,1,mid,luxury,low,13570.2,1,1.5,76807.45
city_darjeeling,Darjeeling,India,East & Northeast,46.0,18.0,28.0,27.041,88.2663,3,off-peak,5,3,mid,explorer,high,12262.0,1,1.0,166711.03
city_shillong,Shillong,India,East & Northeast,48.0,18.0,28.0,25.5788,91.8933,10,shoulder,3,2,budget,explorer,low,12501.1,1,1.2,82404.51
city_kolkata,Kolkata,India,East & Northeast,45.0,20.0,26.0,22.5726,88.3639,6,peak,3,2,mid,explorer,high,12745.7,1,1.5,104638.86
city_varanasi,Varanasi,India,Central & Spiritual,38.0,16.0,22.0,25.3176,82.9739,2,off-peak,3,1,mid,backpacker,high,12297.1,1,1.0,41806.45
city_agra,Agra,India,Central & Spiritual,45.0,18.0,30.0,27.1767,78.0081,2,off-peak,5,1,mid,luxury,high,11932.3,1,1.0,57692.24
city_amritsar,Amritsar,India,Central & Spiritual,42.0,18.0,26.0,31.634,74.8723,5,shoulder,10,4,mid,luxury,medium,11357.9,2,1.2,273734.13
city_ayodhya,Ayodhya,India,Central & Spiritual,38.0,16.0,22.0,26.7922,82.1998,6,peak,7,2,mid,luxury,medium,12117.0,2,1.5,136422.28
city_rann of kutch,Rann of Kutch,India,West & Rajasthan,60.0,20.0,35.0,23.8342,69.8329,7,peak,14,1,mid,explorer,low,11923.4,3,1.5,118614.97
city_ahmedabad,Ahmedabad,India,West & Rajasthan,45.0,22.0,30.0,23.0225,72.5714,7,peak,21,2,budget,luxury,low,12130.9,3,1.5,219597.7
city_mumbai,Mumbai,India,West & Rajasthan,55.0,35.0,40.0,19.076,72.8777,9,shoulder,7,2,mid,explorer,high,12538.0,2,1.2,141034.68
city_delhi,Delhi,India,Central & Spiritual,50.0,28.0,38.0,28.6139,77.209,9,shoulder,10,2,budget,luxury,medium,11754.7,2,1.2,135789.16
city_bengaluru,Bengaluru,India,South India & Western Ghats,55.0,30.0,42.0,12.9716,77.5946,1,off-peak,21,3,budget,luxury,medium,13368.0,3,1.0,358065.24
city_goa,Goa,India,West & Rajasthan,45.0,20.0,35.0,15.2993,74.124,8,peak,10,1,mid,explorer,medium,12972.7,2,1.5,91133.77
city_udaipur,Udaipur,India,West & Rajasthan,55.0,22.0,35.0,24.5854,73.7125,11,off-peak,21,1,luxury,explorer,medium,12024.7,3,1.0,215309.48
city_jaipur,Jaipur,India,West & Rajasthan,40.0,18.0,30.0,26.9124,75.7873,9,shoulder,14,1,budget,explorer,low,11874.7,3,1.2,62042.82
city_manali,Manali,India,North India (Himalayas),50.0,22.0,32.0,32.2396,77.1887,5,shoulder,21,4,budget,explorer,low,11380.5,3,1.2,269185.87
city_leh ladakh,Leh Ladakh,India,North India (Himalayas),65.0,25.0,35.0,34.1526,77.5771,4,shoulder,5,2,luxury,luxury,low,11196.3,1,1.2,147420.09
city_srinagar,Srinagar,India,North India (Himalayas),55.0,20.0,35.0,34.0837,74.7973,2,off-peak,10,1,budget,explorer,medium,11105.4,2,1.0,58003.66
city_shimla,Shimla,India,North India (Himalayas),48.0,20.0,30.0,31.1048,77.1734,5,shoulder,21,4,luxury,backpacker,high,11496.9,3,1.2,623959.01
city_rishikesh,Rishikesh,India,North India (Himalayas),40.0,16.0,25.0,30.0869,78.2676,3,off-peak,14,4,budget,luxury,medium,11640.8,3,1.0,297241.97
city_munnar,Munnar,India,South India & Western Ghats,45.0,20.0,28.0,10.0889,77.0595,10,shoulder,3,3,mid,luxury,high,13633.1,1,1.2,155284.47
city_alleppey,Alleppey,India,South India & Western Ghats,55.0,22.0,30.0,9.4981,76.3388,12,peak,21,4,luxury,luxury,high,13657.3,3,1.5,1025829.99
city_hampi,Hampi,India,South India & Western Ghats,38.0,14.0,22.0,15.335,76.46,4,shoulder,5,3,budget,explorer,low,13078.1,1,1.2,137501.42
city_coorg,Coorg,India,South India & Western Ghats,52.0,22.0,32.0,12.3375,75.8069,2,off-peak,3,3,luxury,luxury,low,13348.5,1,1.0,184662.23
city_pondicherry,Pondicherry,India,South India & Western Ghats,50.0,22.0,35.0,11.9416,79.8083,6,peak,5,3,mid,luxury,high,13570.2,1,1.5,220683.99
city_darjeeling,Darjeeling,India,East & Northeast,46.0,18.0,28.0,27.041,88.2663,1,off-peak,7,1,luxury,luxury,low,12262.0,2,1.0,101271.12
city_shillong,Shillong,India,East & Northeast,48.0,18.0,28.0,25.5788,91.8933,6,peak,7,2,luxury,luxury,high,12501.1,2,1.5,171516.83
city_kolkata,Kolkata,India,East & Northeast,45.0,20.0,26.0,22.5726,88.3639,10,shoulder,5,1,mid,backpacker,high,12745.7,1,1.2,63373.75
city_varanasi,Varanasi,India,Central & Spiritual,38.0,16.0,22.0,25.3176,82.9739,5,shoulder,5,4,luxury,explorer,low,12297.1,1,1.2,225648.12
city_agra,Agra,India,Central & Spiritual,45.0,18.0,30.0,27.1767,78.0081,10,shoulder,7,2,luxury,luxury,high,11932.3,2,1.2,180069.19
city_amritsar,Amritsar,India,Central & Spiritual,42.0,18.0,26.0,31.634,74.8723,9,shoulder,21,1,mid,luxury,high,11357.9,3,1.2,155922.88
city_ayodhya,Ayodhya,India,Central & Spiritual,38.0,16.0,22.0,26.7922,82.1998,8,peak,21,2,mid,explorer,high,12117.0,3,1.5,229846.88
city_rann of kutch,Rann of Kutch,India,West & Rajasthan,60.0,20.0,35.0,23.8342,69.8329,6,peak,5,2,luxury,backpacker,high,11923.4,1,1.5,144643.0
city_ahmedabad,Ahmedabad,India,West & Rajasthan,45.0,22.0,30.0,23.0225,72.5714,12,peak,3,2,mid,luxury,medium,12130.9,1,1.5,101258.02
city_mumbai,Mumbai,India,West & Rajasthan,55.0,35.0,40.0,19.076,72.8777,3,off-peak,3,4,mid,explorer,high,12538.0,1,1.0,223099.73
city_delhi,Delhi,India,Central & Spiritual,50.0,28.0,38.0,28.6139,77.209,8,peak,7,4,mid,backpacker,high,11754.7,2,1.5,270154.0
city_bengaluru,Bengaluru,India,South India & Western Ghats,55.0,30.0,42.0,12.9716,77.5946,4,shoulder,21,4,budget,backpacker,medium,13368.0,3,1.2,320890.82
city_goa,Goa,India,West & Rajasthan,45.0,20.0,35.0,15.2993,74.124,10,shoulder,3,3,mid,luxury,low,12972.7,1,1.2,150157.01
city_udaipur,Udaipur,India,West & Rajasthan,55.0,22.0,35.0,24.5854,73.7125,8,peak,7,2,budget,backpacker,high,12024.7,2,1.5,108941.25
city_jaipur,Jaipur,India,West & Rajasthan,40.0,18.0,30.0,26.9124,75.7873,4,shoulder,21,1,mid,luxury,high,11874.7,3,1.2,172818.48
city_manali,Manali,India,North India (Himalayas),50.0,22.0,32.0,32.2396,77.1887,3,off-peak,10,4,luxury,backpacker,low,11380.5,2,1.0,334696.38
city_leh ladakh,Leh Ladakh,India,North India (Himalayas),65.0,25.0,35.0,34.1526,77.5771,2,off-peak,7,4,budget,backpacker,low,11196.3,2,1.0,183411.97
city_srinagar,Srinagar,India,North India (Himalayas),55.0,20.0,35.0,34.0837,74.7973,10,shoulder,10,2,luxury,luxury,medium,11105.4,2,1.2,209100.39
city_shimla,Shimla,India,North India (Himalayas),48.0,20.0,30.0,31.1048,77.1734,4,shoulder,3,1,budget,explorer,medium,11496.9,1,1.2,41837.27
city_rishikesh,Rishikesh,India,North India (Himalayas),40.0,16.0,25.0,30.0869,78.2676,3,off-peak,21,4,luxury,luxury,high,11640.8,3,1.0,648711.94
city_munnar,Munnar,India,South India & Western Ghats,45.0,20.0,28.0,10.0889,77.0595,2,off-peak,10,4,mid,luxury,high,13633.1,2,1.0,327122.12
city_alleppey,Alleppey,India,South India & Western Ghats,55.0,22.0,30.0,9.4981,76.3388,2,off-peak,3,1,mid,luxury,high,13657.3,1,1.0,58260.41
city_hampi,Hampi,India,South India & Western Ghats,38.0,14.0,22.0,15.335,76.46,9,shoulder,5,1,luxury,luxury,high,13078.1,1,1.2,76741.42
city_coorg,Coorg,India,South India & Western Ghats,52.0,22.0,32.0,12.3375,75.8069,2,off-peak,14,2,mid,explorer,high,13348.5,3,1.0,179774.58
city_pondicherry,Pondicherry,India,South India & Western Ghats,50.0,22.0,35.0,11.9416,79.8083,12,peak,10,3,luxury,backpacker,low,13570.2,2,1.5,366115.17
city_darjeeling,Darjeeling,India,East & Northeast,46.0,18.0,28.0,27.041,88.2663,9,shoulder,5,4,luxury,backpacker,medium,12262.0,1,1.2,262464.55
city_shillong,Shillong,India,East & Northeast,48.0,18.0,28.0,25.5788,91.8933,9,shoulder,14,4,budget,luxury,high,12501.1,3,1.2,328010.05
city_kolkata,Kolkata,India,East & Northeast,45.0,20.0,26.0,22.5726,88.3639,11,off-peak,3,2,luxury,backpacker,low,12745.7,1,1.0,99076.54
city_varanasi,Varanasi,India,Central & Spiritual,38.0,16.0,22.0,25.3176,82.9739,10,shoulder,21,2,budget,luxury,medium,12297.1,3,1.2,182338.32
city_agra,Agra,India,Central & Spiritual,45.0,18.0,30.0,27.1767,78.0081,3,off-peak,14,2,luxury,backpacker,low,11932.3,3,1.0,173375.37
city_amritsar,Amritsar,India,Central & Spiritual,42.0,18.0,26.0,31.634,74.8723,9,shoulder,7,1,budget,backpacker,high,11357.9,2,1.2,51721.12
city_ayodhya,Ayodhya,India,Central & Spiritual,38.0,16.0,22.0,26.7922,82.1998,3,off-peak,10,1,budget,explorer,low,12117.0,2,1.0,58128.04
city_rann of kutch,Rann of Kutch,India,West & Rajasthan,60.0,20.0,35.0,23.8342,69.8329,9,shoulder,7,4,budget,luxury,medium,11923.4,2,1.2,237751.01
city_ahmedabad,Ahmedabad,India,West & Rajasthan,45.0,22.0,30.0,23.0225,72.5714,6,peak,14,2,luxury,backpacker,high,12130.9,3,1.5,272983.04
city_mumbai,Mumbai,India,West & Rajasthan,55.0,35.0,40.0,19.076,72.8777,1,off-peak,5,1,budget,backpacker,medium,12538.0,1,1.0,52538.36
city_delhi,Delhi,India,Central & Spiritual,50.0,28.0,38.0,28.6139,77.209,3,off-peak,14,2,luxury,explorer,medium,11754.7,3,1.0,245458.11
city_bengaluru,Bengaluru,India,South India & Western Ghats,55.0,30.0,42.0,12.9716,77.5946,3,off-peak,21,4,budget,luxury,medium,13368.0,3,1.0,463998.15
city_goa,Goa,India,West & Rajasthan,45.0,20.0,35.0,15.2993,74.124,3,off-peak,10,4,budget,explorer,high,12972.7,2,1.0,283179.55
city_udaipur,Udaipur,India,West & Rajasthan,55.0,22.0,35.0,24.5854,73.7125,7,peak,21,2,luxury,backpacker,low,12024.7,3,1.5,342862.86
city_jaipur,Jaipur,India,West & Rajasthan,40.0,18.0,30.0,26.9124,75.7873,11,off-peak,21,2,luxury,explorer,high,11874.7,3,1.0,284985.52
city_manali,Manali,India,North India (Himalayas),50.0,22.0,32.0,32.2396,77.1887,11,off-peak,21,2,mid,backpacker,medium,11380.5,3,1.0,177156.18
city_leh ladakh,Leh Ladakh,India,North India (Himalayas),65.0,25.0,35.0,34.1526,77.5771,1,off-peak,14,2,budget,explorer,low,11196.3,3,1.0,114279.54
city_srinagar,Srinagar,India,North India (Himalayas),55.0,20.0,35.0,34.0837,74.7973,9,shoulder,3,4,budget,explorer,high,11105.4,1,1.2,186831.35
city_shimla,Shimla,India,North India (Himalayas),48.0,20.0,30.0,31.1048,77.1734,5,shoulder,5,2,mid,backpacker,low,11496.9,1,1.2,96501.21
city_rishikesh,Rishikesh,India,North India (Himalayas),40.0,16.0,25.0,30.0869,78.2676,7,peak,5,4,budget,backpacker,low,11640.8,1,1.5,149630.13
city_munnar,Munnar,India,South India & Western Ghats,45.0,20.0,28.0,10.0889,77.0595,10,shoulder,10,1,luxury,explorer,high,13633.1,2,1.2,144551.67
city_alleppey,Alleppey,India,South India & Western Ghats,55.0,22.0,30.0,9.4981,76.3388,10,shoulder,7,3,luxury,backpacker,low,13657.3,2,1.2,282222.74
city_hampi,Hampi,India,South India & Western Ghats,38.0,14.0,22.0,15.335,76.46,7,peak,5,3,luxury,luxury,high,13078.1,1,1.5,265492.8
city_coorg,Coorg,India,South India & Western Ghats,52.0,22.0,32.0,12.3375,75.8069,9,shoulder,14,4,mid,luxury,low,13348.5,3,1.2,380024.95
city_pondicherry,Pondicherry,India,South India & Western Ghats,50.0,22.0,35.0,11.9416,79.8083,12,peak,5,2,budget,explorer,high,13570.2,1,1.5,124411.0
city_darjeeling,Darjeeling,India,East & Northeast,46.0,18.0,28.0,27.041,88.2663,12,peak,7,1,luxury,luxury,medium,12262.0,2,1.5,122765.32
city_shillong,Shillong,India,East & Northeast,48.0,18.0,28.0,25.5788,91.8933,10,shoulder,10,4,budget,explorer,medium,12501.1,2,1.2,220552.03
city_kolkata,Kolkata,India,East & Northeast,45.0,20.0,26.0,22.5726,88.3639,8,peak,14,3,mid,explorer,high,12745.7,3,1.5,344678.31
city_varanasi,Varanasi,India,Central & Spiritual,38.0,16.0,22.0,25.3176,82.9739,4,shoulder,7,1,mid,explorer,medium,12297.1,2,1.2,60038.78
city_agra,Agra,India,Central & Spiritual,45.0,18.0,30.0,27.1767,78.0081,2,off-peak,21,1,budget,luxury,low,11932.3,3,1.0,95751.55
city_amritsar,Amritsar,India,Central & Spiritual,42.0,18.0,26.0,31.634,74.8723,1,off-peak,3,3,luxury,explorer,low,11357.9,1,1.0,147947.84
city_ayodhya,Ayodhya,India,Central & Spiritual,38.0,16.0,22.0,26.7922,82.1998,7,peak,21,2,mid,explorer,high,12117.0,3,1.5,219266.51
city_rann of kutch,Rann of Kutch,India,West & Rajasthan,60.0,20.0,35.0,23.8342,69.8329,9,shoulder,21,1,mid,backpacker,high,11923.4,3,1.2,127222.23
city_ahmedabad,Ahmedabad,India,West & Rajasthan,45.0,22.0,30.0,23.0225,72.5714,4,shoulder,21,1,luxury,explorer,high,12130.9,3,1.2,265842.94
city_mumbai,Mumbai,India,West & Rajasthan,55.0,35.0,40.0,19.076,72.8777,12,peak,21,1,luxury,explorer,low,12538.0,3,1.5,454750.28
city_delhi,Delhi,India,Central & Spiritual,50.0,28.0,38.0,28.6139,77.209,11,off-peak,14,2,budget,backpacker,medium,11754.7,3,1.0,123873.32
city_bengaluru,Bengaluru,India,South India & Western Ghats,55.0,30.0,42.0,12.9716,77.5946,1,off-peak,10,4,mid,backpacker,medium,13368.0,2,1.0,264901.19
city_goa,Goa,India,West & Rajasthan,45.0,20.0,35.0,15.2993,74.124,2,off-peak,7,2,luxury,backpacker,medium,12972.7,2,1.0,140424.5
city_udaipur,Udaipur,India,West & Rajasthan,55.0,22.0,35.0,24.5854,73.7125,4,shoulder,3,4,budget,explorer,high,12024.7,1,1.2,189124.19
city_jaipur,Jaipur,India,West & Rajasthan,40.0,18.0,30.0,26.9124,75.7873,9,shoulder,3,4,luxury,explorer,low,11874.7,1,1.2,194274.05
city_manali,Manali,India,North India (Himalayas),50.0,22.0,32.0,32.2396,77.1887,6,peak,7,3,budget,backpacker,medium,11380.5,2,1.5,158725.17
city_leh ladakh,Leh Ladakh,India,North India (Himalayas),65.0,25.0,35.0,34.1526,77.5771,12,peak,5,4,mid,backpacker,low,11196.3,1,1.5,193205.38
city_srinagar,Srinagar,India,North India (Himalayas),55.0,20.0,35.0,34.0837,74.7973,9,shoulder,14,2,mid,backpacker,medium,11105.4,3,1.2,142384.18
city_shimla,Shimla,India,North India (Himalayas),48.0,20.0,30.0,31.1048,77.1734,1,off-peak,5,3,budget,explorer,medium,11496.9,1,1.0,130015.14
city_rishikesh,Rishikesh,India,North India (Himalayas),40.0,16.0,25.0,30.0869,78.2676,3,off-peak,14,3,budget,explorer,high,11640.8,3,1.0,217454.93
city_munnar,Munnar,India,South India & Western Ghats,45.0,20.0,28.0,10.0889,77.0595,8,peak,5,2,mid,luxury,medium,13633.1,1,1.5,142969.66
city_alleppey,Alleppey,India,South India & Western Ghats,55.0,22.0,30.0,9.4981,76.3388,12,peak,5,1,budget,explorer,low,13657.3,1,1.5,55323.95
city_hampi,Hampi,India,South India & Western Ghats,38.0,14.0,22.0,15.335,76.46,3,off-peak,10,4,luxury,explorer,low,13078.1,2,1.0,291897.54
city_coorg,Coorg,India,South India & Western Ghats,52.0,22.0,32.0,12.3375,75.8069,8,peak,21,3,budget,explorer,medium,13348.5,3,1.5,304770.1
city_pondicherry,Pondicherry,India,South India & Western Ghats,50.0,22.0,35.0,11.9416,79.8083,9,shoulder,10,2,mid,explorer,high,13570.2,2,1.2,159437.15
city_darjeeling,Darjeeling,India,East & Northeast,46.0,18.0,28.0,27.041,88.2663,7,peak,5,1,budget,backpacker,low,12262.0,1,1.5,43156.64
city_shillong,Shillong,India,East & Northeast,48.0,18.0,28.0,25.5788,91.8933,3,off-peak,7,1,luxury,backpacker,low,12501.1,2,1.0,84291.86
city_kolkata,Kolkata,India,East & Northeast,45.0,20.0,26.0,22.5726,88.3639,10,shoulder,21,1,mid,explorer,medium,12745.7,3,1.2,123055.74
city_varanasi,Varanasi,India,Central & Spiritual,38.0,16.0,22.0,25.3176,82.9739,5,shoulder,10,1,mid,backpacker,high,12297.1,2,1.2,80104.09
city_agra,Agra,India,Central & Spiritual,45.0,18.0,30.0,27.1767,78.0081,4,shoulder,7,1,mid,luxury,low,11932.3,2,1.2,73389.13
city_amritsar,Amritsar,India,Central & Spiritual,42.0,18.0,26.0,31.634,74.8723,11,off-peak,10,2,mid,luxury,low,11357.9,2,1.0,122183.73
city_ayodhya,Ayodhya,India,Central & Spiritual,38.0,16.0,22.0,26.7922,82.1998,3,off-peak,5,2,budget,backpacker,low,12117.0,1,1.0,77567.14
city_rann of kutch,Rann of Kutch,India,West & Rajasthan,60.0,20.0,35.0,23.8342,69.8329,7,peak,3,3,budget,backpacker,medium,11923.4,1,1.5,132427.47
city_ahmedabad,Ahmedabad,India,West & Rajasthan,45.0,22.0,30.0,23.0225,72.5714,1,off-peak,10,4,luxury,explorer,high,12130.9,2,1.0,387292.43
city_mumbai,Mumbai,India,West & Rajasthan,55.0,35.0,40.0,19.076,72.8777,11,off-peak,5,2,mid,explorer,medium,12538.0,1,1.0,118434.39
city_delhi,Delhi,India,Central & Spiritual,50.0,28.0,38.0,28.6139,77.209,1,off-peak,7,1,mid,explorer,medium,11754.7,2,1.0,71559.53
city_bengaluru,Bengaluru,India,South India & Western Ghats,55.0,30.0,42.0,12.9716,77.5946,6,peak,21,4,budget,explorer,low,13368.0,3,1.5,394247.61
city_goa,Goa,India,West & Rajasthan,45.0,20.0,35.0,15.2993,74.124,11,off-peak,21,3,budget,explorer,medium,12972.7,3,1.0,249411.84
city_udaipur,Udaipur,India,West & Rajasthan,55.0,22.0,35.0,24.5854,73.7125,5,shoulder,14,1,mid,backpacker,medium,12024.7,3,1.2,101346.18
city_jaipur,Jaipur,India,West & Rajasthan,40.0,18.0,30.0,26.9124,75.7873,5,shoulder,3,1,luxury,backpacker,high,11874.7,1,1.2,63251.2
city_manali,Manali,India,North India (Himalayas),50.0,22.0,32.0,32.2396,77.1887,9,shoulder,5,3,mid,luxury,medium,11380.5,1,1.2,176581.89
city_leh ladakh,Leh Ladakh,India,North India (Himalayas),65.0,25.0,35.0,34.1526,77.5771,10,shoulder,7,2,luxury,explorer,low,11196.3,2,1.2,148793.96
city_srinagar,Srinagar,India,North India (Himalayas),55.0,20.0,35.0,34.0837,74.7973,10,shoulder,10,1,budget,backpacker,high,11105.4,2,1.2,63659.94
city_shimla,Shimla,India,North India (Himalayas),48.0,20.0,30.0,31.1048,77.1734,10,shoulder,21,2,budget,luxury,medium,11496.9,3,1.2,197985.01
city_rishikesh,Rishikesh,India,North India (Himalayas),40.0,16.0,25.0,30.0869,78.2676,2,off-peak,3,3,mid,luxury,medium,11640.8,1,1.0,140484.09
city_munnar,Munnar,India,South India & Western Ghats,45.0,20.0,28.0,10.0889,77.0595,12,peak,5,1,budget,backpacker,medium,13633.1,1,1.5,53375.89
city_alleppey,Alleppey,India,South India & Western Ghats,55.0,22.0,30.0,9.4981,76.3388,9,shoulder,21,3,luxury,explorer,medium,13657.3,3,1.2,560874.78
city_hampi,Hampi,India,South India & Western Ghats,38.0,14.0,22.0,15.335,76.46,7,peak,3,4,mid,luxury,high,13078.1,1,1.5,216718.61
city_coorg,Coorg,India,South India & Western Ghats,52.0,22.0,32.0,12.3375,75.8069,1,off-peak,5,3,luxury,backpacker,medium,13348.5,1,1.0,226246.25
city_pondicherry,Pondicherry,India,South India & Western Ghats,50.0,22.0,35.0,11.9416,79.8083,12,peak,5,4,mid,luxury,high,13570.2,1,1.5,293788.39
city_darjeeling,Darjeeling,India,East & Northeast,46.0,18.0,28.0,27.041,88.2663,9,shoulder,3,2,mid,luxury,medium,12262.0,1,1.2,92572.92
city_shillong,Shillong,India,East & Northeast,48.0,18.0,28.0,25.5788,91.8933,10,shoulder,7,2,budget,backpacker,low,12501.1,2,1.2,89812.71
city_kolkata,Kolkata,India,East & Northeast,45.0,20.0,26.0,22.5726,88.3639,10,shoulder,5,1,luxury,explorer,high,12745.7,1,1.2,89771.6
city_varanasi,Varanasi,India,Central & Spiritual,38.0,16.0,22.0,25.3176,82.9739,5,shoulder,5,3,luxury,explorer,high,12297.1,1,1.2,197070.51
city_agra,Agra,India,Central & Spiritual,45.0,18.0,30.0,27.1767,78.0081,2,off-peak,5,2,budget,luxury,low,11932.3,1,1.0,93698.63
city_amritsar,Amritsar,India,Central & Spiritual,42.0,18.0,26.0,31.634,74.8723,5,shoulder,5,3,budget,luxury,low,11357.9,1,1.2,152881.54
city_ayodhya,Ayodhya,India,Central & Spiritual,38.0,16.0,22.0,26.7922,82.1998,4,shoulder,14,1,budget,luxury,medium,12117.0,3,1.2,71211.25
city_rann of kutch,Rann of Kutch,India,West & Rajasthan,60.0,20.0,35.0,23.8342,69.8329,6,peak,3,3,luxury,backpacker,medium,11923.4,1,1.5,164932.63
city_ahmedabad,Ahmedabad,India,West & Rajasthan,45.0,22.0,30.0,23.0225,72.5714,10,shoulder,7,3,budget,luxury,low,12130.9,2,1.2,176500.55
city_mumbai,Mumbai,India,West & Rajasthan,55.0,35.0,40.0,19.076,72.8777,5,shoulder,5,3,budget,luxury,high,12538.0,1,1.2,187142.04
city_delhi,Delhi,India,Central & Spiritual,50.0,28.0,38.0,28.6139,77.209,10,shoulder,3,4,luxury,explorer,high,11754.7,1,1.2,233114.59
city_bengaluru,Bengaluru,India,South India & Western Ghats,55.0,30.0,42.0,12.9716,77.5946,8,peak,5,3,mid,backpacker,high,13368.0,1,1.5,197244.33
city_goa,Goa,India,West & Rajasthan,45.0,20.0,35.0,15.2993,74.124,11,off-peak,10,2,mid,backpacker,high,12972.7,2,1.0,137660.41
city_udaipur,Udaipur,India,West & Rajasthan,55.0,22.0,35.0,24.5854,73.7125,8,peak,3,4,budget,explorer,low,12024.7,1,1.5,164707.71
city_jaipur,Jaipur,India,West & Rajasthan,40.0,18.0,30.0,26.9124,75.7873,3,off-peak,5,4,luxury,backpacker,high,11874.7,1,1.0,240307.54
city_manali,Manali,India,North India (Himalayas),50.0,22.0,32.0,32.2396,77.1887,3,off-peak,10,2,budget,backpacker,low,11380.5,2,1.0,95790.87
city_leh ladakh,Leh Ladakh,India,North India (Himalayas),65.0,25.0,35.0,34.1526,77.5771,7,peak,5,4,luxury,explorer,low,11196.3,1,1.5,296746.69
city_srinagar,Srinagar,India,North India (Himalayas),55.0,20.0,35.0,34.0837,74.7973,1,off-peak,14,1,mid,explorer,low,11105.4,3,1.0,80535.59
city_shimla,Shimla,India,North India (Himalayas),48.0,20.0,30.0,31.1048,77.1734,2,off-peak,3,1,budget,backpacker,low,11496.9,1,1.0,39004.59
city_rishikesh,Rishikesh,India,North India (Himalayas),40.0,16.0,25.0,30.0869,78.2676,10,shoulder,3,1,budget,luxury,high,11640.8,1,1.2,52669.72
city_munnar,Munnar,India,South India & Western Ghats,45.0,20.0,28.0,10.0889,77.0595,6,peak,21,1,budget,backpacker,medium,13633.1,3,1.5,94156.59
city_alleppey,Alleppey,India,South India & Western Ghats,55.0,22.0,30.0,9.4981,76.3388,3,off-peak,7,3,mid,backpacker,low,13657.3,2,1.0,154671.66
city_hampi,Hampi,India,South India & Western Ghats,38.0,14.0,22.0,15.335,76.46,1,off-peak,14,3,luxury,luxury,low,13078.1,3,1.0,321514.24
city_coorg,Coorg,India,South India & Western Ghats,52.0,22.0,32.0,12.3375,75.8069,9,shoulder,7,1,luxury,explorer,low,13348.5,2,1.2,113283.7
city_pondicherry,Pondicherry,India,South India & Western Ghats,50.0,22.0,35.0,11.9416,79.8083,1,off-peak,5,1,budget,explorer,medium,13570.2,1,1.0,55530.12
city_darjeeling,Darjeeling,India,East & Northeast,46.0,18.0,28.0,27.041,88.2663,4,shoulder,21,4,luxury,luxury,low,12262.0,3,1.2,679750.34
city_shillong,Shillong,India,East & Northeast,48.0,18.0,28.0,25.5788,91.8933,8,peak,5,1,budget,backpacker,medium,12501.1,1,1.5,47504.89
city_kolkata,Kolkata,India,East & Northeast,45.0,20.0,26.0,22.5726,88.3639,2,off-peak,7,1,budget,luxury,low,12745.7,2,1.0,59602.54
city_varanasi,Varanasi,India,Central & Spiritual,38.0,16.0,22.0,25.3176,82.9739,3,off-peak,10,3,luxury,backpacker,high,12297.1,2,1.0,247817.88
city_agra,Agra,India,Central & Spiritual,45.0,18.0,30.0,27.1767,78.0081,11,off-peak,7,3,mid,backpacker,medium,11932.3,2,1.0,167742.86
city_amritsar,Amritsar,India,Central & Spiritual,42.0,18.0,26.0,31.634,74.8723,8,peak,21,3,mid,luxury,low,11357.9,3,1.5,400166.0
city_ayodhya,Ayodhya,India,Central & Spiritual,38.0,16.0,22.0,26.7922,82.1998,3,off-peak,21,2,mid,backpacker,medium,12117.0,3,1.0,137478.1
city_rann of kutch,Rann of Kutch,India,West & Rajasthan,60.0,20.0,35.0,23.8342,69.8329,8,peak,21,4,budget,backpacker,high,11923.4,3,1.5,345064.42
city_ahmedabad,Ahmedabad,India,West & Rajasthan,45.0,22.0,30.0,23.0225,72.5714,3,off-peak,3,3,budget,backpacker,medium,12130.9,1,1.0,129773.12
city_mumbai,Mumbai,India,West & Rajasthan,55.0,35.0,40.0,19.076,72.8777,6,peak,7,4,mid,explorer,high,12538.0,2,1.5,340698.09
city_delhi,Delhi,India,Central & Spiritual,50.0,28.0,38.0,28.6139,77.209,11,off-peak,7,2,luxury,backpacker,medium,11754.7,2,1.0,153719.24
city_bengaluru,Bengaluru,India,South India & Western Ghats,55.0,30.0,42.0,12.9716,77.5946,7,peak,14,4,luxury,luxury,medium,13368.0,3,1.5,756714.9
city_goa,Goa,India,West & Rajasthan,45.0,20.0,35.0,15.2993,74.124,7,peak,3,4,luxury,luxury,high,12972.7,1,1.5,265849.46
city_udaipur,Udaipur,India,West & Rajasthan,55.0,22.0,35.0,24.5854,73.7125,12,peak,5,1,budget,explorer,low,12024.7,1,1.5,52895.56
city_jaipur,Jaipur,India,West & Rajasthan,40.0,18.0,30.0,26.9124,75.7873,6,peak,14,4,budget,backpacker,low,11874.7,3,1.5,243216.97
city_manali,Manali,India,North India (Himalayas),50.0,22.0,32.0,32.2396,77.1887,6,peak,7,2,mid,explorer,low,11380.5,2,1.5,120449.56
city_leh ladakh,Leh Ladakh,India,North India (Himalayas),65.0,25.0,35.0,34.1526,77.5771,7,peak,5,2,budget,backpacker,high,11196.3,1,1.5,91753.11
city_srinagar,Srinagar,India,North India (Himalayas),55.0,20.0,35.0,34.0837,74.7973,3,off-peak,3,2,mid,luxury,low,11105.4,1,1.0,86502.93
city_shimla,Shimla,India,North India (Himalayas),48.0,20.0,30.0,31.1048,77.1734,1,off-peak,21,1,luxury,luxury,low,11496.9,3,1.0,210887.03
city_rishikesh,Rishikesh,India,North India (Himalayas),40.0,16.0,25.0,30.0869,78.2676,8,peak,14,2,budget,backpacker,medium,11640.8,3,1.5,119470.53
city_munnar,Munnar,India,South India & Western Ghats,45.0,20.0,28.0,10.0889,77.0595,1,off-peak,14,4,budget,backpacker,medium,13633.1,3,1.0,251410.66
city_alleppey,Alleppey,India,South India & Western Ghats,55.0,22.0,30.0,9.4981,76.3388,12,peak,5,3,mid,explorer,high,13657.3,1,1.5,190828.32
city_hampi,Hampi,India,South India & Western Ghats,38.0,14.0,22.0,15.335,76.46,12,peak,3,3,budget,backpacker,low,13078.1,1,1.5,139391.55
city_coorg,Coorg,India,South India & Western Ghats,52.0,22.0,32.0,12.3375,75.8069,11,off-peak,3,2,luxury,backpacker,low,13348.5,1,1.0,102777.41
city_pondicherry,Pondicherry,India,South India & Western Ghats,50.0,22.0,35.0,11.9416,79.8083,8,peak,14,3,luxury,luxury,medium,13570.2,3,1.5,613269.54
city_darjeeling,Darjeeling,India,East & Northeast,46.0,18.0,28.0,27.041,88.2663,12,peak,5,4,budget,explorer,low,12262.0,1,1.5,160416.65
city_shillong,Shillong,India,East & Northeast,48.0,18.0,28.0,25.5788,91.8933,3,off-peak,21,2,mid,luxury,low,12501.1,3,1.0,192498.55
city_kolkata,Kolkata,India,East & Northeast,45.0,20.0,26.0,22.5726,88.3639,4,shoulder,10,2,luxury,luxury,high,12745.7,2,1.2,234499.6
city_varanasi,Varanasi,India,Central & Spiritual,38.0,16.0,22.0,25.3176,82.9739,8,peak,10,3,luxury,luxury,medium,12297.1,2,1.5,326339.82
city_agra,Agra,India,Central & Spiritual,45.0,18.0,30.0,27.1767,78.0081,7,peak,5,1,mid,luxury,medium,11932.3,1,1.5,68590.13
city_amritsar,Amritsar,India,Central & Spiritual,42.0,18.0,26.0,31.634,74.8723,2,off-peak,7,3,budget,backpacker,medium,11357.9,2,1.0,138396.6
city_ayodhya,Ayodhya,India,Central & Spiritual,38.0,16.0,22.0,26.7922,82.1998,3,off-peak,14,1,budget,backpacker,high,12117.0,3,1.0,77772.04
city_rann of kutch,Rann of Kutch,India,West & Rajasthan,60.0,20.0,35.0,23.8342,69.8329,4,shoulder,14,2,luxury,backpacker,low,11923.4,3,1.2,212678.13
city_ahmedabad,Ahmedabad,India,West & Rajasthan,45.0,22.0,30.0,23.0225,72.5714,5,shoulder,3,1,luxury,explorer,low,12130.9,1,1.2,69261.04
city_mumbai,Mumbai,India,West & Rajasthan,55.0,35.0,40.0,19.076,72.8777,5,shoulder,3,3,mid,explorer,high,12538.0,1,1.2,168025.15
city_delhi,Delhi,India,Central & Spiritual,50.0,28.0,38.0,28.6139,77.209,4,shoulder,7,4,luxury,explorer,low,11754.7,2,1.2,342846.59
city_bengaluru,Bengaluru,India,South India & Western Ghats,55.0,30.0,42.0,12.9716,77.5946,7,peak,21,1,luxury,backpacker,low,13368.0,3,1.5,383621.44
city_goa,Goa,India,West & Rajasthan,45.0,20.0,35.0,15.2993,74.124,10,shoulder,10,4,luxury,backpacker,medium,12972.7,2,1.2,385511.82
city_udaipur,Udaipur,India,West & Rajasthan,55.0,22.0,35.0,24.5854,73.7125,2,off-peak,21,1,luxury,backpacker,low,12024.7,3,1.0,225875.08
city_jaipur,Jaipur,India,West & Rajasthan,40.0,18.0,30.0,26.9124,75.7873,11,off-peak,21,2,luxury,backpacker,high,11874.7,3,1.0,255957.44
city_manali,Manali,India,North India (Himalayas),50.0,22.0,32.0,32.2396,77.1887,11,off-peak,14,3,mid,backpacker,medium,11380.5,3,1.0,219516.31
city_leh ladakh,Leh Ladakh,India,North India (Himalayas),65.0,25.0,35.0,34.1526,77.5771,5,shoulder,7,4,budget,luxury,high,11196.3,2,1.2,252623.88
city_srinagar,Srinagar,India,North India (Himalayas),55.0,20.0,35.0,34.0837,74.7973,10,shoulder,14,1,budget,luxury,high,11105.4,3,1.2,103196.64
city_shimla,Shimla,India,North India (Himalayas),48.0,20.0,30.0,31.1048,77.1734,8,peak,3,1,budget,explorer,high,11496.9,1,1.5,49276.94
city_rishikesh,Rishikesh,India,North India (Himalayas),40.0,16.0,25.0,30.0869,78.2676,2,off-peak,10,1,mid,explorer,low,11640.8,2,1.0,58925.82
city_munnar,Munnar,India,South India & Western Ghats,45.0,20.0,28.0,10.0889,77.0595,5,shoulder,5,1,mid,luxury,medium,13633.1,1,1.2,67074.38
city_alleppey,Alleppey,India,South India & Western Ghats,55.0,22.0,30.0,9.4981,76.3388,12,peak,10,3,mid,explorer,medium,13657.3,2,1.5,258109.96
city_hampi,Hampi,India,South India & Western Ghats,38.0,14.0,22.0,15.335,76.46,11,off-peak,5,1,luxury,explorer,low,13078.1,1,1.0,65986.09
city_coorg,Coorg,India,South India & Western Ghats,52.0,22.0,32.0,12.3375,75.8069,7,peak,14,2,mid,explorer,high,13348.5,3,1.5,213689.88
city_pondicherry,Pondicherry,India,South India & Western Ghats,50.0,22.0,35.0,11.9416,79.8083,10,shoulder,7,3,budget,luxury,medium,13570.2,2,1.2,193331.86
city_darjeeling,Darjeeling,India,East & Northeast,46.0,18.0,28.0,27.041,88.2663,11,off-peak,3,1,luxury,backpacker,high,12262.0,1,1.0,61152.43
city_shillong,Shillong,India,East & Northeast,48.0,18.0,28.0,25.5788,91.8933,9,shoulder,3,2,budget,explorer,medium,12501.1,1,1.2,89662.81
city_kolkata,Kolkata,India,East & Northeast,45.0,20.0,26.0,22.5726,88.3639,2,off-peak,5,4,mid,luxury,low,12745.7,1,1.0,220503.09
city_varanasi,Varanasi,India,Central & Spiritual,38.0,16.0,22.0,25.3176,82.9739,6,peak,10,4,luxury,luxury,medium,12297.1,2,1.5,425667.65
city_agra,Agra,India,Central & Spiritual,45.0,18.0,30.0,27.1767,78.0081,2,off-peak,10,4,budget,explorer,medium,11932.3,2,1.0,220150.57
city_amritsar,Amritsar,India,Central & Spiritual,42.0,18.0,26.0,31.634,74.8723,2,off-peak,7,3,luxury,explorer,low,11357.9,2,1.0,206828.01
city_ayodhya,Ayodhya,India,Central & Spiritual,38.0,16.0,22.0,26.7922,82.1998,5,shoulder,10,1,luxury,backpacker,medium,12117.0,2,1.2,107424.33
city_rann of kutch,Rann of Kutch,India,West & Rajasthan,60.0,20.0,35.0,23.8342,69.8329,3,off-peak,21,2,mid,luxury,low,11923.4,3,1.0,232536.88
city_ahmedabad,Ahmedabad,India,West & Rajasthan,45.0,22.0,30.0,23.0225,72.5714,1,off-peak,7,4,mid,backpacker,low,12130.9,2,1.0,199779.23
city_mumbai,Mumbai,India,West & Rajasthan,55.0,35.0,40.0,19.076,72.8777,4,shoulder,3,4,mid,explorer,high,12538.0,1,1.2,215120.19
city_delhi,Delhi,India,Central & Spiritual,50.0,28.0,38.0,28.6139,77.209,5,shoulder,10,1,mid,luxury,medium,11754.7,2,1.2,110273.24
city_bengaluru,Bengaluru,India,South India & Western Ghats,55.0,30.0,42.0,12.9716,77.5946,7,peak,14,2,luxury,explorer,low,13368.0,3,1.5,354036.43
city_goa,Goa,India,West & Rajasthan,45.0,20.0,35.0,15.2993,74.124,7,peak,7,3,budget,backpacker,medium,12972.7,2,1.5,160008.48
city_udaipur,Udaipur,India,West & Rajasthan,55.0,22.0,35.0,24.5854,73.7125,7,peak,10,4,luxury,luxury,low,12024.7,2,1.5,528666.15
city_jaipur,Jaipur,India,West & Rajasthan,40.0,18.0,30.0,26.9124,75.7873,12,peak,14,4,budget,luxury,high,11874.7,3,1.5,390673.74
city_manali,Manali,India,North India (Himalayas),50.0,22.0,32.0,32.2396,77.1887,4,shoulder,3,2,mid,luxury,high,11380.5,1,1.2,99539.51
city_leh ladakh,Leh Ladakh,India,North India (Himalayas),65.0,25.0,35.0,34.1526,77.5771,6,peak,3,2,mid,backpacker,medium,11196.3,1,1.5,82177.4
city_srinagar,Srinagar,India,North India (Himalayas),55.0,20.0,35.0,34.0837,74.7973,6,peak,3,4,mid,luxury,high,11105.4,1,1.5,220043.52
city_shimla,Shimla,India,North India (Himalayas),48.0,20.0,30.0,31.1048,77.1734,3,off-peak,21,4,luxury,luxury,low,11496.9,3,1.0,594315.94
city_rishikesh,Rishikesh,India,North India (Himalayas),40.0,16.0,25.0,30.0869,78.2676,1,off-peak,5,2,mid,luxury,high,11640.8,1,1.0,109257.19
city_munnar,Munnar,India,South India & Western Ghats,45.0,20.0,28.0,10.0889,77.0595,4,shoulder,7,2,budget,luxury,high,13633.1,2,1.2,125936.69
city_alleppey,Alleppey,India,South India & Western Ghats,55.0,22.0,30.0,9.4981,76.3388,1,off-peak,7,3,budget,explorer,medium,13657.3,2,1.0,149081.84
city_hampi,Hampi,India,South India & Western Ghats,38.0,14.0,22.0,15.335,76.46,12,peak,10,4,mid,explorer,medium,13078.1,2,1.5,265404.69
city_coorg,Coorg,India,South India & Western Ghats,52.0,22.0,32.0,12.3375,75.8069,6,peak,14,4,luxury,explorer,low,13348.5,3,1.5,590509.93
city_pondicherry,Pondicherry,India,South India & Western Ghats,50.0,22.0,35.0,11.9416,79.8083,6,peak,5,2,luxury,explorer,medium,13570.2,1,1.5,154524.13
city_darjeeling,Darjeeling,India,East & Northeast,46.0,18.0,28.0,27.041,88.2663,5,shoulder,21,4,luxury,explorer,high,12262.0,3,1.2,597454.56
city_shillong,Shillong,India,East & Northeast,48.0,18.0,28.0,25.5788,91.8933,2,off-peak,3,1,budget,luxury,low,12501.1,1,1.0,42040.34
city_kolkata,Kolkata,India,East & Northeast,45.0,20.0,26.0,22.5726,88.3639,10,shoulder,10,1,mid,luxury,high,12745.7,2,1.2,100472.21
city_varanasi,Varanasi,India,Central & Spiritual,38.0,16.0,22.0,25.3176,82.9739,8,peak,14,1,luxury,explorer,medium,12297.1,3,1.5,173249.31
city_agra,Agra,India,Central & Spiritual,45.0,18.0,30.0,27.1767,78.0081,4,shoulder,5,4,luxury,explorer,low,11932.3,1,1.2,247306.29
city_amritsar,Amritsar,India,Central & Spiritual,42.0,18.0,26.0,31.634,74.8723,2,off-peak,7,4,mid,luxury,high,11357.9,2,1.0,261037.38
city_ayodhya,Ayodhya,India,Central & Spiritual,38.0,16.0,22.0,26.7922,82.1998,12,peak,10,1,mid,backpacker,high,12117.0,2,1.5,81687.52
city_rann of kutch,Rann of Kutch,India,West & Rajasthan,60.0,20.0,35.0,23.8342,69.8329,5,shoulder,7,4,luxury,backpacker,low,11923.4,2,1.2,311969.27
city_ahmedabad,Ahmedabad,India,West & Rajasthan,45.0,22.0,30.0,23.0225,72.5714,7,peak,3,1,budget,backpacker,medium,12130.9,1,1.5,46254.47
city_mumbai,Mumbai,India,West & Rajasthan,55.0,35.0,40.0,19.076,72.8777,12,peak,14,3,mid,backpacker,high,12538.0,3,1.5,359853.99
city_delhi,Delhi,India,Central & Spiritual,50.0,28.0,38.0,28.6139,77.209,7,peak,5,4,budget,luxury,high,11754.7,1,1.5,249233.76
city_bengaluru,Bengaluru,India,South India & Western Ghats,55.0,30.0,42.0,12.9716,77.5946,10,shoulder,10,2,luxury,explorer,high,13368.0,2,1.2,261267.4
city_goa,Goa,India,West & Rajasthan,45.0,20.0,35.0,15.2993,74.124,3,off-peak,10,3,luxury,backpacker,medium,12972.7,2,1.0,292187.71
city_udaipur,Udaipur,India,West & Rajasthan,55.0,22.0,35.0,24.5854,73.7125,3,off-peak,14,1,luxury,luxury,medium,12024.7,3,1.0,194404.65
city_jaipur,Jaipur,India,West & Rajasthan,40.0,18.0,30.0,26.9124,75.7873,11,off-peak,7,2,mid,backpacker,low,11874.7,2,1.0,100036.73
city_manali,Manali,India,North India (Himalayas),50.0,22.0,32.0,32.2396,77.1887,11,off-peak,14,2,budget,luxury,high,11380.5,3,1.0,176762.3
city_leh ladakh,Leh Ladakh,India,North India (Himalayas),65.0,25.0,35.0,34.1526,77.5771,9,shoulder,3,4,budget,luxury,high,11196.3,1,1.2,196314.04
city_srinagar,Srinagar,India,North India (Himalayas),55.0,20.0,35.0,34.0837,74.7973,11,off-peak,7,2,budget,luxury,low,11105.4,2,1.0,108743.65
city_shimla,Shimla,India,North India (Himalayas),48.0,20.0,30.0,31.1048,77.1734,5,shoulder,5,2,luxury,explorer,medium,11496.9,1,1.2,124371.62
city_rishikesh,Rishikesh,India,North India (Himalayas),40.0,16.0,25.0,30.0869,78.2676,3,off-peak,21,1,luxury,luxury,low,11640.8,3,1.0,180803.42
city_munnar,Munnar,India,South India & Western Ghats,45.0,20.0,28.0,10.0889,77.0595,2,off-peak,10,1,budget,backpacker,medium,13633.1,2,1.0,59690.54
city_alleppey,Alleppey,India,South India & Western Ghats,55.0,22.0,30.0,9.4981,76.3388,2,off-peak,10,3,budget,explorer,low,13657.3,2,1.0,177434.77
city_hampi,Hampi,India,South India & Western Ghats,38.0,14.0,22.0,15.335,76.46,8,peak,3,4,budget,explorer,high,13078.1,1,1.5,202477.87
city_coorg,Coorg,India,South India & Western Ghats,52.0,22.0,32.0,12.3375,75.8069,7,peak,7,4,budget,backpacker,medium,13348.5,2,1.5,223412.39
city_pondicherry,Pondicherry,India,South India & Western Ghats,50.0,22.0,35.0,11.9416,79.8083,1,off-peak,5,1,budget,explorer,medium,13570.2,1,1.0,49545.33
city_darjeeling,Darjeeling,India,East & Northeast,46.0,18.0,28.0,27.041,88.2663,9,shoulder,3,2,luxury,luxury,medium,12262.0,1,1.2,112714.73
city_shillong,Shillong,India,East & Northeast,48.0,18.0,28.0,25.5788,91.8933,2,off-peak,5,1,luxury,backpacker,high,12501.1,1,1.0,75747.49
city_kolkata,Kolkata,India,East & Northeast,45.0,20.0,26.0,22.5726,88.3639,6,peak,3,2,budget,explorer,low,12745.7,1,1.5,87955.01
city_varanasi,Varanasi,India,Central & Spiritual,38.0,16.0,22.0,25.3176,82.9739,4,shoulder,3,2,mid,explorer,medium,12297.1,1,1.2,89690.95
city_agra,Agra,India,Central & Spiritual,45.0,18.0,30.0,27.1767,78.0081,12,peak,14,3,mid,luxury,medium,11932.3,3,1.5,337496.51
city_amritsar,Amritsar,India,Central & Spiritual,42.0,18.0,26.0,31.634,74.8723,7,peak,14,4,budget,explorer,low,11357.9,3,1.5,246275.63
city_ayodhya,Ayodhya,India,Central & Spiritual,38.0,16.0,22.0,26.7922,82.1998,12,peak,7,4,budget,luxury,high,12117.0,2,1.5,275133.87
city_rann of kutch,Rann of Kutch,India,West & Rajasthan,60.0,20.0,35.0,23.8342,69.8329,5,shoulder,5,2,luxury,explorer,medium,11923.4,1,1.2,136046.12
city_ahmedabad,Ahmedabad,India,West & Rajasthan,45.0,22.0,30.0,23.0225,72.5714,12,peak,7,3,luxury,backpacker,high,12130.9,2,1.5,301717.68
city_mumbai,Mumbai,India,West & Rajasthan,55.0,35.0,40.0,19.076,72.8777,7,peak,10,2,luxury,explorer,medium,12538.0,2,1.5,323695.72
city_delhi,Delhi,India,Central & Spiritual,50.0,28.0,38.0,28.6139,77.209,8,peak,5,1,luxury,explorer,high,11754.7,1,1.5,116241.8
city_bengaluru,Bengaluru,India,South India & Western Ghats,55.0,30.0,42.0,12.9716,77.5946,7,peak,7,3,mid,backpacker,low,13368.0,2,1.5,221508.11
city_goa,Goa,India,West & Rajasthan,45.0,20.0,35.0,15.2993,74.124,3,off-peak,7,2,budget,backpacker,high,12972.7,2,1.0,114420.19
city_udaipur,Udaipur,India,West & Rajasthan,55.0,22.0,35.0,24.5854,73.7125,6,peak,7,2,mid,backpacker,low,12024.7,2,1.5,112629.15
city_jaipur,Jaipur,India,West & Rajasthan,40.0,18.0,30.0,26.9124,75.7873,6,peak,5,4,luxury,explorer,low,11874.7,1,1.5,267080.58
city_manali,Manali,India,North India (Himalayas),50.0,22.0,32.0,32.2396,77.1887,9,shoulder,3,4,mid,luxury,low,11380.5,1,1.2,181742.11
city_leh ladakh,Leh Ladakh,India,North India (Himalayas),65.0,25.0,35.0,34.1526,77.5771,5,shoulder,21,1,luxury,luxury,medium,11196.3,3,1.2,315551.17
city_srinagar,Srinagar,India,North India (Himalayas),55.0,20.0,35.0,34.0837,74.7973,11,off-peak,10,3,mid,backpacker,low,11105.4,2,1.0,179214.86
city_shimla,Shimla,India,North India (Himalayas),48.0,20.0,30.0,31.1048,77.1734,1,off-peak,7,4,budget,backpacker,medium,11496.9,2,1.0,184085.37
city_rishikesh,Rishikesh,India,North India (Himalayas),40.0,16.0,25.0,30.0869,78.2676,3,off-peak,14,3,luxury,explorer,low,11640.8,3,1.0,287832.51
city_munnar,Munnar,India,South India & Western Ghats,45.0,20.0,28.0,10.0889,77.0595,11,off-peak,14,1,mid,explorer,low,13633.1,3,1.0,85825.73
city_alleppey,Alleppey,India,South India & Western Ghats,55.0,22.0,30.0,9.4981,76.3388,7,peak,3,1,mid,luxury,low,13657.3,1,1.5,62333.16
city_hampi,Hampi,India,South India & Western Ghats,38.0,14.0,22.0,15.335,76.46,7,peak,21,3,mid,explorer,medium,13078.1,3,1.5,317918.05
city_coorg,Coorg,India,South India & Western Ghats,52.0,22.0,32.0,12.3375,75.8069,7,peak,3,3,mid,luxury,low,13348.5,1,1.5,159993.43
city_pondicherry,Pondicherry,India,South India & Western Ghats,50.0,22.0,35.0,11.9416,79.8083,8,peak,10,1,mid,luxury,low,13570.2,2,1.5,117132.23
city_darjeeling,Darjeeling,India,East & Northeast,46.0,18.0,28.0,27.041,88.2663,1,off-peak,5,1,budget,backpacker,low,12262.0,1,1.0,48495.0
city_shillong,Shillong,India,East & Northeast,48.0,18.0,28.0,25.5788,91.8933,12,peak,10,2,budget,backpacker,low,12501.1,2,1.5,102421.63
city_kolkata,Kolkata,India,East & Northeast,45.0,20.0,26.0,22.5726,88.3639,12,peak,7,1,luxury,backpacker,medium,12745.7,2,1.5,121134.94
city_varanasi,Varanasi,India,Central & Spiritual,38.0,16.0,22.0,25.3176,82.9739,1,off-peak,7,1,mid,explorer,high,12297.1,2,1.0,63530.79
city_agra,Agra,India,Central & Spiritual,45.0,18.0,30.0,27.1767,78.0081,10,shoulder,10,3,luxury,backpacker,low,11932.3,2,1.2,274160.08
city_amritsar,Amritsar,India,Central & Spiritual,42.0,18.0,26.0,31.634,74.8723,6,peak,5,4,luxury,explorer,high,11357.9,1,1.5,276090.55
city_ayodhya,Ayodhya,India,Central & Spiritual,38.0,16.0,22.0,26.7922,82.1998,2,off-peak,14,2,luxury,explorer,high,12117.0,3,1.0,197503.7
city_rann of kutch,Rann of Kutch,India,West & Rajasthan,60.0,20.0,35.0,23.8342,69.8329,12,peak,10,2,budget,explorer,medium,11923.4,2,1.5,124383.92
city_ahmedabad,Ahmedabad,India,West & Rajasthan,45.0,22.0,30.0,23.0225,72.5714,12,peak,3,3,luxury,backpacker,high,12130.9,1,1.5,185380.27
city_mumbai,Mumbai,India,West & Rajasthan,55.0,35.0,40.0,19.076,72.8777,12,peak,3,1,mid,backpacker,low,12538.0,1,1.5,55024.96
city_delhi,Delhi,India,Central & Spiritual,50.0,28.0,38.0,28.6139,77.209,1,off-peak,21,2,mid,explorer,low,11754.7,3,1.0,182113.23
city_bengaluru,Bengaluru,India,South India & Western Ghats,55.0,30.0,42.0,12.9716,77.5946,10,shoulder,14,3,mid,luxury,medium,13368.0,3,1.2,386738.34
city_goa,Goa,India,West & Rajasthan,45.0,20.0,35.0,15.2993,74.124,11,off-peak,5,1,budget,backpacker,medium,12972.7,1,1.0,46951.37
city_udaipur,Udaipur,India,West & Rajasthan,55.0,22.0,35.0,24.5854,73.7125,10,shoulder,14,2,mid,backpacker,low,12024.7,3,1.2,143404.52
city_jaipur,Jaipur,India,West & Rajasthan,40.0,18.0,30.0,26.9124,75.7873,5,shoulder,10,2,luxury,explorer,high,11874.7,2,1.2,189731.87
city_manali,Manali,India,North India (Himalayas),50.0,22.0,32.0,32.2396,77.1887,2,off-peak,21,1,budget,backpacker,medium,11380.5,3,1.0,75420.3
city_leh ladakh,Leh Ladakh,India,North India (Himalayas),65.0,25.0,35.0,34.1526,77.5771,3,off-peak,7,1,mid,luxury,high,11196.3,2,1.0,75479.05
city_srinagar,Srinagar,India,North India (Himalayas),55.0,20.0,35.0,34.0837,74.7973,9,shoulder,3,3,mid,backpacker,low,11105.4,1,1.2,127199.69
city_shimla,Shimla,India,North India (Himalayas),48.0,20.0,30.0,31.1048,77.1734,7,peak,14,4,luxury,explorer,low,11496.9,3,1.5,485657.3
city_rishikesh,Rishikesh,India,North India (Himalayas),40.0,16.0,25.0,30.0869,78.2676,1,off-peak,21,4,luxury,explorer,low,11640.8,3,1.0,455935.38
city_munnar,Munnar,India,South India & Western Ghats,45.0,20.0,28.0,10.0889,77.0595,5,shoulder,5,4,budget,luxury,medium,13633.1,1,1.2,211772.56
city_alleppey,Alleppey,India,South India & Western Ghats,55.0,22.0,30.0,9.4981,76.3388,7,peak,3,1,luxury,backpacker,low,13657.3,1,1.5,77219.46
city_hampi,Hampi,India,South India & Western Ghats,38.0,14.0,22.0,15.335,76.46,4,shoulder,3,1,budget,luxury,medium,13078.1,1,1.2,48201.29
city_coorg,Coorg,India,South India & Western Ghats,52.0,22.0,32.0,12.3375,75.8069,5,shoulder,5,4,mid,explorer,low,13348.5,1,1.2,229082.14
city_pondicherry,Pondicherry,India,South India & Western Ghats,50.0,22.0,35.0,11.9416,79.8083,4,shoulder,21,3,mid,backpacker,low,13570.2,3,1.2,306064.47
city_darjeeling,Darjeeling,India,East & Northeast,46.0,18.0,28.0,27.041,88.2663,5,shoulder,21,3,luxury,backpacker,low,12262.0,3,1.2,448893.79
city_shillong,Shillong,India,East & Northeast,48.0,18.0,28.0,25.5788,91.8933,3,off-peak,14,4,luxury,explorer,high,12501.1,3,1.0,445023.68
city_kolkata,Kolkata,India,East & Northeast,45.0,20.0,26.0,22.5726,88.3639,2,off-peak,5,2,mid,explorer,low,12745.7,1,1.0,101955.89
city_varanasi,Varanasi,India,Central & Spiritual,38.0,16.0,22.0,25.3176,82.9739,1,off-peak,21,4,mid,explorer,low,12297.1,3,1.0,299996.3
city_agra,Agra,India,Central & Spiritual,45.0,18.0,30.0,27.1767,78.0081,2,off-peak,5,1,luxury,explorer,medium,11932.3,1,1.0,77180.98
city_amritsar,Amritsar,India,Central & Spiritual,42.0,18.0,26.0,31.634,74.8723,10,shoulder,3,4,budget,explorer,low,11357.9,1,1.2,157630.59
city_ayodhya,Ayodhya,India,Central & Spiritual,38.0,16.0,22.0,26.7922,82.1998,11,off-peak,7,2,luxury,luxury,low,12117.0,2,1.0,133444.48
city_rann of kutch,Rann of Kutch,India,West & Rajasthan,60.0,20.0,35.0,23.8342,69.8329,3,off-peak,3,1,mid,luxury,medium,11923.4,1,1.0,47129.97
city_ahmedabad,Ahmedabad,India,West & Rajasthan,45.0,22.0,30.0,23.0225,72.5714,9,shoulder,7,4,mid,explorer,medium,12130.9,2,1.2,239397.94
city_mumbai,Mumbai,India,West & Rajasthan,55.0,35.0,40.0,19.076,72.8777,1,off-peak,7,3,luxury,explorer,high,12538.0,2,1.0,339846.33
city_delhi,Delhi,India,Central & Spiritual,50.0,28.0,38.0,28.6139,77.209,10,shoulder,10,1,mid,luxury,high,11754.7,2,1.2,103896.97
city_bengaluru,Bengaluru,India,South India & Western Ghats,55.0,30.0,42.0,12.9716,77.5946,12,peak,21,1,budget,explorer,low,13368.0,3,1.5,117973.02
city_goa,Goa,India,West & Rajasthan,45.0,20.0,35.0,15.2993,74.124,8,peak,3,2,luxury,luxury,high,12972.7,1,1.5,132319.54
city_udaipur,Udaipur,India,West & Rajasthan,55.0,22.0,35.0,24.5854,73.7125,7,peak,7,2,luxury,backpacker,low,12024.7,2,1.5,173214.11
city_jaipur,Jaipur,India,West & Rajasthan,40.0,18.0,30.0,26.9124,75.7873,2,off-peak,7,4,luxury,backpacker,medium,11874.7,2,1.0,254604.86
city_manali,Manali,India,North India (Himalayas),50.0,22.0,32.0,32.2396,77.1887,11,off-peak,7,3,mid,luxury,medium,11380.5,2,1.0,198817.21
city_leh ladakh,Leh Ladakh,India,North India (Himalayas),65.0,25.0,35.0,34.1526,77.5771,4,shoulder,3,3,luxury,backpacker,medium,11196.3,1,1.2,173451.24
city_srinagar,Srinagar,India,North India (Himalayas),55.0,20.0,35.0,34.0837,74.7973,8,peak,14,3,mid,backpacker,low,11105.4,3,1.5,221234.78
city_shimla,Shimla,India,North India (Himalayas),48.0,20.0,30.0,31.1048,77.1734,8,peak,21,2,luxury,explorer,high,11496.9,3,1.5,394845.17
city_rishikesh,Rishikesh,India,North India (Himalayas),40.0,16.0,25.0,30.0869,78.2676,9,shoulder,21,2,mid,explorer,medium,11640.8,3,1.2,183496.12
city_munnar,Munnar,India,South India & Western Ghats,45.0,20.0,28.0,10.0889,77.0595,8,peak,3,2,mid,luxury,low,13633.1,1,1.5,109889.36
city_alleppey,Alleppey,India,South India & Western Ghats,55.0,22.0,30.0,9.4981,76.3388,1,off-peak,10,3,budget,explorer,medium,13657.3,2,1.0,183844.85
city_hampi,Hampi,India,South India & Western Ghats,38.0,14.0,22.0,15.335,76.46,5,shoulder,5,3,mid,luxury,high,13078.1,1,1.2,180921.79
city_coorg,Coorg,India,South India & Western Ghats,52.0,22.0,32.0,12.3375,75.8069,9,shoulder,5,1,luxury,explorer,low,13348.5,1,1.2,95285.33
city_pondicherry,Pondicherry,India,South India & Western Ghats,50.0,22.0,35.0,11.9416,79.8083,10,shoulder,3,3,budget,backpacker,medium,13570.2,1,1.2,139785.08
city_darjeeling,Darjeeling,India,East & Northeast,46.0,18.0,28.0,27.041,88.2663,6,peak,5,4,mid,explorer,low,12262.0,1,1.5,224227.0
city_shillong,Shillong,India,East & Northeast,48.0,18.0,28.0,25.5788,91.8933,10,shoulder,7,2,luxury,explorer,high,12501.1,2,1.2,148256.53
city_kolkata,Kolkata,India,East & Northeast,45.0,20.0,26.0,22.5726,88.3639,6,peak,14,2,luxury,backpacker,medium,12745.7,3,1.5,265957.72
city_varanasi,Varanasi,India,Central & Spiritual,38.0,16.0,22.0,25.3176,82.9739,5,shoulder,7,1,mid,luxury,high,12297.1,2,1.2,76833.36
city_agra,Agra,India,Central & Spiritual,45.0,18.0,30.0,27.1767,78.0081,8,peak,14,2,mid,explorer,low,11932.3,3,1.5,160413.26
city_amritsar,Amritsar,India,Central & Spiritual,42.0,18.0,26.0,31.634,74.8723,6,peak,14,3,mid,explorer,medium,11357.9,3,1.5,271924.89
city_ayodhya,Ayodhya,India,Central & Spiritual,38.0,16.0,22.0,26.7922,82.1998,8,peak,10,4,mid,backpacker,high,12117.0,2,1.5,299603.44
city_rann of kutch,Rann of Kutch,India,West & Rajasthan,60.0,20.0,35.0,23.8342,69.8329,2,off-peak,5,3,budget,luxury,high,11923.4,1,1.0,169792.21
city_ahmedabad,Ahmedabad,India,West & Rajasthan,45.0,22.0,30.0,23.0225,72.5714,6,peak,5,3,budget,explorer,low,12130.9,1,1.5,144450.0
city_mumbai,Mumbai,India,West & Rajasthan,55.0,35.0,40.0,19.076,72.8777,9,shoulder,10,1,budget,backpacker,medium,12538.0,2,1.2,69282.57
city_delhi,Delhi,India,Central & Spiritual,50.0,28.0,38.0,28.6139,77.209,11,off-peak,3,3,luxury,backpacker,medium,11754.7,1,1.0,163545.52
city_bengaluru,Bengaluru,India,South India & Western Ghats,55.0,30.0,42.0,12.9716,77.5946,1,off-peak,3,1,luxury,backpacker,high,13368.0,1,1.0,75071.7
city_goa,Goa,India,West & Rajasthan,45.0,20.0,35.0,15.2993,74.124,3,off-peak,14,4,budget,backpacker,high,12972.7,3,1.0,278359.54
city_udaipur,Udaipur,India,West & Rajasthan,55.0,22.0,35.0,24.5854,73.7125,11,off-peak,7,1,mid,luxury,high,12024.7,2,1.0,76479.62
city_jaipur,Jaipur,India,West & Rajasthan,40.0,18.0,30.0,26.9124,75.7873,4,shoulder,3,1,budget,backpacker,high,11874.7,1,1.2,46422.8
city_manali,Manali,India,North India (Himalayas),50.0,22.0,32.0,32.2396,77.1887,4,shoulder,5,1,mid,backpacker,high,11380.5,1,1.2,57328.05
city_leh ladakh,Leh Ladakh,India,North India (Himalayas),65.0,25.0,35.0,34.1526,77.5771,8,peak,10,1,budget,explorer,medium,11196.3,2,1.5,67900.03
city_srinagar,Srinagar,India,North India (Himalayas),55.0,20.0,35.0,34.0837,74.7973,4,shoulder,14,3,luxury,luxury,medium,11105.4,3,1.2,462707.14
city_shimla,Shimla,India,North India (Himalayas),48.0,20.0,30.0,31.1048,77.1734,11,off-peak,14,1,mid,backpacker,high,11496.9,3,1.0,95784.43
city_rishikesh,Rishikesh,India,North India (Himalayas),40.0,16.0,25.0,30.0869,78.2676,12,peak,21,2,budget,luxury,high,11640.8,3,1.5,239789.44
city_munnar,Munnar,India,South India & Western Ghats,45.0,20.0,28.0,10.0889,77.0595,12,peak,14,2,mid,explorer,medium,13633.1,3,1.5,177762.68
city_alleppey,Alleppey,India,South India & Western Ghats,55.0,22.0,30.0,9.4981,76.3388,10,shoulder,10,3,luxury,explorer,medium,13657.3,2,1.2,361203.97
city_hampi,Hampi,India,South India & Western Ghats,38.0,14.0,22.0,15.335,76.46,7,peak,21,1,mid,explorer,medium,13078.1,3,1.5,125609.32
city_coorg,Coorg,India,South India & Western Ghats,52.0,22.0,32.0,12.3375,75.8069,2,off-peak,14,4,budget,luxury,medium,13348.5,3,1.0,333972.84
city_pondicherry,Pondicherry,India,South India & Western Ghats,50.0,22.0,35.0,11.9416,79.8083,1,off-peak,21,4,budget,explorer,low,13570.2,3,1.0,273064.76
city_darjeeling,Darjeeling,India,East & Northeast,46.0,18.0,28.0,27.041,88.2663,5,shoulder,3,2,mid,luxury,high,12262.0,1,1.2,103160.71
city_shillong,Shillong,India,East & Northeast,48.0,18.0,28.0,25.5788,91.8933,4,shoulder,7,4,luxury,backpacker,low,12501.1,2,1.2,268197.12
city_kolkata,Kolkata,India,East & Northeast,45.0,20.0,26.0,22.5726,88.3639,12,peak,14,3,mid,luxury,low,12745.7,3,1.5,304603.06
city_varanasi,Varanasi,India,Central & Spiritual,38.0,16.0,22.0,25.3176,82.9739,5,shoulder,21,3,mid,backpacker,high,12297.1,3,1.2,276256.08
city_agra,Agra,India,Central & Spiritual,45.0,18.0,30.0,27.1767,78.0081,10,shoulder,21,2,luxury,luxury,high,11932.3,3,1.2,378016.79
city_amritsar,Amritsar,India,Central & Spiritual,42.0,18.0,26.0,31.634,74.8723,11,off-peak,14,3,budget,luxury,medium,11357.9,3,1.0,201888.87
city_ayodhya,Ayodhya,India,Central & Spiritual,38.0,16.0,22.0,26.7922,82.1998,10,shoulder,14,4,budget,backpacker,low,12117.0,3,1.2,195759.81
city_rann of kutch,Rann of Kutch,India,West & Rajasthan,60.0,20.0,35.0,23.8342,69.8329,12,peak,5,2,budget,luxury,low,11923.4,1,1.5,102163.7
city_ahmedabad,Ahmedabad,India,West & Rajasthan,45.0,22.0,30.0,23.0225,72.5714,6,peak,5,2,budget,backpacker,high,12130.9,1,1.5,100385.18
city_mumbai,Mumbai,India,West & Rajasthan,55.0,35.0,40.0,19.076,72.8777,7,peak,10,1,budget,luxury,medium,12538.0,2,1.5,108392.63
city_delhi,Delhi,India,Central & Spiritual,50.0,28.0,38.0,28.6139,77.209,2,off-peak,10,3,luxury,luxury,low,11754.7,2,1.0,397161.84
city_bengaluru,Bengaluru,India,South India & Western Ghats,55.0,30.0,42.0,12.9716,77.5946,3,off-peak,7,1,luxury,explorer,medium,13368.0,2,1.0,131314.14
city_goa,Goa,India,West & Rajasthan,45.0,20.0,35.0,15.2993,74.124,9,shoulder,5,2,mid,explorer,medium,12972.7,1,1.2,115004.55
city_udaipur,Udaipur,India,West & Rajasthan,55.0,22.0,35.0,24.5854,73.7125,11,off-peak,7,2,budget,luxury,low,12024.7,2,1.0,104126.64
city_jaipur,Jaipur,India,West & Rajasthan,40.0,18.0,30.0,26.9124,75.7873,4,shoulder,3,1,luxury,luxury,low,11874.7,1,1.2,67033.71
city_manali,Manali,India,North India (Himalayas),50.0,22.0,32.0,32.2396,77.1887,4,shoulder,3,2,budget,explorer,medium,11380.5,1,1.2,74840.67
city_leh ladakh,Leh Ladakh,India,North India (Himalayas),65.0,25.0,35.0,34.1526,77.5771,6,peak,5,4,budget,backpacker,high,11196.3,1,1.5,186001.4
city_srinagar,Srinagar,India,North India (Himalayas),55.0,20.0,35.0,34.0837,74.7973,8,peak,14,3,mid,luxury,high,11105.4,3,1.5,403375.65
city_shimla,Shimla,India,North India (Himalayas),48.0,20.0,30.0,31.1048,77.1734,8,peak,10,4,budget,luxury,low,11496.9,2,1.5,256206.2
city_rishikesh,Rishikesh,India,North India (Himalayas),40.0,16.0,25.0,30.0869,78.2676,3,off-peak,14,3,budget,backpacker,medium,11640.8,3,1.0,167615.89
city_munnar,Munnar,India,South India & Western Ghats,45.0,20.0,28.0,10.0889,77.0595,6,peak,3,2,mid,explorer,medium,13633.1,1,1.5,109606.71
city_alleppey,Alleppey,India,South India & Western Ghats,55.0,22.0,30.0,9.4981,76.3388,12,peak,7,1,budget,explorer,low,13657.3,2,1.5,58540.23
city_hampi,Hampi,India,South India & Western Ghats,38.0,14.0,22.0,15.335,76.46,9,shoulder,14,3,mid,luxury,low,13078.1,3,1.2,244224.46
city_coorg,Coorg,India,South India & Western Ghats,52.0,22.0,32.0,12.3375,75.8069,9,shoulder,21,1,luxury,explorer,medium,13348.5,3,1.2,265264.39
city_pondicherry,Pondicherry,India,South India & Western Ghats,50.0,22.0,35.0,11.9416,79.8083,7,peak,7,2,mid,backpacker,low,13570.2,2,1.5,120354.64
city_darjeeling,Darjeeling,India,East & Northeast,46.0,18.0,28.0,27.041,88.2663,4,shoulder,14,3,luxury,backpacker,low,12262.0,3,1.2,318818.81
city_shillong,Shillong,India,East & Northeast,48.0,18.0,28.0,25.5788,91.8933,10,shoulder,14,1,mid,backpacker,medium,12501.1,3,1.2,89161.48
city_kolkata,Kolkata,India,East & Northeast,45.0,20.0,26.0,22.5726,88.3639,10,shoulder,21,1,luxury,explorer,low,12745.7,3,1.2,235420.18
city_varanasi,Varanasi,India,Central & Spiritual,38.0,16.0,22.0,25.3176,82.9739,1,off-peak,10,2,luxury,explorer,medium,12297.1,2,1.0,156254.11
city_agra,Agra,India,Central & Spiritual,45.0,18.0,30.0,27.1767,78.0081,8,peak,7,2,budget,backpacker,low,11932.3,2,1.5,93227.83
city_amritsar,Amritsar,India,Central & Spiritual,42.0,18.0,26.0,31.634,74.8723,9,shoulder,14,4,luxury,luxury,high,11357.9,3,1.2,477204.71
city_ayodhya,Ayodhya,India,Central & Spiritual,38.0,16.0,22.0,26.7922,82.1998,1,off-peak,14,4,budget,explorer,medium,12117.0,3,1.0,228887.8
city_rann of kutch,Rann of Kutch,India,West & Rajasthan,60.0,20.0,35.0,23.8342,69.8329,7,peak,14,2,budget,explorer,low,11923.4,3,1.5,126885.78
city_ahmedabad,Ahmedabad,India,West & Rajasthan,45.0,22.0,30.0,23.0225,72.5714,10,shoulder,7,3,budget,explorer,medium,12130.9,2,1.2,163821.07
city_mumbai,Mumbai,India,West & Rajasthan,55.0,35.0,40.0,19.076,72.8777,2,off-peak,14,1,budget,explorer,high,12538.0,3,1.0,91307.8
city_delhi,Delhi,India,Central & Spiritual,50.0,28.0,38.0,28.6139,77.209,9,shoulder,14,1,budget,luxury,low,11754.7,3,1.2,96224.11
city_bengaluru,Bengaluru,India,South India & Western Ghats,55.0,30.0,42.0,12.9716,77.5946,3,off-peak,10,2,mid,backpacker,medium,13368.0,2,1.0,136967.9
city_goa,Goa,India,West & Rajasthan,45.0,20.0,35.0,15.2993,74.124,6,peak,14,2,mid,backpacker,high,12972.7,3,1.5,174612.81
city_udaipur,Udaipur,India,West & Rajasthan,55.0,22.0,35.0,24.5854,73.7125,11,off-peak,3,1,mid,luxury,low,12024.7,1,1.0,53146.1
city_jaipur,Jaipur,India,West & Rajasthan,40.0,18.0,30.0,26.9124,75.7873,8,peak,21,3,budget,explorer,high,11874.7,3,1.5,310512.69
city_manali,Manali,India,North India (Himalayas),50.0,22.0,32.0,32.2396,77.1887,9,shoulder,7,2,luxury,explorer,medium,11380.5,2,1.2,163066.79
city_leh ladakh,Leh Ladakh,India,North India (Himalayas),65.0,25.0,35.0,34.1526,77.5771,12,peak,14,1,budget,explorer,medium,11196.3,3,1.5,82888.26
city_srinagar,Srinagar,India,North India (Himalayas),55.0,20.0,35.0,34.0837,74.7973,5,shoulder,3,2,budget,luxury,low,11105.4,1,1.2,80599.9
city_shimla,Shimla,India,North India (Himalayas),48.0,20.0,30.0,31.1048,77.1734,5,shoulder,21,2,budget,explorer,high,11496.9,3,1.2,189855.15
city_rishikesh,Rishikesh,India,North India (Himalayas),40.0,16.0,25.0,30.0869,78.2676,4,shoulder,21,4,luxury,explorer,low,11640.8,3,1.2,492515.18
city_munnar,Munnar,India,South India & Western Ghats,45.0,20.0,28.0,10.0889,77.0595,1,off-peak,10,1,mid,explorer,high,13633.1,2,1.0,79698.07
city_alleppey,Alleppey,India,South India & Western Ghats,55.0,22.0,30.0,9.4981,76.3388,2,off-peak,3,3,luxury,explorer,medium,13657.3,1,1.0,192971.53
city_hampi,Hampi,India,South India & Western Ghats,38.0,14.0,22.0,15.335,76.46,1,off-peak,10,4,mid,backpacker,low,13078.1,2,1.0,213691.93
city_coorg,Coorg,India,South India & Western Ghats,52.0,22.0,32.0,12.3375,75.8069,7,peak,14,1,luxury,explorer,low,13348.5,3,1.5,228303.91
city_pondicherry,Pondicherry,India,South India & Western Ghats,50.0,22.0,35.0,11.9416,79.8083,9,shoulder,7,1,luxury,explorer,medium,13570.2,2,1.2,119975.33
city_darjeeling,Darjeeling,India,East & Northeast,46.0,18.0,28.0,27.041,88.2663,1,off-peak,7,4,mid,luxury,high,12262.0,2,1.0,244874.75
city_shillong,Shillong,India,East & Northeast,48.0,18.0,28.0,25.5788,91.8933,1,off-peak,3,4,luxury,luxury,medium,12501.1,1,1.0,231289.69
city_kolkata,Kolkata,India,East & Northeast,45.0,20.0,26.0,22.5726,88.3639,8,peak,10,3,budget,explorer,medium,12745.7,2,1.5,172646.43
city_varanasi,Varanasi,India,Central & Spiritual,38.0,16.0,22.0,25.3176,82.9739,12,peak,5,2,budget,explorer,high,12297.1,1,1.5,103834.71
city_agra,Agra,India,Central & Spiritual,45.0,18.0,30.0,27.1767,78.0081,4,shoulder,14,3,mid,luxury,medium,11932.3,3,1.2,289797.53
city_amritsar,Amritsar,India,Central & Spiritual,42.0,18.0,26.0,31.634,74.8723,1,off-peak,14,3,mid,explorer,high,11357.9,3,1.0,249235.78
city_ayodhya,Ayodhya,India,Central & Spiritual,38.0,16.0,22.0,26.7922,82.1998,10,shoulder,3,1,mid,luxury,high,12117.0,1,1.2,55992.92
city_rann of kutch,Rann of Kutch,India,West & Rajasthan,60.0,20.0,35.0,23.8342,69.8329,6,peak,7,2,mid,explorer,low,11923.4,2,1.5,112526.67
city_ahmedabad,Ahmedabad,India,West & Rajasthan,45.0,22.0,30.0,23.0225,72.5714,6,peak,10,2,mid,backpacker,high,12130.9,2,1.5,155072.32
city_mumbai,Mumbai,India,West & Rajasthan,55.0,35.0,40.0,19.076,72.8777,2,off-peak,7,3,budget,explorer,low,12538.0,2,1.0,160466.89
city_delhi,Delhi,India,Central & Spiritual,50.0,28.0,38.0,28.6139,77.209,5,shoulder,10,2,budget,luxury,low,11754.7,2,1.2,154146.48
city_bengaluru,Bengaluru,India,South India & Western Ghats,55.0,30.0,42.0,12.9716,77.5946,3,off-peak,14,1,budget,backpacker,high,13368.0,3,1.0,92111.37
city_goa,Goa,India,West & Rajasthan,45.0,20.0,35.0,15.2993,74.124,8,peak,14,3,budget,luxury,high,12972.7,3,1.5,341345.01
city_udaipur,Udaipur,India,West & Rajasthan,55.0,22.0,35.0,24.5854,73.7125,4,shoulder,3,3,mid,backpacker,high,12024.7,1,1.2,153506.47
city_jaipur,Jaipur,India,West & Rajasthan,40.0,18.0,30.0,26.9124,75.7873,9,shoulder,21,1,luxury,backpacker,medium,11874.7,3,1.2,200021.38
city_manali,Manali,India,North India (Himalayas),50.0,22.0,32.0,32.2396,77.1887,2,off-peak,3,4,budget,luxury,low,11380.5,1,1.0,169333.6
city_leh ladakh,Leh Ladakh,India,North India (Himalayas),65.0,25.0,35.0,34.1526,77.5771,6,peak,21,4,budget,luxury,medium,11196.3,3,1.5,526952.11
city_srinagar,Srinagar,India,North India (Himalayas),55.0,20.0,35.0,34.0837,74.7973,5,shoulder,5,1,mid,luxury,medium,11105.4,1,1.2,61450.59
city_shimla,Shimla,India,North India (Himalayas),48.0,20.0,30.0,31.1048,77.1734,11,off-peak,7,4,mid,luxury,low,11496.9,2,1.0,236761.56
city_rishikesh,Rishikesh,India,North India (Himalayas),40.0,16.0,25.0,30.0869,78.2676,3,off-peak,7,1,mid,backpacker,high,11640.8,2,1.0,64842.74
city_munnar,Munnar,India,South India & Western Ghats,45.0,20.0,28.0,10.0889,77.0595,6,peak,14,3,budget,explorer,high,13633.1,3,1.5,264720.75
city_alleppey,Alleppey,India,South India & Western Ghats,55.0,22.0,30.0,9.4981,76.3388,1,off-peak,21,2,mid,luxury,low,13657.3,3,1.0,243665.35
city_hampi,Hampi,India,South India & Western Ghats,38.0,14.0,22.0,15.335,76.46,4,shoulder,14,4,luxury,luxury,low,13078.1,3,1.2,402980.3
city_coorg,Coorg,India,South India & Western Ghats,52.0,22.0,32.0,12.3375,75.8069,9,shoulder,3,4,luxury,luxury,high,13348.5,1,1.2,248754.1
city_pondicherry,Pondicherry,India,South India & Western Ghats,50.0,22.0,35.0,11.9416,79.8083,10,shoulder,7,2,mid,backpacker,medium,13570.2,2,1.2,121645.15
city_darjeeling,Darjeeling,India,East & Northeast,46.0,18.0,28.0,27.041,88.2663,4,shoulder,10,3,luxury,backpacker,high,12262.0,2,1.2,318143.59
city_shillong,Shillong,India,East & Northeast,48.0,18.0,28.0,25.5788,91.8933,7,peak,7,1,mid,luxury,high,12501.1,2,1.5,93464.92
city_kolkata,Kolkata,India,East & Northeast,45.0,20.0,26.0,22.5726,88.3639,2,off-peak,7,4,luxury,backpacker,medium,12745.7,2,1.0,281166.14
city_varanasi,Varanasi,India,Central & Spiritual,38.0,16.0,22.0,25.3176,82.9739,3,off-peak,14,2,mid,luxury,high,12297.1,3,1.0,168285.39
city_agra,Agra,India,Central & Spiritual,45.0,18.0,30.0,27.1767,78.0081,11,off-peak,5,3,mid,explorer,medium,11932.3,1,1.0,156480.8
city_amritsar,Amritsar,India,Central & Spiritual,42.0,18.0,26.0,31.634,74.8723,9,shoulder,5,4,luxury,backpacker,low,11357.9,1,1.2,234332.05
city_ayodhya,Ayodhya,India,Central & Spiritual,38.0,16.0,22.0,26.7922,82.1998,8,peak,3,2,budget,explorer,medium,12117.0,1,1.5,86001.92
city_rann of kutch,Rann of Kutch,India,West & Rajasthan,60.0,20.0,35.0,23.8342,69.8329,8,peak,21,1,budget,backpacker,medium,11923.4,3,1.5,84243.98
city_ahmedabad,Ahmedabad,India,West & Rajasthan,45.0,22.0,30.0,23.0225,72.5714,1,off-peak,21,2,budget,backpacker,high,12130.9,3,1.0,180870.26
city_mumbai,Mumbai,India,West & Rajasthan,55.0,35.0,40.0,19.076,72.8777,7,peak,7,2,mid,luxury,high,12538.0,2,1.5,170274.68
city_delhi,Delhi,India,Central & Spiritual,50.0,28.0,38.0,28.6139,77.209,4,shoulder,21,3,budget,explorer,medium,11754.7,3,1.2,264238.2
city_bengaluru,Bengaluru,India,South India & Western Ghats,55.0,30.0,42.0,12.9716,77.5946,12,peak,3,1,luxury,explorer,medium,13368.0,1,1.5,90429.43
city_goa,Goa,India,West & Rajasthan,45.0,20.0,35.0,15.2993,74.124,7,peak,21,4,luxury,explorer,medium,12972.7,3,1.5,760764.4
city_udaipur,Udaipur,India,West & Rajasthan,55.0,22.0,35.0,24.5854,73.7125,12,peak,5,1,budget,backpacker,high,12024.7,1,1.5,49855.29
city_jaipur,Jaipur,India,West & Rajasthan,40.0,18.0,30.0,26.9124,75.7873,10,shoulder,7,4,mid,explorer,medium,11874.7,2,1.2,230804.83
city_manali,Manali,India,North India (Himalayas),50.0,22.0,32.0,32.2396,77.1887,5,shoulder,3,2,mid,explorer,medium,11380.5,1,1.2,94595.24
city_leh ladakh,Leh Ladakh,India,North India (Himalayas),65.0,25.0,35.0,34.1526,77.5771,1,off-peak,14,4,mid,explorer,medium,11196.3,3,1.0,300057.75
city_srinagar,Srinagar,India,North India (Himalayas),55.0,20.0,35.0,34.0837,74.7973,3,off-peak,3,2,mid,luxury,medium,11105.4,1,1.0,93016.01
city_shimla,Shimla,India,North India (Himalayas),48.0,20.0,30.0,31.1048,77.1734,10,shoulder,14,3,budget,explorer,medium,11496.9,3,1.2,202945.14
city_rishikesh,Rishikesh,India,North India (Himalayas),40.0,16.0,25.0,30.0869,78.2676,8,peak,10,2,budget,explorer,medium,11640.8,2,1.5,116589.96
city_munnar,Munnar,India,South India & Western Ghats,45.0,20.0,28.0,10.0889,77.0595,10,shoulder,3,2,luxury,explorer,low,13633.1,1,1.2,119407.51
city_alleppey,Alleppey,India,South India & Western Ghats,55.0,22.0,30.0,9.4981,76.3388,9,shoulder,5,1,luxury,backpacker,high,13657.3,1,1.2,99865.36
city_hampi,Hampi,India,South India & Western Ghats,38.0,14.0,22.0,15.335,76.46,9,shoulder,5,1,mid,backpacker,medium,13078.1,1,1.2,56212.86
city_coorg,Coorg,India,South India & Western Ghats,52.0,22.0,32.0,12.3375,75.8069,10,shoulder,10,4,luxury,backpacker,medium,13348.5,2,1.2,434433.05
city_pondicherry,Pondicherry,India,South India & Western Ghats,50.0,22.0,35.0,11.9416,79.8083,5,shoulder,3,1,mid,explorer,medium,13570.2,1,1.2,54821.83
city_darjeeling,Darjeeling,India,East & Northeast,46.0,18.0,28.0,27.041,88.2663,5,shoulder,21,1,mid,backpacker,high,12262.0,3,1.2,142328.8
city_shillong,Shillong,India,East & Northeast,48.0,18.0,28.0,25.5788,91.8933,4,shoulder,21,1,mid,backpacker,high,12501.1,3,1.2,126449.4
city_kolkata,Kolkata,India,East & Northeast,45.0,20.0,26.0,22.5726,88.3639,12,peak,14,1,luxury,luxury,medium,12745.7,3,1.5,235230.74
city_varanasi,Varanasi,India,Central & Spiritual,38.0,16.0,22.0,25.3176,82.9739,1,off-peak,10,1,luxury,luxury,medium,12297.1,2,1.0,114446.23
city_agra,Agra,India,Central & Spiritual,45.0,18.0,30.0,27.1767,78.0081,11,off-peak,3,1,budget,backpacker,high,11932.3,1,1.0,46532.86
city_amritsar,Amritsar,India,Central & Spiritual,42.0,18.0,26.0,31.634,74.8723,7,peak,5,2,mid,explorer,low,11357.9,1,1.5,94148.71
city_ayodhya,Ayodhya,India,Central & Spiritual,38.0,16.0,22.0,26.7922,82.1998,8,peak,7,2,budget,luxury,low,12117.0,2,1.5,110269.21
city_rann of kutch,Rann of Kutch,India,West & Rajasthan,60.0,20.0,35.0,23.8342,69.8329,9,shoulder,21,2,budget,explorer,low,11923.4,3,1.2,137740.35
city_ahmedabad,Ahmedabad,India,West & Rajasthan,45.0,22.0,30.0,23.0225,72.5714,12,peak,5,1,mid,luxury,medium,12130.9,1,1.5,72481.67
city_mumbai,Mumbai,India,West & Rajasthan,55.0,35.0,40.0,19.076,72.8777,10,shoulder,10,2,luxury,explorer,medium,12538.0,2,1.2,227283.76
city_delhi,Delhi,India,Central & Spiritual,50.0,28.0,38.0,28.6139,77.209,5,shoulder,5,3,luxury,explorer,medium,11754.7,1,1.2,244976.53
city_bengaluru,Bengaluru,India,South India & Western Ghats,55.0,30.0,42.0,12.9716,77.5946,11,off-peak,10,3,luxury,explorer,medium,13368.0,2,1.0,388061.85
city_goa,Goa,India,West & Rajasthan,45.0,20.0,35.0,15.2993,74.124,5,shoulder,10,4,mid,backpacker,high,12972.7,2,1.2,294293.88
city_udaipur,Udaipur,India,West & Rajasthan,55.0,22.0,35.0,24.5854,73.7125,7,peak,3,2,mid,explorer,high,12024.7,1,1.5,106666.37
city_jaipur,Jaipur,India,West & Rajasthan,40.0,18.0,30.0,26.9124,75.7873,12,peak,5,4,mid,luxury,medium,11874.7,1,1.5,251184.84
city_manali,Manali,India,North India (Himalayas),50.0,22.0,32.0,32.2396,77.1887,11,off-peak,5,1,mid,explorer,high,11380.5,1,1.0,59951.05
city_leh ladakh,Leh Ladakh,India,North India (Himalayas),65.0,25.0,35.0,34.1526,77.5771,7,peak,3,3,mid,luxury,medium,11196.3,1,1.5,176645.35
city_srinagar,Srinagar,India,North India (Himalayas),55.0,20.0,35.0,34.0837,74.7973,7,peak,10,4,mid,explorer,medium,11105.4,2,1.5,293545.23
city_shimla,Shimla,India,North India (Himalayas),48.0,20.0,30.0,31.1048,77.1734,12,peak,5,3,luxury,backpacker,medium,11496.9,1,1.5,223113.2
city_rishikesh,Rishikesh,India,North India (Himalayas),40.0,16.0,25.0,30.0869,78.2676,8,peak,10,2,luxury,backpacker,high,11640.8,2,1.5,195439.8
city_munnar,Munnar,India,South India & Western Ghats,45.0,20.0,28.0,10.0889,77.0595,10,shoulder,14,3,budget,luxury,high,13633.1,3,1.2,309097.46
city_alleppey,Alleppey,India,South India & Western Ghats,55.0,22.0,30.0,9.4981,76.3388,1,off-peak,21,1,mid,backpacker,high,13657.3,3,1.0,130330.46
city_hampi,Hampi,India,South India & Western Ghats,38.0,14.0,22.0,15.335,76.46,9,shoulder,3,1,luxury,backpacker,medium,13078.1,1,1.2,62381.04
city_coorg,Coorg,India,South India & Western Ghats,52.0,22.0,32.0,12.3375,75.8069,9,shoulder,5,2,luxury,explorer,high,13348.5,1,1.2,151510.7
city_pondicherry,Pondicherry,India,South India & Western Ghats,50.0,22.0,35.0,11.9416,79.8083,6,peak,7,4,budget,luxury,high,13570.2,2,1.5,331124.15
city_darjeeling,Darjeeling,India,East & Northeast,46.0,18.0,28.0,27.041,88.2663,4,shoulder,3,1,budget,luxury,low,12262.0,1,1.2,42241.66
city_shillong,Shillong,India,East & Northeast,48.0,18.0,28.0,25.5788,91.8933,1,off-peak,5,3,mid,backpacker,low,12501.1,1,1.0,143679.69
city_kolkata,Kolkata,India,East & Northeast,45.0,20.0,26.0,22.5726,88.3639,11,off-peak,21,2,budget,explorer,high,12745.7,3,1.0,192175.9
city_varanasi,Varanasi,India,Central & Spiritual,38.0,16.0,22.0,25.3176,82.9739,11,off-peak,10,2,luxury,explorer,low,12297.1,2,1.0,154985.58
city_agra,Agra,India,Central & Spiritual,45.0,18.0,30.0,27.1767,78.0081,2,off-peak,3,4,budget,backpacker,high,11932.3,1,1.0,176445.58
city_amritsar,Amritsar,India,Central & Spiritual,42.0,18.0,26.0,31.634,74.8723,3,off-peak,3,4,budget,luxury,medium,11357.9,1,1.0,158192.28
city_ayodhya,Ayodhya,India,Central & Spiritual,38.0,16.0,22.0,26.7922,82.1998,6,peak,10,1,mid,explorer,medium,12117.0,2,1.5,80865.4
city_rann of kutch,Rann of Kutch,India,West & Rajasthan,60.0,20.0,35.0,23.8342,69.8329,11,off-peak,14,4,mid,explorer,medium,11923.4,3,1.0,306445.02
city_ahmedabad,Ahmedabad,India,West & Rajasthan,45.0,22.0,30.0,23.0225,72.5714,2,off-peak,5,4,luxury,explorer,medium,12130.9,1,1.0,247262.71
city_mumbai,Mumbai,India,West & Rajasthan,55.0,35.0,40.0,19.076,72.8777,9,shoulder,5,4,budget,explorer,high,12538.0,1,1.2,238423.17
city_delhi,Delhi,India,Central & Spiritual,50.0,28.0,38.0,28.6139,77.209,7,peak,7,1,mid,backpacker,high,11754.7,2,1.5,89835.45
city_bengaluru,Bengaluru,India,South India & Western Ghats,55.0,30.0,42.0,12.9716,77.5946,4,shoulder,10,3,mid,luxury,low,13368.0,2,1.2,295424.96
city_goa,Goa,India,West & Rajasthan,45.0,20.0,35.0,15.2993,74.124,11,off-peak,7,3,budget,luxury,low,12972.7,2,1.0,180062.16
city_udaipur,Udaipur,India,West & Rajasthan,55.0,22.0,35.0,24.5854,73.7125,8,peak,14,2,budget,backpacker,medium,12024.7,3,1.5,131794.09
city_jaipur,Jaipur,India,West & Rajasthan,40.0,18.0,30.0,26.9124,75.7873,10,shoulder,10,2,budget,explorer,medium,11874.7,2,1.2,104267.68
city_manali,Manali,India,North India (Himalayas),50.0,22.0,32.0,32.2396,77.1887,3,off-peak,3,3,luxury,luxury,high,11380.5,1,1.0,186352.13
city_leh ladakh,Leh Ladakh,India,North India (Himalayas),65.0,25.0,35.0,34.1526,77.5771,7,peak,3,3,luxury,backpacker,high,11196.3,1,1.5,202940.64
city_srinagar,Srinagar,India,North India (Himalayas),55.0,20.0,35.0,34.0837,74.7973,6,peak,21,2,mid,explorer,high,11105.4,3,1.5,239717.01
city_shimla,Shimla,India,North India (Himalayas),48.0,20.0,30.0,31.1048,77.1734,8,peak,14,1,budget,explorer,high,11496.9,3,1.5,90654.57
city_rishikesh,Rishikesh,India,North India (Himalayas),40.0,16.0,25.0,30.0869,78.2676,1,off-peak,5,1,budget,backpacker,medium,11640.8,1,1.0,44278.43
city_munnar,Munnar,India,South India & Western Ghats,45.0,20.0,28.0,10.0889,77.0595,2,off-peak,3,4,mid,backpacker,high,13633.1,1,1.0,202894.74
city_alleppey,Alleppey,India,South India & Western Ghats,55.0,22.0,30.0,9.4981,76.3388,12,peak,14,4,mid,backpacker,medium,13657.3,3,1.5,323027.78
city_hampi,Hampi,India,South India & Western Ghats,38.0,14.0,22.0,15.335,76.46,2,off-peak,10,3,luxury,luxury,medium,13078.1,2,1.0,253446.13
city_coorg,Coorg,India,South India & Western Ghats,52.0,22.0,32.0,12.3375,75.8069,6,peak,14,2,budget,explorer,high,13348.5,3,1.5,170918.82
city_pondicherry,Pondicherry,India,South India & Western Ghats,50.0,22.0,35.0,11.9416,79.8083,11,off-peak,5,3,luxury,luxury,medium,13570.2,1,1.0,229955.48
city_darjeeling,Darjeeling,India,East & Northeast,46.0,18.0,28.0,27.041,88.2663,6,peak,21,2,budget,luxury,high,12262.0,3,1.5,257134.79
city_shillong,Shillong,India,East & Northeast,48.0,18.0,28.0,25.5788,91.8933,8,peak,3,3,mid,backpacker,low,12501.1,1,1.5,117920.03
city_kolkata,Kolkata,India,East & Northeast,45.0,20.0,26.0,22.5726,88.3639,1,off-peak,7,2,budget,luxury,low,12745.7,2,1.0,109910.73
city_varanasi,Varanasi,India,Central & Spiritual,38.0,16.0,22.0,25.3176,82.9739,9,shoulder,10,3,budget,backpacker,high,12297.1,2,1.2,175317.31
city_agra,Agra,India,Central & Spiritual,45.0,18.0,30.0,27.1767,78.0081,6,peak,21,2,mid,luxury,low,11932.3,3,1.5,256364.12
city_amritsar,Amritsar,India,Central & Spiritual,42.0,18.0,26.0,31.634,74.8723,4,shoulder,7,3,mid,luxury,high,11357.9,2,1.2,200594.3
city_ayodhya,Ayodhya,India,Central & Spiritual,38.0,16.0,22.0,26.7922,82.1998,7,peak,7,2,budget,luxury,low,12117.0,2,1.5,117151.02
city_rann of kutch,Rann of Kutch,India,West & Rajasthan,60.0,20.0,35.0,23.8342,69.8329,2,off-peak,21,2,mid,backpacker,medium,11923.4,3,1.0,163690.63
city_ahmedabad,Ahmedabad,India,West & Rajasthan,45.0,22.0,30.0,23.0225,72.5714,9,shoulder,14,4,mid,luxury,high,12130.9,3,1.2,420742.61
city_mumbai,Mumbai,India,West & Rajasthan,55.0,35.0,40.0,19.076,72.8777,10,shoulder,7,4,budget,backpacker,low,12538.0,2,1.2,207507.27
city_delhi,Delhi,India,Central & Spiritual,50.0,28.0,38.0,28.6139,77.209,2,off-peak,14,2,budget,backpacker,medium,11754.7,3,1.0,102388.67
city_bengaluru,Bengaluru,India,South India & Western Ghats,55.0,30.0,42.0,12.9716,77.5946,1,off-peak,7,1,budget,backpacker,high,13368.0,2,1.0,64175.46
city_goa,Goa,India,West & Rajasthan,45.0,20.0,35.0,15.2993,74.124,8,peak,7,3,luxury,backpacker,low,12972.7,2,1.5,268915.48
city_udaipur,Udaipur,India,West & Rajasthan,55.0,22.0,35.0,24.5854,73.7125,9,shoulder,10,4,mid,luxury,medium,12024.7,2,1.2,308460.27
city_jaipur,Jaipur,India,West & Rajasthan,40.0,18.0,30.0,26.9124,75.7873,6,peak,14,1,luxury,backpacker,low,11874.7,3,1.5,192948.23
city_manali,Manali,India,North India (Himalayas),50.0,22.0,32.0,32.2396,77.1887,11,off-peak,7,2,mid,luxury,medium,11380.5,2,1.0,110851.11
city_leh ladakh,Leh Ladakh,India,North India (Himalayas),65.0,25.0,35.0,34.1526,77.5771,11,off-peak,3,4,luxury,explorer,low,11196.3,1,1.0,203287.66
city_srinagar,Srinagar,India,North India (Himalayas),55.0,20.0,35.0,34.0837,74.7973,1,off-peak,7,4,luxury,explorer,high,11105.4,2,1.0,278067.09
city_shimla,Shimla,India,North India (Himalayas),48.0,20.0,30.0,31.1048,77.1734,4,shoulder,10,3,budget,luxury,low,11496.9,2,1.2,199627.63
city_rishikesh,Rishikesh,India,North India (Himalayas),40.0,16.0,25.0,30.0869,78.2676,4,shoulder,10,3,luxury,backpacker,low,11640.8,2,1.2,248984.73
city_munnar,Munnar,India,South India & Western Ghats,45.0,20.0,28.0,10.0889,77.0595,6,peak,7,1,luxury,explorer,low,13633.1,2,1.5,120443.43
city_alleppey,Alleppey,India,South India & Western Ghats,55.0,22.0,30.0,9.4981,76.3388,11,off-peak,7,4,mid,backpacker,high,13657.3,2,1.0,247560.63
city_hampi,Hampi,India,South India & Western Ghats,38.0,14.0,22.0,15.335,76.46,1,off-peak,14,1,luxury,explorer,high,13078.1,3,1.0,129828.14
city_coorg,Coorg,India,South India & Western Ghats,52.0,22.0,32.0,12.3375,75.8069,11,off-peak,10,4,budget,explorer,high,13348.5,2,1.0,282961.91
city_pondicherry,Pondicherry,India,South India & Western Ghats,50.0,22.0,35.0,11.9416,79.8083,2,off-peak,3,3,budget,luxury,high,13570.2,1,1.0,148926.8
city_darjeeling,Darjeeling,India,East & Northeast,46.0,18.0,28.0,27.041,88.2663,3,off-peak,21,2,budget,backpacker,medium,12262.0,3,1.0,134375.72
city_shillong,Shillong,India,East & Northeast,48.0,18.0,28.0,25.5788,91.8933,8,peak,21,1,mid,backpacker,high,12501.1,3,1.5,142650.99
city_kolkata,Kolkata,India,East & Northeast,45.0,20.0,26.0,22.5726,88.3639,5,shoulder,5,1,mid,luxury,medium,12745.7,1,1.2,66295.33
city_varanasi,Varanasi,India,Central & Spiritual,38.0,16.0,22.0,25.3176,82.9739,10,shoulder,21,3,luxury,backpacker,high,12297.1,3,1.2,492934.13
city_agra,Agra,India,Central & Spiritual,45.0,18.0,30.0,27.1767,78.0081,7,peak,10,1,budget,backpacker,high,11932.3,2,1.5,69362.4
city_amritsar,Amritsar,India,Central & Spiritual,42.0,18.0,26.0,31.634,74.8723,3,off-peak,10,1,mid,luxury,low,11357.9,2,1.0,75301.03
city_ayodhya,Ayodhya,India,Central & Spiritual,38.0,16.0,22.0,26.7922,82.1998,12,peak,14,4,budget,luxury,high,12117.0,3,1.5,380441.48
city_rann of kutch,Rann of Kutch,India,West & Rajasthan,60.0,20.0,35.0,23.8342,69.8329,5,shoulder,7,3,budget,explorer,medium,11923.4,2,1.2,142707.46
city_ahmedabad,Ahmedabad,India,West & Rajasthan,45.0,22.0,30.0,23.0225,72.5714,10,shoulder,21,1,luxury,explorer,low,12130.9,3,1.2,258325.64
city_mumbai,Mumbai,India,West & Rajasthan,55.0,35.0,40.0,19.076,72.8777,12,peak,3,2,mid,luxury,high,12538.0,1,1.5,124699.63
city_delhi,Delhi,India,Central & Spiritual,50.0,28.0,38.0,28.6139,77.209,1,off-peak,5,1,budget,luxury,medium,11754.7,1,1.0,50184.29
city_bengaluru,Bengaluru,India,South India & Western Ghats,55.0,30.0,42.0,12.9716,77.5946,4,shoulder,7,2,luxury,luxury,low,13368.0,2,1.2,216295.34
city_goa,Goa,India,West & Rajasthan,45.0,20.0,35.0,15.2993,74.124,5,shoulder,3,4,luxury,explorer,low,12972.7,1,1.2,219398.67
city_udaipur,Udaipur,India,West & Rajasthan,55.0,22.0,35.0,24.5854,73.7125,7,peak,5,2,mid,backpacker,low,12024.7,1,1.5,107981.38
city_jaipur,Jaipur,India,West & Rajasthan,40.0,18.0,30.0,26.9124,75.7873,5,shoulder,7,4,mid,backpacker,medium,11874.7,2,1.2,204631.35
city_manali,Manali,India,North India (Himalayas),50.0,22.0,32.0,32.2396,77.1887,11,off-peak,14,4,luxury,luxury,low,11380.5,3,1.0,484342.81
city_leh ladakh,Leh Ladakh,India,North India (Himalayas),65.0,25.0,35.0,34.1526,77.5771,1,off-peak,14,4,budget,luxury,high,11196.3,3,1.0,361044.23
city_srinagar,Srinagar,India,North India (Himalayas),55.0,20.0,35.0,34.0837,74.7973,6,peak,21,3,budget,explorer,high,11105.4,3,1.5,350562.0
city_shimla,Shimla,India,North India (Himalayas),48.0,20.0,30.0,31.1048,77.1734,9,shoulder,14,3,budget,luxury,low,11496.9,3,1.2,228211.3
city_rishikesh,Rishikesh,India,North India (Himalayas),40.0,16.0,25.0,30.0869,78.2676,1,off-peak,3,2,mid,backpacker,medium,11640.8,1,1.0,86860.67
city_munnar,Munnar,India,South India & Western Ghats,45.0,20.0,28.0,10.0889,77.0595,10,shoulder,7,3,luxury,explorer,high,13633.1,2,1.2,283654.27
city_alleppey,Alleppey,India,South India & Western Ghats,55.0,22.0,30.0,9.4981,76.3388,12,peak,3,3,budget,backpacker,medium,13657.3,1,1.5,141753.49
city_hampi,Hampi,India,South India & Western Ghats,38.0,14.0,22.0,15.335,76.46,8,peak,7,3,luxury,backpacker,low,13078.1,2,1.5,243301.14
city_coorg,Coorg,India,South India & Western Ghats,52.0,22.0,32.0,12.3375,75.8069,8,peak,14,2,budget,explorer,high,13348.5,3,1.5,168767.16
city_pondicherry,Pondicherry,India,South India & Western Ghats,50.0,22.0,35.0,11.9416,79.8083,8,peak,14,4,luxury,explorer,medium,13570.2,3,1.5,604963.08
city_darjeeling,Darjeeling,India,East & Northeast,46.0,18.0,28.0,27.041,88.2663,6,peak,14,3,mid,luxury,medium,12262.0,3,1.5,315685.15
city_shillong,Shillong,India,East & Northeast,48.0,18.0,28.0,25.5788,91.8933,5,shoulder,3,2,luxury,backpacker,medium,12501.1,1,1.2,100903.0
city_kolkata,Kolkata,India,East & Northeast,45.0,20.0,26.0,22.5726,88.3639,10,shoulder,10,1,budget,luxury,low,12745.7,2,1.2,70174.17
city_varanasi,Varanasi,India,Central & Spiritual,38.0,16.0,22.0,25.3176,82.9739,5,shoulder,14,2,luxury,backpacker,low,12297.1,3,1.2,176000.16
city_agra,Agra,India,Central & Spiritual,45.0,18.0,30.0,27.1767,78.0081,1,off-peak,3,3,budget,explorer,medium,11932.3,1,1.0,116332.67
city_amritsar,Amritsar,India,Central & Spiritual,42.0,18.0,26.0,31.634,74.8723,7,peak,5,4,budget,luxury,low,11357.9,1,1.5,200327.91
city_ayodhya,Ayodhya,India,Central & Spiritual,38.0,16.0,22.0,26.7922,82.1998,5,shoulder,3,2,budget,backpacker,medium,12117.0,1,1.2,84241.98
city_rann of kutch,Rann of Kutch,India,West & Rajasthan,60.0,20.0,35.0,23.8342,69.8329,2,off-peak,21,2,budget,luxury,high,11923.4,3,1.0,237244.1
city_ahmedabad,Ahmedabad,India,West & Rajasthan,45.0,22.0,30.0,23.0225,72.5714,8,peak,5,3,budget,explorer,high,12130.9,1,1.5,155867.41
city_mumbai,Mumbai,India,West & Rajasthan,55.0,35.0,40.0,19.076,72.8777,11,off-peak,10,2,mid,luxury,medium,12538.0,2,1.0,181504.95
city_delhi,Delhi,India,Central & Spiritual,50.0,28.0,38.0,28.6139,77.209,2,off-peak,10,2,mid,backpacker,medium,11754.7,2,1.0,118467.64
city_bengaluru,Bengaluru,India,South India & Western Ghats,55.0,30.0,42.0,12.9716,77.5946,6,peak,7,4,luxury,explorer,high,13368.0,2,1.5,487083.35
city_goa,Goa,India,West & Rajasthan,45.0,20.0,35.0,15.2993,74.124,12,peak,14,1,budget,luxury,low,12972.7,3,1.5,104516.59
city_udaipur,Udaipur,India,West & Rajasthan,55.0,22.0,35.0,24.5854,73.7125,4,shoulder,7,3,mid,luxury,low,12024.7,2,1.2,194214.5
city_jaipur,Jaipur,India,West & Rajasthan,40.0,18.0,30.0,26.9124,75.7873,2,off-peak,21,2,budget,explorer,low,11874.7,3,1.0,122910.71
city_manali,Manali,India,North India (Himalayas),50.0,22.0,32.0,32.2396,77.1887,1,off-peak,5,3,mid,backpacker,medium,11380.5,1,1.0,142477.72
city_leh ladakh,Leh Ladakh,India,North India (Himalayas),65.0,25.0,35.0,34.1526,77.5771,3,off-peak,7,3,mid,luxury,medium,11196.3,2,1.0,202685.23
city_srinagar,Srinagar,India,North India (Himalayas),55.0,20.0,35.0,34.0837,74.7973,1,off-peak,7,4,budget,backpacker,medium,11105.4,2,1.0,171175.77
city_shimla,Shimla,India,North India (Himalayas),48.0,20.0,30.0,31.1048,77.1734,8,peak,3,3,luxury,luxury,low,11496.9,1,1.5,175875.77
city_rishikesh,Rishikesh,India,North India (Himalayas),40.0,16.0,25.0,30.0869,78.2676,11,off-peak,10,1,budget,explorer,low,11640.8,2,1.0,48851.38
city_munnar,Munnar,India,South India & Western Ghats,45.0,20.0,28.0,10.0889,77.0595,8,peak,3,4,luxury,luxury,medium,13633.1,1,1.5,256570.36
city_alleppey,Alleppey,India,South India & Western Ghats,55.0,22.0,30.0,9.4981,76.3388,7,peak,3,3,mid,explorer,high,13657.3,1,1.5,161541.89
city_hampi,Hampi,India,South India & Western Ghats,38.0,14.0,22.0,15.335,76.46,8,peak,14,3,mid,luxury,medium,13078.1,3,1.5,277502.45
city_coorg,Coorg,India,South India & Western Ghats,52.0,22.0,32.0,12.3375,75.8069,9,shoulder,7,1,budget,explorer,high,13348.5,2,1.2,65137.88
city_pondicherry,Pondicherry,India,South India & Western Ghats,50.0,22.0,35.0,11.9416,79.8083,2,off-peak,5,1,mid,luxury,high,13570.2,1,1.0,63497.6
city_darjeeling,Darjeeling,India,East & Northeast,46.0,18.0,28.0,27.041,88.2663,5,shoulder,5,4,mid,backpacker,medium,12262.0,1,1.2,194533.58
city_shillong,Shillong,India,East & Northeast,48.0,18.0,28.0,25.5788,91.8933,8,peak,10,3,budget,luxury,high,12501.1,2,1.5,255222.87
city_kolkata,Kolkata,India,East & Northeast,45.0,20.0,26.0,22.5726,88.3639,6,peak,7,4,mid,luxury,medium,12745.7,2,1.5,282937.21
city_varanasi,Varanasi,India,Central & Spiritual,38.0,16.0,22.0,25.3176,82.9739,5,shoulder,5,3,mid,explorer,low,12297.1,1,1.2,146384.06
city_agra,Agra,India,Central & Spiritual,45.0,18.0,30.0,27.1767,78.0081,8,peak,7,3,luxury,backpacker,high,11932.3,2,1.5,299124.32
city_amritsar,Amritsar,India,Central & Spiritual,42.0,18.0,26.0,31.634,74.8723,9,shoulder,21,4,budget,backpacker,low,11357.9,3,1.2,243815.69
city_ayodhya,Ayodhya,India,Central & Spiritual,38.0,16.0,22.0,26.7922,82.1998,9,shoulder,3,2,luxury,backpacker,high,12117.0,1,1.2,92946.97
city_rann of kutch,Rann of Kutch,India,West & Rajasthan,60.0,20.0,35.0,23.8342,69.8329,6,peak,10,2,luxury,luxury,high,11923.4,2,1.5,264264.76
city_ahmedabad,Ahmedabad,India,West & Rajasthan,45.0,22.0,30.0,23.0225,72.5714,8,peak,3,1,mid,explorer,low,12130.9,1,1.5,57000.27
city_mumbai,Mumbai,India,West & Rajasthan,55.0,35.0,40.0,19.076,72.8777,11,off-peak,3,4,luxury,luxury,low,12538.0,1,1.0,282355.07
city_delhi,Delhi,India,Central & Spiritual,50.0,28.0,38.0,28.6139,77.209,6,peak,21,3,mid,explorer,low,11754.7,3,1.5,434815.95
city_bengaluru,Bengaluru,India,South India & Western Ghats,55.0,30.0,42.0,12.9716,77.5946,12,peak,21,1,mid,backpacker,low,13368.0,3,1.5,188008.17
city_goa,Goa,India,West & Rajasthan,45.0,20.0,35.0,15.2993,74.124,10,shoulder,7,3,luxury,luxury,high,12972.7,2,1.2,320004.44
city_udaipur,Udaipur,India,West & Rajasthan,55.0,22.0,35.0,24.5854,73.7125,1,off-peak,7,4,budget,explorer,medium,12024.7,2,1.0,195485.7
city_jaipur,Jaipur,India,West & Rajasthan,40.0,18.0,30.0,26.9124,75.7873,12,peak,21,2,mid,luxury,high,11874.7,3,1.5,317535.85
city_manali,Manali,India,North India (Himalayas),50.0,22.0,32.0,32.2396,77.1887,3,off-peak,21,3,mid,backpacker,medium,11380.5,3,1.0,284020.89
city_leh ladakh,Leh Ladakh,India,North India (Himalayas),65.0,25.0,35.0,34.1526,77.5771,4,shoulder,3,4,luxury,backpacker,medium,11196.3,1,1.2,211903.34
city_srinagar,Srinagar,India,North India (Himalayas),55.0,20.0,35.0,34.0837,74.7973,11,off-peak,7,1,budget,backpacker,low,11105.4,2,1.0,47901.98
city_shimla,Shimla,India,North India (Himalayas),48.0,20.0,30.0,31.1048,77.1734,12,peak,7,2,budget,luxury,medium,11496.9,2,1.5,122027.89
city_rishikesh,Rishikesh,India,North India (Himalayas),40.0,16.0,25.0,30.0869,78.2676,8,peak,14,4,luxury,luxury,medium,11640.8,3,1.5,492776.43
city_munnar,Munnar,India,South India & Western Ghats,45.0,20.0,28.0,10.0889,77.0595,9,shoulder,10,4,luxury,backpacker,medium,13633.1,2,1.2,364723.74
city_alleppey,Alleppey,India,South India & Western Ghats,55.0,22.0,30.0,9.4981,76.3388,8,peak,5,4,luxury,explorer,low,13657.3,1,1.5,318156.09
city_hampi,Hampi,India,South India & Western Ghats,38.0,14.0,22.0,15.335,76.46,9,shoulder,21,2,luxury,explorer,medium,13078.1,3,1.2,240787.85
city_coorg,Coorg,India,South India & Western Ghats,52.0,22.0,32.0,12.3375,75.8069,10,shoulder,3,4,luxury,explorer,low,13348.5,1,1.2,239895.21
city_pondicherry,Pondicherry,India,South India & Western Ghats,50.0,22.0,35.0,11.9416,79.8083,4,shoulder,21,3,mid,explorer,medium,13570.2,3,1.2,340632.09
city_darjeeling,Darjeeling,India,East & Northeast,46.0,18.0,28.0,27.041,88.2663,3,off-peak,14,2,luxury,explorer,high,12262.0,3,1.0,224196.17
city_shillong,Shillong,India,East & Northeast,48.0,18.0,28.0,25.5788,91.8933,7,peak,10,1,mid,luxury,high,12501.1,2,1.5,103385.45
city_kolkata,Kolkata,India,East & Northeast,45.0,20.0,26.0,22.5726,88.3639,9,shoulder,5,4,luxury,backpacker,low,12745.7,1,1.2,250971.29
city_varanasi,Varanasi,India,Central & Spiritual,38.0,16.0,22.0,25.3176,82.9739,7,peak,5,2,budget,luxury,medium,12297.1,1,1.5,105847.85
city_agra,Agra,India,Central & Spiritual,45.0,18.0,30.0,27.1767,78.0081,12,peak,10,4,mid,backpacker,medium,11932.3,2,1.5,264065.65
city_amritsar,Amritsar,India,Central & Spiritual,42.0,18.0,26.0,31.634,74.8723,10,shoulder,7,3,mid,luxury,low,11357.9,2,1.2,174288.3
city_ayodhya,Ayodhya,India,Central & Spiritual,38.0,16.0,22.0,26.7922,82.1998,11,off-peak,21,3,luxury,luxury,high,12117.0,3,1.0,476474.02
city_rann of kutch,Rann of Kutch,India,West & Rajasthan,60.0,20.0,35.0,23.8342,69.8329,7,peak,5,4,mid,explorer,medium,11923.4,1,1.5,224448.21
city_ahmedabad,Ahmedabad,India,West & Rajasthan,45.0,22.0,30.0,23.0225,72.5714,3,off-peak,10,3,budget,luxury,medium,12130.9,2,1.0,189444.45
city_mumbai,Mumbai,India,West & Rajasthan,55.0,35.0,40.0,19.076,72.8777,8,peak,21,2,luxury,backpacker,medium,12538.0,3,1.5,495566.3
city_delhi,Delhi,India,Central & Spiritual,50.0,28.0,38.0,28.6139,77.209,7,peak,10,2,luxury,backpacker,high,11754.7,2,1.5,253574.79
city_bengaluru,Bengaluru,India,South India & Western Ghats,55.0,30.0,42.0,12.9716,77.5946,4,shoulder,5,1,luxury,luxury,high,13368.0,1,1.2,122969.92
city_goa,Goa,India,West & Rajasthan,45.0,20.0,35.0,15.2993,74.124,10,shoulder,5,2,luxury,luxury,medium,12972.7,1,1.2,150720.67
city_udaipur,Udaipur,India,West & Rajasthan,55.0,22.0,35.0,24.5854,73.7125,11,off-peak,3,3,budget,luxury,high,12024.7,1,1.0,153146.42
city_jaipur,Jaipur,India,West & Rajasthan,40.0,18.0,30.0,26.9124,75.7873,9,shoulder,14,2,budget,explorer,medium,11874.7,3,1.2,121860.94
city_manali,Manali,India,North India (Himalayas),50.0,22.0,32.0,32.2396,77.1887,12,peak,5,2,mid,luxury,low,11380.5,1,1.5,115862.54
city_leh ladakh,Leh Ladakh,India,North India (Himalayas),65.0,25.0,35.0,34.1526,77.5771,1,off-peak,5,4,mid,backpacker,high,11196.3,1,1.0,210583.26
city_srinagar,Srinagar,India,North India (Himalayas),55.0,20.0,35.0,34.0837,74.7973,10,shoulder,10,2,budget,explorer,high,11105.4,2,1.2,119537.34
city_shimla,Shimla,India,North India (Himalayas),48.0,20.0,30.0,31.1048,77.1734,6,peak,5,2,mid,luxury,low,11496.9,1,1.5,107164.91
city_rishikesh,Rishikesh,India,North India (Himalayas),40.0,16.0,25.0,30.0869,78.2676,1,off-peak,21,1,luxury,luxury,medium,11640.8,3,1.0,217098.64
city_munnar,Munnar,India,South India & Western Ghats,45.0,20.0,28.0,10.0889,77.0595,7,peak,3,4,mid,luxury,high,13633.1,1,1.5,201957.47
city_alleppey,Alleppey,India,South India & Western Ghats,55.0,22.0,30.0,9.4981,76.3388,2,off-peak,21,1,mid,explorer,high,13657.3,3,1.0,152984.58
city_hampi,Hampi,India,South India & Western Ghats,38.0,14.0,22.0,15.335,76.46,12,peak,3,3,mid,luxury,high,13078.1,1,1.5,167751.77
city_coorg,Coorg,India,South India & Western Ghats,52.0,22.0,32.0,12.3375,75.8069,11,off-peak,21,4,mid,backpacker,low,13348.5,3,1.0,332545.66
city_pondicherry,Pondicherry,India,South India & Western Ghats,50.0,22.0,35.0,11.9416,79.8083,10,shoulder,3,2,mid,explorer,high,13570.2,1,1.2,108814.85
city_darjeeling,Darjeeling,India,East & Northeast,46.0,18.0,28.0,27.041,88.2663,6,peak,5,2,mid,backpacker,medium,12262.0,1,1.5,107998.66
city_shillong,Shillong,India,East & Northeast,48.0,18.0,28.0,25.5788,91.8933,2,off-peak,10,4,budget,explorer,medium,12501.1,2,1.0,229340.82
city_kolkata,Kolkata,India,East & Northeast,45.0,20.0,26.0,22.5726,88.3639,5,shoulder,21,4,mid,explorer,high,12745.7,3,1.2,454501.7
city_varanasi,Varanasi,India,Central & Spiritual,38.0,16.0,22.0,25.3176,82.9739,1,off-peak,5,2,luxury,explorer,low,12297.1,1,1.0,114661.88
city_agra,Agra,India,Central & Spiritual,45.0,18.0,30.0,27.1767,78.0081,4,shoulder,7,3,luxury,explorer,medium,11932.3,2,1.2,253063.98
city_amritsar,Amritsar,India,Central & Spiritual,42.0,18.0,26.0,31.634,74.8723,11,off-peak,7,4,luxury,explorer,high,11357.9,2,1.0,280453.36
city_ayodhya,Ayodhya,India,Central & Spiritual,38.0,16.0,22.0,26.7922,82.1998,5,shoulder,5,2,budget,luxury,medium,12117.0,1,1.2,101208.3
city_rann of kutch,Rann of Kutch,India,West & Rajasthan,60.0,20.0,35.0,23.8342,69.8329,4,shoulder,3,2,luxury,explorer,low,11923.4,1,1.2,101981.61
city_ahmedabad,Ahmedabad,India,West & Rajasthan,45.0,22.0,30.0,23.0225,72.5714,10,shoulder,3,3,mid,luxury,high,12130.9,1,1.2,158968.43
city_mumbai,Mumbai,India,West & Rajasthan,55.0,35.0,40.0,19.076,72.8777,7,peak,10,2,mid,luxury,low,12538.0,2,1.5,174871.77
city_delhi,Delhi,India,Central & Spiritual,50.0,28.0,38.0,28.6139,77.209,10,shoulder,14,3,luxury,explorer,medium,11754.7,3,1.2,529163.22
city_bengaluru,Bengaluru,India,South India & Western Ghats,55.0,30.0,42.0,12.9716,77.5946,3,off-peak,14,4,budget,explorer,medium,13368.0,3,1.0,278995.45
city_goa,Goa,India,West & Rajasthan,45.0,20.0,35.0,15.2993,74.124,1,off-peak,21,1,mid,backpacker,medium,12972.7,3,1.0,112857.07
city_udaipur,Udaipur,India,West & Rajasthan,55.0,22.0,35.0,24.5854,73.7125,10,shoulder,21,1,luxury,backpacker,medium,12024.7,3,1.2,261736.81
city_jaipur,Jaipur,India,West & Rajasthan,40.0,18.0,30.0,26.9124,75.7873,8,peak,10,1,luxury,luxury,low,11874.7,2,1.5,157392.9
city_manali,Manali,India,North India (Himalayas),50.0,22.0,32.0,32.2396,77.1887,1,off-peak,10,1,mid,luxury,low,11380.5,2,1.0,77313.04
city_leh ladakh,Leh Ladakh,India,North India (Himalayas),65.0,25.0,35.0,34.1526,77.5771,5,shoulder,14,1,budget,explorer,high,11196.3,3,1.2,83545.37
city_srinagar,Srinagar,India,North India (Himalayas),55.0,20.0,35.0,34.0837,74.7973,12,peak,5,2,budget,luxury,high,11105.4,1,1.5,116783.17
city_shimla,Shimla,India,North India (Himalayas),48.0,20.0,30.0,31.1048,77.1734,8,peak,5,1,luxury,explorer,high,11496.9,1,1.5,98476.84
city_rishikesh,Rishikesh,India,North India (Himalayas),40.0,16.0,25.0,30.0869,78.2676,12,peak,3,2,luxury,explorer,low,11640.8,1,1.5,111244.25
city_munnar,Munnar,India,South India & Western Ghats,45.0,20.0,28.0,10.0889,77.0595,4,shoulder,5,2,luxury,luxury,medium,13633.1,1,1.2,139917.4
city_alleppey,Alleppey,India,South India & Western Ghats,55.0,22.0,30.0,9.4981,76.3388,1,off-peak,7,1,budget,explorer,low,13657.3,2,1.0,55516.68
city_hampi,Hampi,India,South India & Western Ghats,38.0,14.0,22.0,15.335,76.46,8,peak,3,4,budget,backpacker,high,13078.1,1,1.5,174328.52
city_coorg,Coorg,India,South India & Western Ghats,52.0,22.0,32.0,12.3375,75.8069,5,shoulder,14,1,luxury,explorer,low,13348.5,3,1.2,179251.88
city_pondicherry,Pondicherry,India,South India & Western Ghats,50.0,22.0,35.0,11.9416,79.8083,12,peak,10,2,luxury,luxury,high,13570.2,2,1.5,284378.34
city_darjeeling,Darjeeling,India,East & Northeast,46.0,18.0,28.0,27.041,88.2663,5,shoulder,10,3,mid,luxury,low,12262.0,2,1.2,190949.86
city_shillong,Shillong,India,East & Northeast,48.0,18.0,28.0,25.5788,91.8933,6,peak,14,4,luxury,explorer,high,12501.1,3,1.5,533682.22
city_kolkata,Kolkata,India,East & Northeast,45.0,20.0,26.0,22.5726,88.3639,4,shoulder,7,3,luxury,luxury,high,12745.7,2,1.2,327046.95
city_varanasi,Varanasi,India,Central & Spiritual,38.0,16.0,22.0,25.3176,82.9739,5,shoulder,21,4,budget,backpacker,medium,12297.1,3,1.2,294589.0
city_agra,Agra,India,Central & Spiritual,45.0,18.0,30.0,27.1767,78.0081,9,shoulder,10,4,budget,backpacker,low,11932.3,2,1.2,192391.78
city_amritsar,Amritsar,India,Central & Spiritual,42.0,18.0,26.0,31.634,74.8723,7,peak,21,3,budget,explorer,medium,11357.9,3,1.5,244494.31
city_ayodhya,Ayodhya,India,Central & Spiritual,38.0,16.0,22.0,26.7922,82.1998,3,off-peak,5,1,budget,backpacker,medium,12117.0,1,1.0,42770.2
city_rann of kutch,Rann of Kutch,India,West & Rajasthan,60.0,20.0,35.0,23.8342,69.8329,9,shoulder,7,3,luxury,explorer,low,11923.4,2,1.2,241040.71
city_ahmedabad,Ahmedabad,India,West & Rajasthan,45.0,22.0,30.0,23.0225,72.5714,4,shoulder,14,2,mid,backpacker,low,12130.9,3,1.2,122589.06
city_mumbai,Mumbai,India,West & Rajasthan,55.0,35.0,40.0,19.076,72.8777,7,peak,5,2,luxury,luxury,low,12538.0,1,1.5,197581.07
city_delhi,Delhi,India,Central & Spiritual,50.0,28.0,38.0,28.6139,77.209,8,peak,21,4,luxury,explorer,low,11754.7,3,1.5,944189.09
city_bengaluru,Bengaluru,India,South India & Western Ghats,55.0,30.0,42.0,12.9716,77.5946,5,shoulder,10,3,mid,backpacker,medium,13368.0,2,1.2,238991.9
city_goa,Goa,India,West & Rajasthan,45.0,20.0,35.0,15.2993,74.124,12,peak,7,4,mid,explorer,high,12972.7,2,1.5,292747.16
city_udaipur,Udaipur,India,West & Rajasthan,55.0,22.0,35.0,24.5854,73.7125,7,peak,10,1,mid,backpacker,medium,12024.7,2,1.5,83997.54
city_jaipur,Jaipur,India,West & Rajasthan,40.0,18.0,30.0,26.9124,75.7873,8,peak,7,1,luxury,backpacker,low,11874.7,2,1.5,115481.17
city_manali,Manali,India,North India (Himalayas),50.0,22.0,32.0,32.2396,77.1887,11,off-peak,21,3,mid,explorer,low,11380.5,3,1.0,268243.02
city_leh ladakh,Leh Ladakh,India,North India (Himalayas),65.0,25.0,35.0,34.1526,77.5771,6,peak,14,2,budget,luxury,high,11196.3,3,1.5,228847.15
city_srinagar,Srinagar,India,North India (Himalayas),55.0,20.0,35.0,34.0837,74.7973,8,peak,7,1,budget,backpacker,low,11105.4,2,1.5,48212.91
city_shimla,Shimla,India,North India (Himalayas),48.0,20.0,30.0,31.1048,77.1734,12,peak,14,4,budget,luxury,medium,11496.9,3,1.5,370702.23
city_rishikesh,Rishikesh,India,North India (Himalayas),40.0,16.0,25.0,30.0869,78.2676,12,peak,21,4,budget,explorer,high,11640.8,3,1.5,374439.95
city_munnar,Munnar,India,South India & Western Ghats,45.0,20.0,28.0,10.0889,77.0595,1,off-peak,21,3,mid,luxury,medium,13633.1,3,1.0,358430.78
city_alleppey,Alleppey,India,South India & Western Ghats,55.0,22.0,30.0,9.4981,76.3388,8,peak,7,1,mid,backpacker,high,13657.3,2,1.5,92459.02
city_hampi,Hampi,India,South India & Western Ghats,38.0,14.0,22.0,15.335,76.46,12,peak,10,2,budget,luxury,medium,13078.1,2,1.5,146067.55
city_coorg,Coorg,India,South India & Western Ghats,52.0,22.0,32.0,12.3375,75.8069,10,shoulder,5,1,mid,backpacker,medium,13348.5,1,1.2,56883.52
city_pondicherry,Pondicherry,India,South India & Western Ghats,50.0,22.0,35.0,11.9416,79.8083,5,shoulder,14,3,luxury,backpacker,low,13570.2,3,1.2,397329.29
city_darjeeling,Darjeeling,India,East & Northeast,46.0,18.0,28.0,27.041,88.2663,2,off-peak,21,3,mid,explorer,high,12262.0,3,1.0,340598.59
city_shillong,Shillong,India,East & Northeast,48.0,18.0,28.0,25.5788,91.8933,8,peak,5,4,mid,explorer,low,12501.1,1,1.5,204355.66
city_kolkata,Kolkata,India,East & Northeast,45.0,20.0,26.0,22.5726,88.3639,11,off-peak,21,3,mid,luxury,high,12745.7,3,1.0,404444.05
city_varanasi,Varanasi,India,Central & Spiritual,38.0,16.0,22.0,25.3176,82.9739,11,off-peak,10,4,mid,explorer,low,12297.1,2,1.0,215982.81
city_agra,Agra,India,Central & Spiritual,45.0,18.0,30.0,27.1767,78.0081,9,shoulder,3,3,budget,luxury,medium,11932.3,1,1.2,155636.84
city_amritsar,Amritsar,India,Central & Spiritual,42.0,18.0,26.0,31.634,74.8723,6,peak,14,4,mid,luxury,medium,11357.9,3,1.5,384313.79
city_ayodhya,Ayodhya,India,Central & Spiritual,38.0,16.0,22.0,26.7922,82.1998,11,off-peak,3,1,luxury,backpacker,high,12117.0,1,1.0,59208.18
city_rann of kutch,Rann of Kutch,India,West & Rajasthan,60.0,20.0,35.0,23.8342,69.8329,9,shoulder,3,4,luxury,luxury,low,11923.4,1,1.2,212206.45
city_ahmedabad,Ahmedabad,India,West & Rajasthan,45.0,22.0,30.0,23.0225,72.5714,2,off-peak,21,4,mid,explorer,medium,12130.9,3,1.0,419109.81
city_mumbai,Mumbai,India,West & Rajasthan,55.0,35.0,40.0,19.076,72.8777,3,off-peak,21,3,budget,backpacker,high,12538.0,3,1.0,267569.93
city_delhi,Delhi,India,Central & Spiritual,50.0,28.0,38.0,28.6139,77.209,10,shoulder,7,4,luxury,luxury,high,11754.7,2,1.2,426389.4
city_bengaluru,Bengaluru,India,South India & Western Ghats,55.0,30.0,42.0,12.9716,77.5946,1,off-peak,10,3,budget,luxury,medium,13368.0,2,1.0,225111.3
city_goa,Goa,India,West & Rajasthan,45.0,20.0,35.0,15.2993,74.124,1,off-peak,3,2,mid,explorer,low,12972.7,1,1.0,91805.76
city_udaipur,Udaipur,India,West & Rajasthan,55.0,22.0,35.0,24.5854,73.7125,11,off-peak,7,4,luxury,luxury,low,12024.7,2,1.0,325730.03
city_jaipur,Jaipur,India,West & Rajasthan,40.0,18.0,30.0,26.9124,75.7873,10,shoulder,7,2,budget,backpacker,low,11874.7,2,1.2,87717.35
city_manali,Manali,India,North India (Himalayas),50.0,22.0,32.0,32.2396,77.1887,9,shoulder,14,1,budget,luxury,medium,11380.5,3,1.2,91901.51
city_leh ladakh,Leh Ladakh,India,North India (Himalayas),65.0,25.0,35.0,34.1526,77.5771,2,off-peak,7,3,budget,luxury,low,11196.3,2,1.0,165335.93
city_srinagar,Srinagar,India,North India (Himalayas),55.0,20.0,35.0,34.0837,74.7973,5,shoulder,5,2,mid,backpacker,low,11105.4,1,1.2,92286.74
city_shimla,Shimla,India,North India (Himalayas),48.0,20.0,30.0,31.1048,77.1734,8,peak,3,4,budget,explorer,high,11496.9,1,1.5,181528.58
city_rishikesh,Rishikesh,India,North India (Himalayas),40.0,16.0,25.0,30.0869,78.2676,1,off-peak,10,4,mid,backpacker,low,11640.8,2,1.0,196497.72
city_munnar,Munnar,India,South India & Western Ghats,45.0,20.0,28.0,10.0889,77.0595,7,peak,14,1,budget,backpacker,high,13633.1,3,1.5,92469.99
city_alleppey,Alleppey,India,South India & Western Ghats,55.0,22.0,30.0,9.4981,76.3388,2,off-peak,5,2,budget,explorer,high,13657.3,1,1.0,103726.9
city_hampi,Hampi,India,South India & Western Ghats,38.0,14.0,22.0,15.335,76.46,10,shoulder,7,3,mid,backpacker,low,13078.1,2,1.2,172524.5
city_coorg,Coorg,India,South India & Western Ghats,52.0,22.0,32.0,12.3375,75.8069,6,peak,10,3,luxury,backpacker,medium,13348.5,2,1.5,385063.53
city_pondicherry,Pondicherry,India,South India & Western Ghats,50.0,22.0,35.0,11.9416,79.8083,1,off-peak,3,4,mid,explorer,low,13570.2,1,1.0,177931.39
city_darjeeling,Darjeeling,India,East & Northeast,46.0,18.0,28.0,27.041,88.2663,2,off-peak,10,3,budget,luxury,low,12262.0,2,1.0,198619.28
city_shillong,Shillong,India,East & Northeast,48.0,18.0,28.0,25.5788,91.8933,11,off-peak,21,4,mid,backpacker,medium,12501.1,3,1.0,320334.42
city_kolkata,Kolkata,India,East & Northeast,45.0,20.0,26.0,22.5726,88.3639,1,off-peak,5,2,budget,luxury,low,12745.7,1,1.0,87877.24
city_varanasi,Varanasi,India,Central & Spiritual,38.0,16.0,22.0,25.3176,82.9739,3,off-peak,14,2,budget,luxury,medium,12297.1,3,1.0,136811.1
city_agra,Agra,India,Central & Spiritual,45.0,18.0,30.0,27.1767,78.0081,4,shoulder,21,3,mid,luxury,medium,11932.3,3,1.2,376397.84
city_amritsar,Amritsar,India,Central & Spiritual,42.0,18.0,26.0,31.634,74.8723,3,off-peak,10,2,budget,luxury,low,11357.9,2,1.0,110394.03
city_ayodhya,Ayodhya,India,Central & Spiritual,38.0,16.0,22.0,26.7922,82.1998,3,off-peak,7,1,budget,backpacker,medium,12117.0,2,1.0,43779.98
city_rann of kutch,Rann of Kutch,India,West & Rajasthan,60.0,20.0,35.0,23.8342,69.8329,4,shoulder,7,4,luxury,explorer,medium,11923.4,2,1.2,306091.69
city_ahmedabad,Ahmedabad,India,West & Rajasthan,45.0,22.0,30.0,23.0225,72.5714,1,off-peak,7,1,mid,backpacker,high,12130.9,2,1.0,67003.64
city_mumbai,Mumbai,India,West & Rajasthan,55.0,35.0,40.0,19.076,72.8777,3,off-peak,10,1,luxury,explorer,high,12538.0,2,1.0,183042.42
city_delhi,Delhi,India,Central & Spiritual,50.0,28.0,38.0,28.6139,77.209,2,off-peak,3,3,budget,backpacker,medium,11754.7,1,1.0,120908.63
city_bengaluru,Bengaluru,India,South India & Western Ghats,55.0,30.0,42.0,12.9716,77.5946,2,off-peak,3,4,mid,explorer,high,13368.0,1,1.0,192015.89
city_goa,Goa,India,West & Rajasthan,45.0,20.0,35.0,15.2993,74.124,11,off-peak,3,3,mid,explorer,medium,12972.7,1,1.0,150415.79
city_udaipur,Udaipur,India,West & Rajasthan,55.0,22.0,35.0,24.5854,73.7125,3,off-peak,7,3,luxury,luxury,high,12024.7,2,1.0,300780.66
city_jaipur,Jaipur,India,West & Rajasthan,40.0,18.0,30.0,26.9124,75.7873,10,shoulder,5,2,budget,luxury,low,11874.7,1,1.2,102550.4
city_manali,Manali,India,North India (Himalayas),50.0,22.0,32.0,32.2396,77.1887,3,off-peak,5,1,luxury,backpacker,high,11380.5,1,1.0,75033.23
city_leh ladakh,Leh Ladakh,India,North India (Himalayas),65.0,25.0,35.0,34.1526,77.5771,2,off-peak,5,2,mid,backpacker,high,11196.3,1,1.0,107518.84
city_srinagar,Srinagar,India,North India (Himalayas),55.0,20.0,35.0,34.0837,74.7973,11,off-peak,7,3,luxury,explorer,high,11105.4,2,1.0,234200.41
city_shimla,Shimla,India,North India (Himalayas),48.0,20.0,30.0,31.1048,77.1734,5,shoulder,5,3,mid,explorer,high,11496.9,1,1.2,162271.43
city_rishikesh,Rishikesh,India,North India (Himalayas),40.0,16.0,25.0,30.0869,78.2676,3,off-peak,14,1,luxury,explorer,high,11640.8,3,1.0,146289.99
city_munnar,Munnar,India,South India & Western Ghats,45.0,20.0,28.0,10.0889,77.0595,3,off-peak,3,2,luxury,backpacker,low,13633.1,1,1.0,107511.89
city_alleppey,Alleppey,India,South India & Western Ghats,55.0,22.0,30.0,9.4981,76.3388,3,off-peak,10,3,budget,luxury,medium,13657.3,2,1.0,202243.0
city_hampi,Hampi,India,South India & Western Ghats,38.0,14.0,22.0,15.335,76.46,11,off-peak,14,4,mid,backpacker,medium,13078.1,3,1.0,257089.2
city_coorg,Coorg,India,South India & Western Ghats,52.0,22.0,32.0,12.3375,75.8069,10,shoulder,7,4,budget,luxury,medium,13348.5,2,1.2,246103.92
city_pondicherry,Pondicherry,India,South India & Western Ghats,50.0,22.0,35.0,11.9416,79.8083,6,peak,7,2,mid,explorer,medium,13570.2,2,1.5,129276.42
city_darjeeling,Darjeeling,India,East & Northeast,46.0,18.0,28.0,27.041,88.2663,9,shoulder,10,1,luxury,explorer,high,12262.0,2,1.2,133848.0
city_shillong,Shillong,India,East & Northeast,48.0,18.0,28.0,25.5788,91.8933,7,peak,21,1,luxury,backpacker,low,12501.1,3,1.5,274013.88
city_kolkata,Kolkata,India,East & Northeast,45.0,20.0,26.0,22.5726,88.3639,4,shoulder,10,1,budget,luxury,high,12745.7,2,1.2,78131.59
city_varanasi,Varanasi,India,Central & Spiritual,38.0,16.0,22.0,25.3176,82.9739,5,shoulder,10,4,luxury,backpacker,high,12297.1,2,1.2,386310.07
city_agra,Agra,India,Central & Spiritual,45.0,18.0,30.0,27.1767,78.0081,3,off-peak,10,2,budget,luxury,low,11932.3,2,1.0,119160.38
city_amritsar,Amritsar,India,Central & Spiritual,42.0,18.0,26.0,31.634,74.8723,12,peak,7,2,luxury,luxury,high,11357.9,2,1.5,178909.59
city_ayodhya,Ayodhya,India,Central & Spiritual,38.0,16.0,22.0,26.7922,82.1998,1,off-peak,14,3,luxury,backpacker,high,12117.0,3,1.0,356462.92
city_rann of kutch,Rann of Kutch,India,West & Rajasthan,60.0,20.0,35.0,23.8342,69.8329,6,peak,5,1,luxury,backpacker,high,11923.4,1,1.5,96853.95
city_ahmedabad,Ahmedabad,India,West & Rajasthan,45.0,22.0,30.0,23.0225,72.5714,11,off-peak,14,2,luxury,backpacker,high,12130.9,3,1.0,245397.74
city_mumbai,Mumbai,India,West & Rajasthan,55.0,35.0,40.0,19.076,72.8777,4,shoulder,7,1,mid,explorer,medium,12538.0,2,1.2,83709.76
city_delhi,Delhi,India,Central & Spiritual,50.0,28.0,38.0,28.6139,77.209,9,shoulder,10,4,mid,explorer,low,11754.7,2,1.2,275186.87
city_bengaluru,Bengaluru,India,South India & Western Ghats,55.0,30.0,42.0,12.9716,77.5946,2,off-peak,7,3,budget,luxury,high,13368.0,2,1.0,208462.49
city_goa,Goa,India,West & Rajasthan,45.0,20.0,35.0,15.2993,74.124,10,shoulder,3,1,mid,backpacker,low,12972.7,1,1.2,48557.96
city_udaipur,Udaipur,India,West & Rajasthan,55.0,22.0,35.0,24.5854,73.7125,4,shoulder,10,2,luxury,explorer,medium,12024.7,2,1.2,199199.64
city_jaipur,Jaipur,India,West & Rajasthan,40.0,18.0,30.0,26.9124,75.7873,10,shoulder,5,2,mid,backpacker,low,11874.7,1,1.2,95474.44
city_manali,Manali,India,North India (Himalayas),50.0,22.0,32.0,32.2396,77.1887,7,peak,3,2,budget,explorer,low,11380.5,1,1.5,81443.59
city_leh ladakh,Leh Ladakh,India,North India (Himalayas),65.0,25.0,35.0,34.1526,77.5771,11,off-peak,7,3,budget,luxury,low,11196.3,2,1.0,153970.37
city_srinagar,Srinagar,India,North India (Himalayas),55.0,20.0,35.0,34.0837,74.7973,11,off-peak,14,4,budget,luxury,medium,11105.4,3,1.0,302578.93
city_shimla,Shimla,India,North India (Himalayas),48.0,20.0,30.0,31.1048,77.1734,5,shoulder,3,4,budget,backpacker,high,11496.9,1,1.2,164784.36
city_rishikesh,Rishikesh,India,North India (Himalayas),40.0,16.0,25.0,30.0869,78.2676,1,off-peak,10,3,budget,luxury,medium,11640.8,2,1.0,187400.44
city_munnar,Munnar,India,South India & Western Ghats,45.0,20.0,28.0,10.0889,77.0595,7,peak,14,2,luxury,luxury,medium,13633.1,3,1.5,312416.31
city_alleppey,Alleppey,India,South India & Western Ghats,55.0,22.0,30.0,9.4981,76.3388,2,off-peak,3,3,budget,luxury,medium,13657.3,1,1.0,144427.15
city_hampi,Hampi,India,South India & Western Ghats,38.0,14.0,22.0,15.335,76.46,12,peak,10,4,budget,luxury,low,13078.1,2,1.5,266132.46
city_coorg,Coorg,India,South India & Western Ghats,52.0,22.0,32.0,12.3375,75.8069,12,peak,21,3,mid,luxury,high,13348.5,3,1.5,524917.79
city_pondicherry,Pondicherry,India,South India & Western Ghats,50.0,22.0,35.0,11.9416,79.8083,6,peak,10,3,mid,backpacker,low,13570.2,2,1.5,244604.99
city_darjeeling,Darjeeling,India,East & Northeast,46.0,18.0,28.0,27.041,88.2663,4,shoulder,14,4,budget,luxury,medium,12262.0,3,1.2,332602.18
city_shillong,Shillong,India,East & Northeast,48.0,18.0,28.0,25.5788,91.8933,11,off-peak,7,1,luxury,explorer,high,12501.1,2,1.0,91528.13
city_kolkata,Kolkata,India,East & Northeast,45.0,20.0,26.0,22.5726,88.3639,10,shoulder,14,4,budget,luxury,low,12745.7,3,1.2,282487.1
city_varanasi,Varanasi,India,Central & Spiritual,38.0,16.0,22.0,25.3176,82.9739,10,shoulder,21,1,luxury,backpacker,low,12297.1,3,1.2,197126.0
city_agra,Agra,India,Central & Spiritual,45.0,18.0,30.0,27.1767,78.0081,10,shoulder,21,4,mid,luxury,high,11932.3,3,1.2,533506.97
city_amritsar,Amritsar,India,Central & Spiritual,42.0,18.0,26.0,31.634,74.8723,1,off-peak,7,4,mid,luxury,high,11357.9,2,1.0,260048.2
city_ayodhya,Ayodhya,India,Central & Spiritual,38.0,16.0,22.0,26.7922,82.1998,11,off-peak,21,4,luxury,backpacker,low,12117.0,3,1.0,430264.23
city_rann of kutch,Rann of Kutch,India,West & Rajasthan,60.0,20.0,35.0,23.8342,69.8329,10,shoulder,5,1,luxury,explorer,low,11923.4,1,1.2,83332.57
city_ahmedabad,Ahmedabad,India,West & Rajasthan,45.0,22.0,30.0,23.0225,72.5714,1,off-peak,21,4,mid,explorer,high,12130.9,3,1.0,457711.1
city_mumbai,Mumbai,India,West & Rajasthan,55.0,35.0,40.0,19.076,72.8777,6,peak,7,2,mid,explorer,low,12538.0,2,1.5,138552.32
city_delhi,Delhi,India,Central & Spiritual,50.0,28.0,38.0,28.6139,77.209,11,off-peak,7,2,budget,luxury,high,11754.7,2,1.0,138034.58
city_bengaluru,Bengaluru,India,South India & Western Ghats,55.0,30.0,42.0,12.9716,77.5946,11,off-peak,7,4,mid,backpacker,medium,13368.0,2,1.0,250451.6
city_goa,Goa,India,West & Rajasthan,45.0,20.0,35.0,15.2993,74.124,10,shoulder,14,2,mid,explorer,low,12972.7,3,1.2,148359.74
city_udaipur,Udaipur,India,West & Rajasthan,55.0,22.0,35.0,24.5854,73.7125,12,peak,3,4,mid,luxury,medium,12024.7,1,1.5,200679.09
city_jaipur,Jaipur,India,West & Rajasthan,40.0,18.0,30.0,26.9124,75.7873,4,shoulder,7,4,mid,explorer,medium,11874.7,2,1.2,208481.7
city_manali,Manali,India,North India (Himalayas),50.0,22.0,32.0,32.2396,77.1887,6,peak,5,2,mid,backpacker,low,11380.5,1,1.5,98941.73
city_leh ladakh,Leh Ladakh,India,North India (Himalayas),65.0,25.0,35.0,34.1526,77.5771,9,shoulder,21,3,luxury,luxury,low,11196.3,3,1.2,732966.56
city_srinagar,Srinagar,India,North India (Himalayas),55.0,20.0,35.0,34.0837,74.7973,7,peak,14,1,budget,backpacker,low,11105.4,3,1.5,63391.9
city_shimla,Shimla,India,North India (Himalayas),48.0,20.0,30.0,31.1048,77.1734,11,off-peak,10,3,budget,luxury,medium,11496.9,2,1.0,171291.36
city_rishikesh,Rishikesh,India,North India (Himalayas),40.0,16.0,25.0,30.0869,78.2676,9,shoulder,7,4,budget,explorer,low,11640.8,2,1.2,189131.85
city_munnar,Munnar,India,South India & Western Ghats,45.0,20.0,28.0,10.0889,77.0595,5,shoulder,14,1,mid,backpacker,medium,13633.1,3,1.2,89553.4
city_alleppey,Alleppey,India,South India & Western Ghats,55.0,22.0,30.0,9.4981,76.3388,1,off-peak,5,2,luxury,explorer,low,13657.3,1,1.0,117958.66
city_hampi,Hampi,India,South India & Western Ghats,38.0,14.0,22.0,15.335,76.46,4,shoulder,5,2,mid,luxury,low,13078.1,1,1.2,106284.27
city_coorg,Coorg,India,South India & Western Ghats,52.0,22.0,32.0,12.3375,75.8069,3,off-peak,3,3,budget,backpacker,high,13348.5,1,1.0,134904.22
city_pondicherry,Pondicherry,India,South India & Western Ghats,50.0,22.0,35.0,11.9416,79.8083,9,shoulder,14,2,mid,backpacker,high,13570.2,3,1.2,180268.16
city_darjeeling,Darjeeling,India,East & Northeast,46.0,18.0,28.0,27.041,88.2663,10,shoulder,10,4,luxury,explorer,high,12262.0,2,1.2,393339.44
city_shillong,Shillong,India,East & Northeast,48.0,18.0,28.0,25.5788,91.8933,5,shoulder,10,3,mid,backpacker,medium,12501.1,2,1.2,187884.26
city_kolkata,Kolkata,India,East & Northeast,45.0,20.0,26.0,22.5726,88.3639,9,shoulder,7,1,luxury,backpacker,medium,12745.7,2,1.2,114203.21
city_varanasi,Varanasi,India,Central & Spiritual,38.0,16.0,22.0,25.3176,82.9739,4,shoulder,14,2,budget,luxury,high,12297.1,3,1.2,147637.05
city_agra,Agra,India,Central & Spiritual,45.0,18.0,30.0,27.1767,78.0081,8,peak,14,3,budget,luxury,low,11932.3,3,1.5,253284.63
city_amritsar,Amritsar,India,Central & Spiritual,42.0,18.0,26.0,31.634,74.8723,11,off-peak,14,2,mid,explorer,high,11357.9,3,1.0,143922.0
city_ayodhya,Ayodhya,India,Central & Spiritual,38.0,16.0,22.0,26.7922,82.1998,1,off-peak,10,4,mid,luxury,medium,12117.0,2,1.0,299165.24
city_rann of kutch,Rann of Kutch,India,West & Rajasthan,60.0,20.0,35.0,23.8342,69.8329,1,off-peak,14,4,luxury,luxury,low,11923.4,3,1.0,492770.68
city_ahmedabad,Ahmedabad,India,West & Rajasthan,45.0,22.0,30.0,23.0225,72.5714,6,peak,10,2,budget,luxury,medium,12130.9,2,1.5,161900.76
city_mumbai,Mumbai,India,West & Rajasthan,55.0,35.0,40.0,19.076,72.8777,10,shoulder,7,1,luxury,luxury,medium,12538.0,2,1.2,169050.32
city_delhi,Delhi,India,Central & Spiritual,50.0,28.0,38.0,28.6139,77.209,7,peak,21,2,mid,backpacker,high,11754.7,3,1.5,249071.55
city_bengaluru,Bengaluru,India,South India & Western Ghats,55.0,30.0,42.0,12.9716,77.5946,11,off-peak,7,3,budget,luxury,high,13368.0,2,1.0,221508.67
city_goa,Goa,India,West & Rajasthan,45.0,20.0,35.0,15.2993,74.124,7,peak,5,3,budget,luxury,low,12972.7,1,1.5,175957.27
city_udaipur,Udaipur,India,West & Rajasthan,55.0,22.0,35.0,24.5854,73.7125,2,off-peak,3,1,luxury,explorer,high,12024.7,1,1.0,63254.99
city_jaipur,Jaipur,India,West & Rajasthan,40.0,18.0,30.0,26.9124,75.7873,3,off-peak,21,2,budget,luxury,low,11874.7,3,1.0,169968.18
city_manali,Manali,India,North India (Himalayas),50.0,22.0,32.0,32.2396,77.1887,8,peak,21,1,mid,backpacker,low,11380.5,3,1.5,133751.96
city_leh ladakh,Leh Ladakh,India,North India (Himalayas),65.0,25.0,35.0,34.1526,77.5771,7,peak,14,4,mid,explorer,high,11196.3,3,1.5,372181.07
city_srinagar,Srinagar,India,North India (Himalayas),55.0,20.0,35.0,34.0837,74.7973,3,off-peak,3,3,mid,backpacker,high,11105.4,1,1.0,134521.02
city_shimla,Shimla,India,North India (Himalayas),48.0,20.0,30.0,31.1048,77.1734,7,peak,7,4,budget,backpacker,medium,11496.9,2,1.5,186575.89
city_rishikesh,Rishikesh,India,North India (Himalayas),40.0,16.0,25.0,30.0869,78.2676,11,off-peak,21,1,mid,explorer,low,11640.8,3,1.0,95511.4
city_munnar,Munnar,India,South India & Western Ghats,45.0,20.0,28.0,10.0889,77.0595,9,shoulder,7,1,luxury,backpacker,high,13633.1,2,1.2,117455.75
city_alleppey,Alleppey,India,South India & Western Ghats,55.0,22.0,30.0,9.4981,76.3388,3,off-peak,3,1,budget,explorer,medium,13657.3,1,1.0,48964.77
city_hampi,Hampi,India,South India & Western Ghats,38.0,14.0,22.0,15.335,76.46,5,shoulder,3,3,budget,backpacker,low,13078.1,1,1.2,122979.81
city_coorg,Coorg,India,South India & Western Ghats,52.0,22.0,32.0,12.3375,75.8069,9,shoulder,5,3,budget,luxury,low,13348.5,1,1.2,160384.72
city_pondicherry,Pondicherry,India,South India & Western Ghats,50.0,22.0,35.0,11.9416,79.8083,10,shoulder,7,2,mid,luxury,low,13570.2,2,1.2,126812.42
city_darjeeling,Darjeeling,India,East & Northeast,46.0,18.0,28.0,27.041,88.2663,8,peak,3,1,luxury,backpacker,medium,12262.0,1,1.5,68654.48
city_shillong,Shillong,India,East & Northeast,48.0,18.0,28.0,25.5788,91.8933,5,shoulder,3,3,luxury,backpacker,high,12501.1,1,1.2,156338.58
city_kolkata,Kolkata,India,East & Northeast,45.0,20.0,26.0,22.5726,88.3639,8,peak,5,2,luxury,explorer,medium,12745.7,1,1.5,143527.42
city_varanasi,Varanasi,India,Central & Spiritual,38.0,16.0,22.0,25.3176,82.9739,11,off-peak,14,4,mid,backpacker,high,12297.1,3,1.0,283206.05
city_agra,Agra,India,Central & Spiritual,45.0,18.0,30.0,27.1767,78.0081,6,peak,5,2,mid,backpacker,medium,11932.3,1,1.5,98988.27
city_amritsar,Amritsar,India,Central & Spiritual,42.0,18.0,26.0,31.634,74.8723,1,off-peak,7,1,mid,luxury,high,11357.9,2,1.0,69666.8
city_ayodhya,Ayodhya,India,Central & Spiritual,38.0,16.0,22.0,26.7922,82.1998,9,shoulder,3,3,luxury,luxury,high,12117.0,1,1.2,164395.14
city_rann of kutch,Rann of Kutch,India,West & Rajasthan,60.0,20.0,35.0,23.8342,69.8329,12,peak,14,4,luxury,luxury,low,11923.4,3,1.5,611074.29
city_ahmedabad,Ahmedabad,India,West & Rajasthan,45.0,22.0,30.0,23.0225,72.5714,4,shoulder,7,4,mid,explorer,medium,12130.9,2,1.2,239986.99
city_mumbai,Mumbai,India,West & Rajasthan,55.0,35.0,40.0,19.076,72.8777,2,off-peak,10,1,mid,backpacker,medium,12538.0,2,1.0,85408.74
city_delhi,Delhi,India,Central & Spiritual,50.0,28.0,38.0,28.6139,77.209,5,shoulder,10,3,luxury,luxury,low,11754.7,2,1.2,414134.51
city_bengaluru,Bengaluru,India,South India & Western Ghats,55.0,30.0,42.0,12.9716,77.5946,9,shoulder,3,2,budget,explorer,high,13368.0,1,1.2,100889.6
city_goa,Goa,India,West & Rajasthan,45.0,20.0,35.0,15.2993,74.124,3,off-peak,21,3,luxury,backpacker,high,12972.7,3,1.0,491802.92
city_udaipur,Udaipur,India,West & Rajasthan,55.0,22.0,35.0,24.5854,73.7125,1,off-peak,3,3,mid,backpacker,medium,12024.7,1,1.0,137035.41
city_jaipur,Jaipur,India,West & Rajasthan,40.0,18.0,30.0,26.9124,75.7873,11,off-peak,10,2,luxury,explorer,high,11874.7,2,1.0,176848.17
city_manali,Manali,India,North India (Himalayas),50.0,22.0,32.0,32.2396,77.1887,12,peak,3,2,budget,explorer,low,11380.5,1,1.5,87257.85
city_leh ladakh,Leh Ladakh,India,North India (Himalayas),65.0,25.0,35.0,34.1526,77.5771,2,off-peak,21,2,mid,backpacker,high,11196.3,3,1.0,197474.69
city_srinagar,Srinagar,India,North India (Himalayas),55.0,20.0,35.0,34.0837,74.7973,11,off-peak,14,1,budget,explorer,low,11105.4,3,1.0,62999.27
city_shimla,Shimla,India,North India (Himalayas),48.0,20.0,30.0,31.1048,77.1734,5,shoulder,3,2,luxury,explorer,low,11496.9,1,1.2,100382.02
city_rishikesh,Rishikesh,India,North India (Himalayas),40.0,16.0,25.0,30.0869,78.2676,7,peak,5,3,mid,backpacker,low,11640.8,1,1.5,148924.49
city_munnar,Munnar,India,South India & Western Ghats,45.0,20.0,28.0,10.0889,77.0595,11,off-peak,7,4,luxury,luxury,high,13633.1,2,1.0,354266.26
city_alleppey,Alleppey,India,South India & Western Ghats,55.0,22.0,30.0,9.4981,76.3388,11,off-peak,7,2,luxury,luxury,medium,13657.3,2,1.0,167165.9
city_hampi,Hampi,India,South India & Western Ghats,38.0,14.0,22.0,15.335,76.46,7,peak,10,3,budget,explorer,medium,13078.1,2,1.5,181114.69
city_coorg,Coorg,India,South India & Western Ghats,52.0,22.0,32.0,12.3375,75.8069,10,shoulder,3,4,budget,luxury,medium,13348.5,1,1.2,211573.96
city_pondicherry,Pondicherry,India,South India & Western Ghats,50.0,22.0,35.0,11.9416,79.8083,2,off-peak,21,1,budget,backpacker,medium,13570.2,3,1.0,88711.54
city_darjeeling,Darjeeling,India,East & Northeast,46.0,18.0,28.0,27.041,88.2663,2,off-peak,5,3,budget,luxury,medium,12262.0,1,1.0,163948.67
city_shillong,Shillong,India,East & Northeast,48.0,18.0,28.0,25.5788,91.8933,12,peak,10,3,luxury,explorer,medium,12501.1,2,1.5,344419.34
city_kolkata,Kolkata,India,East & Northeast,45.0,20.0,26.0,22.5726,88.3639,10,shoulder,7,1,budget,explorer,low,12745.7,2,1.2,56249.34
city_varanasi,Varanasi,India,Central & Spiritual,38.0,16.0,22.0,25.3176,82.9739,8,peak,5,2,luxury,backpacker,medium,12297.1,1,1.5,124439.27
city_agra,Agra,India,Central & Spiritual,45.0,18.0,30.0,27.1767,78.0081,8,peak,3,1,budget,backpacker,medium,11932.3,1,1.5,44898.87
city_amritsar,Amritsar,India,Central & Spiritual,42.0,18.0,26.0,31.634,74.8723,2,off-peak,5,4,luxury,explorer,medium,11357.9,1,1.0,244518.2
city_ayodhya,Ayodhya,India,Central & Spiritual,38.0,16.0,22.0,26.7922,82.1998,12,peak,5,4,luxury,backpacker,high,12117.0,1,1.5,287644.31
city_rann of kutch,Rann of Kutch,India,West & Rajasthan,60.0,20.0,35.0,23.8342,69.8329,4,shoulder,5,3,budget,luxury,low,11923.4,1,1.2,152304.03
city_ahmedabad,Ahmedabad,India,West & Rajasthan,45.0,22.0,30.0,23.0225,72.5714,3,off-peak,7,3,budget,explorer,medium,12130.9,2,1.0,156283.88
city_mumbai,Mumbai,India,West & Rajasthan,55.0,35.0,40.0,19.076,72.8777,7,peak,10,2,mid,luxury,low,12538.0,2,1.5,224174.01
city_delhi,Delhi,India,Central & Spiritual,50.0,28.0,38.0,28.6139,77.209,4,shoulder,5,2,mid,luxury,high,11754.7,1,1.2,118399.65
city_bengaluru,Bengaluru,India,South India & Western Ghats,55.0,30.0,42.0,12.9716,77.5946,2,off-peak,5,3,luxury,backpacker,low,13368.0,1,1.0,245993.22
city_goa,Goa,India,West & Rajasthan,45.0,20.0,35.0,15.2993,74.124,9,shoulder,7,1,budget,luxury,low,12972.7,2,1.2,61233.03
city_udaipur,Udaipur,India,West & Rajasthan,55.0,22.0,35.0,24.5854,73.7125,10,shoulder,21,2,luxury,explorer,medium,12024.7,3,1.2,347771.86
city_jaipur,Jaipur,India,West & Rajasthan,40.0,18.0,30.0,26.9124,75.7873,1,off-peak,5,1,luxury,backpacker,low,11874.7,1,1.0,67265.75
city_manali,Manali,India,North India (Himalayas),50.0,22.0,32.0,32.2396,77.1887,7,peak,14,1,budget,luxury,low,11380.5,3,1.5,100103.48
city_leh ladakh,Leh Ladakh,India,North India (Himalayas),65.0,25.0,35.0,34.1526,77.5771,10,shoulder,14,1,budget,luxury,medium,11196.3,3,1.2,100764.95
city_srinagar,Srinagar,India,North India (Himalayas),55.0,20.0,35.0,34.0837,74.7973,5,shoulder,21,4,mid,luxury,low,11105.4,3,1.2,458540.87
city_shimla,Shimla,India,North India (Himalayas),48.0,20.0,30.0,31.1048,77.1734,11,off-peak,10,3,mid,luxury,medium,11496.9,2,1.0,198433.84
city_rishikesh,Rishikesh,India,North India (Himalayas),40.0,16.0,25.0,30.0869,78.2676,8,peak,14,3,budget,backpacker,medium,11640.8,3,1.5,185177.44
city_munnar,Munnar,India,South India & Western Ghats,45.0,20.0,28.0,10.0889,77.0595,11,off-peak,21,2,mid,explorer,low,13633.1,3,1.0,169880.5
city_alleppey,Alleppey,India,South India & Western Ghats,55.0,22.0,30.0,9.4981,76.3388,5,shoulder,5,1,mid,explorer,high,13657.3,1,1.2,68717.48
city_hampi,Hampi,India,South India & Western Ghats,38.0,14.0,22.0,15.335,76.46,9,shoulder,5,4,budget,luxury,medium,13078.1,1,1.2,210026.62
city_coorg,Coorg,India,South India & Western Ghats,52.0,22.0,32.0,12.3375,75.8069,7,peak,10,4,mid,explorer,medium,13348.5,2,1.5,327351.06
city_pondicherry,Pondicherry,India,South India & Western Ghats,50.0,22.0,35.0,11.9416,79.8083,6,peak,7,3,luxury,explorer,low,13570.2,2,1.5,314010.06
city_darjeeling,Darjeeling,India,East & Northeast,46.0,18.0,28.0,27.041,88.2663,4,shoulder,21,2,luxury,backpacker,high,12262.0,3,1.2,298425.41
city_shillong,Shillong,India,East & Northeast,48.0,18.0,28.0,25.5788,91.8933,11,off-peak,14,3,mid,luxury,medium,12501.1,3,1.0,257830.23
city_kolkata,Kolkata,India,East & Northeast,45.0,20.0,26.0,22.5726,88.3639,7,peak,5,4,budget,luxury,high,12745.7,1,1.5,245575.56
city_varanasi,Varanasi,India,Central & Spiritual,38.0,16.0,22.0,25.3176,82.9739,8,peak,7,4,budget,backpacker,low,12297.1,2,1.5,172120.99
city_agra,Agra,India,Central & Spiritual,45.0,18.0,30.0,27.1767,78.0081,11,off-peak,10,4,budget,explorer,low,11932.3,2,1.0,217727.27
city_amritsar,Amritsar,India,Central & Spiritual,42.0,18.0,26.0,31.634,74.8723,12,peak,5,4,luxury,luxury,low,11357.9,1,1.5,277414.78
city_ayodhya,Ayodhya,India,Central & Spiritual,38.0,16.0,22.0,26.7922,82.1998,10,shoulder,5,4,luxury,backpacker,low,12117.0,1,1.2,243907.93
city_rann of kutch,Rann of Kutch,India,West & Rajasthan,60.0,20.0,35.0,23.8342,69.8329,7,peak,7,4,budget,luxury,low,11923.4,2,1.5,252642.54
city_ahmedabad,Ahmedabad,India,West & Rajasthan,45.0,22.0,30.0,23.0225,72.5714,10,shoulder,14,1,luxury,backpacker,low,12130.9,3,1.2,165562.41
city_mumbai,Mumbai,India,West & Rajasthan,55.0,35.0,40.0,19.076,72.8777,2,off-peak,3,1,budget,explorer,low,12538.0,1,1.0,44331.46
city_delhi,Delhi,India,Central & Spiritual,50.0,28.0,38.0,28.6139,77.209,4,shoulder,21,2,budget,explorer,low,11754.7,3,1.2,175498.23
city_bengaluru,Bengaluru,India,South India & Western Ghats,55.0,30.0,42.0,12.9716,77.5946,6,peak,14,3,luxury,explorer,medium,13368.0,3,1.5,641792.99
city_goa,Goa,India,West & Rajasthan,45.0,20.0,35.0,15.2993,74.124,5,shoulder,3,2,budget,backpacker,medium,12972.7,1,1.2,90740.73
city_udaipur,Udaipur,India,West & Rajasthan,55.0,22.0,35.0,24.5854,73.7125,2,off-peak,14,4,budget,luxury,high,12024.7,3,1.0,340523.23
city_jaipur,Jaipur,India,West & Rajasthan,40.0,18.0,30.0,26.9124,75.7873,5,shoulder,21,2,budget,luxury,low,11874.7,3,1.2,175724.68
city_manali,Manali,India,North India (Himalayas),50.0,22.0,32.0,32.2396,77.1887,8,peak,3,1,budget,explorer,medium,11380.5,1,1.5,43537.87
city_leh ladakh,Leh Ladakh,India,North India (Himalayas),65.0,25.0,35.0,34.1526,77.5771,1,off-peak,14,3,mid,luxury,high,11196.3,3,1.0,332951.29
city_srinagar,Srinagar,India,North India (Himalayas),55.0,20.0,35.0,34.0837,74.7973,3,off-peak,10,1,mid,luxury,high,11105.4,2,1.0,88836.23
city_shimla,Shimla,India,North India (Himalayas),48.0,20.0,30.0,31.1048,77.1734,2,off-peak,7,1,budget,backpacker,high,11496.9,2,1.0,55641.72
city_rishikesh,Rishikesh,India,North India (Himalayas),40.0,16.0,25.0,30.0869,78.2676,5,shoulder,21,4,budget,backpacker,high,11640.8,3,1.2,333237.36
city_munnar,Munnar,India,South India & Western Ghats,45.0,20.0,28.0,10.0889,77.0595,5,shoulder,21,1,mid,luxury,medium,13633.1,3,1.2,164228.34
city_alleppey,Alleppey,India,South India & Western Ghats,55.0,22.0,30.0,9.4981,76.3388,1,off-peak,14,4,budget,explorer,medium,13657.3,3,1.0,272481.81
city_hampi,Hampi,India,South India & Western Ghats,38.0,14.0,22.0,15.335,76.46,9,shoulder,3,4,mid,backpacker,low,13078.1,1,1.2,183262.5
city_coorg,Coorg,India,South India & Western Ghats,52.0,22.0,32.0,12.3375,75.8069,11,off-peak,5,3,mid,explorer,medium,13348.5,1,1.0,164689.18
city_pondicherry,Pondicherry,India,South India & Western Ghats,50.0,22.0,35.0,11.9416,79.8083,11,off-peak,10,1,mid,luxury,low,13570.2,2,1.0,91973.39
city_darjeeling,Darjeeling,India,East & Northeast,46.0,18.0,28.0,27.041,88.2663,3,off-peak,14,1,luxury,luxury,low,12262.0,3,1.0,148761.85
city_shillong,Shillong,India,East & Northeast,48.0,18.0,28.0,25.5788,91.8933,8,peak,10,4,budget,luxury,high,12501.1,2,1.5,334134.03
city_kolkata,Kolkata,India,East & Northeast,45.0,20.0,26.0,22.5726,88.3639,5,shoulder,21,4,mid,explorer,high,12745.7,3,1.2,479575.72
city_varanasi,Varanasi,India,Central & Spiritual,38.0,16.0,22.0,25.3176,82.9739,7,peak,21,3,budget,explorer,high,12297.1,3,1.5,274597.65
city_agra,Agra,India,Central & Spiritual,45.0,18.0,30.0,27.1767,78.0081,5,shoulder,14,2,mid,explorer,medium,11932.3,3,1.2,158254.83
city_amritsar,Amritsar,India,Central & Spiritual,42.0,18.0,26.0,31.634,74.8723,11,off-peak,3,3,luxury,backpacker,low,11357.9,1,1.0,150671.63
city_ayodhya,Ayodhya,India,Central & Spiritual,38.0,16.0,22.0,26.7922,82.1998,3,off-peak,3,2,budget,backpacker,medium,12117.0,1,1.0,85947.59
city_rann of kutch,Rann of Kutch,India,West & Rajasthan,60.0,20.0,35.0,23.8342,69.8329,4,shoulder,3,1,budget,luxury,low,11923.4,1,1.2,48323.3
city_ahmedabad,Ahmedabad,India,West & Rajasthan,45.0,22.0,30.0,23.0225,72.5714,12,peak,7,1,budget,luxury,high,12130.9,2,1.5,83854.6
city_mumbai,Mumbai,India,West & Rajasthan,55.0,35.0,40.0,19.076,72.8777,11,off-peak,7,1,luxury,backpacker,low,12538.0,2,1.0,125129.72
city_delhi,Delhi,India,Central & Spiritual,50.0,28.0,38.0,28.6139,77.209,12,peak,5,2,luxury,backpacker,low,11754.7,1,1.5,170172.82
city_bengaluru,Bengaluru,India,South India & Western Ghats,55.0,30.0,42.0,12.9716,77.5946,1,off-peak,10,2,budget,backpacker,high,13368.0,2,1.0,140886.7
city_goa,Goa,India,West & Rajasthan,45.0,20.0,35.0,15.2993,74.124,2,off-peak,10,3,luxury,luxury,low,12972.7,2,1.0,312047.33
city_udaipur,Udaipur,India,West & Rajasthan,55.0,22.0,35.0,24.5854,73.7125,8,peak,14,2,mid,explorer,high,12024.7,3,1.5,203866.91
city_jaipur,Jaipur,India,West & Rajasthan,40.0,18.0,30.0,26.9124,75.7873,11,off-peak,14,1,mid,backpacker,high,11874.7,3,1.0,93754.43
city_manali,Manali,India,North India (Himalayas),50.0,22.0,32.0,32.2396,77.1887,4,shoulder,7,2,luxury,luxury,low,11380.5,2,1.2,167284.77
city_leh ladakh,Leh Ladakh,India,North India (Himalayas),65.0,25.0,35.0,34.1526,77.5771,12,peak,3,1,budget,backpacker,medium,11196.3,1,1.5,43113.22
city_srinagar,Srinagar,India,North India (Himalayas),55.0,20.0,35.0,34.0837,74.7973,7,peak,21,3,luxury,explorer,high,11105.4,3,1.5,684754.98
city_shimla,Shimla,India,North India (Himalayas),48.0,20.0,30.0,31.1048,77.1734,11,off-peak,7,2,mid,explorer,medium,11496.9,2,1.0,105367.71
city_rishikesh,Rishikesh,India,North India (Himalayas),40.0,16.0,25.0,30.0869,78.2676,11,off-peak,21,3,mid,backpacker,low,11640.8,3,1.0,207911.67
city_munnar,Munnar,India,South India & Western Ghats,45.0,20.0,28.0,10.0889,77.0595,1,off-peak,3,4,mid,luxury,low,13633.1,1,1.0,186324.13
city_alleppey,Alleppey,India,South India & Western Ghats,55.0,22.0,30.0,9.4981,76.3388,2,off-peak,21,4,budget,luxury,high,13657.3,3,1.0,432799.32
city_hampi,Hampi,India,South India & Western Ghats,38.0,14.0,22.0,15.335,76.46,2,off-peak,7,3,luxury,luxury,high,13078.1,2,1.0,239721.12
city_coorg,Coorg,India,South India & Western Ghats,52.0,22.0,32.0,12.3375,75.8069,5,shoulder,21,3,mid,explorer,high,13348.5,3,1.2,393201.93
city_pondicherry,Pondicherry,India,South India & Western Ghats,50.0,22.0,35.0,11.9416,79.8083,8,peak,7,4,mid,explorer,medium,13570.2,2,1.5,250545.13
city_darjeeling,Darjeeling,India,East & Northeast,46.0,18.0,28.0,27.041,88.2663,4,shoulder,14,2,budget,luxury,medium,12262.0,3,1.2,154107.97
city_shillong,Shillong,India,East & Northeast,48.0,18.0,28.0,25.5788,91.8933,7,peak,10,4,mid,explorer,medium,12501.1,2,1.5,293035.77
city_kolkata,Kolkata,India,East & Northeast,45.0,20.0,26.0,22.5726,88.3639,3,off-peak,5,4,mid,backpacker,low,12745.7,1,1.0,181426.33
city_varanasi,Varanasi,India,Central & Spiritual,38.0,16.0,22.0,25.3176,82.9739,6,peak,10,2,mid,explorer,low,12297.1,2,1.5,113619.35
city_agra,Agra,India,Central & Spiritual,45.0,18.0,30.0,27.1767,78.0081,3,off-peak,5,2,budget,backpacker,low,11932.3,1,1.0,85622.0
city_amritsar,Amritsar,India,Central & Spiritual,42.0,18.0,26.0,31.634,74.8723,7,peak,10,2,mid,explorer,low,11357.9,2,1.5,131519.67
city_ayodhya,Ayodhya,India,Central & Spiritual,38.0,16.0,22.0,26.7922,82.1998,5,shoulder,14,3,budget,backpacker,medium,12117.0,3,1.2,176166.38
city_rann of kutch,Rann of Kutch,India,West & Rajasthan,60.0,20.0,35.0,23.8342,69.8329,10,shoulder,21,4,mid,explorer,low,11923.4,3,1.2,343969.59
city_ahmedabad,Ahmedabad,India,West & Rajasthan,45.0,22.0,30.0,23.0225,72.5714,6,peak,3,1,mid,luxury,medium,12130.9,1,1.5,58362.87
city_mumbai,Mumbai,India,West & Rajasthan,55.0,35.0,40.0,19.076,72.8777,10,shoulder,7,2,budget,luxury,medium,12538.0,2,1.2,137420.26
city_delhi,Delhi,India,Central & Spiritual,50.0,28.0,38.0,28.6139,77.209,1,off-peak,7,2,mid,luxury,medium,11754.7,2,1.0,126778.52
city_bengaluru,Bengaluru,India,South India & Western Ghats,55.0,30.0,42.0,12.9716,77.5946,11,off-peak,14,4,luxury,backpacker,high,13368.0,3,1.0,577246.75
city_goa,Goa,India,West & Rajasthan,45.0,20.0,35.0,15.2993,74.124,12,peak,7,2,mid,luxury,medium,12972.7,2,1.5,157494.49
city_udaipur,Udaipur,India,West & Rajasthan,55.0,22.0,35.0,24.5854,73.7125,2,off-peak,3,4,mid,explorer,low,12024.7,1,1.0,176754.22
city_jaipur,Jaipur,India,West & Rajasthan,40.0,18.0,30.0,26.9124,75.7873,4,shoulder,7,4,mid,luxury,medium,11874.7,2,1.2,265050.77
city_manali,Manali,India,North India (Himalayas),50.0,22.0,32.0,32.2396,77.1887,10,shoulder,7,2,budget,explorer,high,11380.5,2,1.2,99253.06
city_leh ladakh,Leh Ladakh,India,North India (Himalayas),65.0,25.0,35.0,34.1526,77.5771,12,peak,14,2,budget,explorer,high,11196.3,3,1.5,158368.98
city_srinagar,Srinagar,India,North India (Himalayas),55.0,20.0,35.0,34.0837,74.7973,8,peak,3,3,luxury,backpacker,medium,11105.4,1,1.5,176220.13
city_shimla,Shimla,India,North India (Himalayas),48.0,20.0,30.0,31.1048,77.1734,2,off-peak,14,4,mid,luxury,high,11496.9,3,1.0,351546.95
city_rishikesh,Rishikesh,India,North India (Himalayas),40.0,16.0,25.0,30.0869,78.2676,5,shoulder,3,4,mid,backpacker,medium,11640.8,1,1.2,165633.01
city_munnar,Munnar,India,South India & Western Ghats,45.0,20.0,28.0,10.0889,77.0595,1,off-peak,10,2,budget,luxury,low,13633.1,2,1.0,120890.4
city_alleppey,Alleppey,India,South India & Western Ghats,55.0,22.0,30.0,9.4981,76.3388,6,peak,7,4,luxury,backpacker,medium,13657.3,2,1.5,379099.9
city_hampi,Hampi,India,South India & Western Ghats,38.0,14.0,22.0,15.335,76.46,6,peak,14,2,luxury,backpacker,high,13078.1,3,1.5,228432.98
city_coorg,Coorg,India,South India & Western Ghats,52.0,22.0,32.0,12.3375,75.8069,10,shoulder,3,3,luxury,backpacker,high,13348.5,1,1.2,201504.28
city_pondicherry,Pondicherry,India,South India & Western Ghats,50.0,22.0,35.0,11.9416,79.8083,9,shoulder,7,2,mid,explorer,high,13570.2,2,1.2,131937.13
city_darjeeling,Darjeeling,India,East & Northeast,46.0,18.0,28.0,27.041,88.2663,1,off-peak,7,3,budget,backpacker,medium,12262.0,2,1.0,153731.93
city_shillong,Shillong,India,East & Northeast,48.0,18.0,28.0,25.5788,91.8933,7,peak,3,3,mid,backpacker,medium,12501.1,1,1.5,144880.93
city_kolkata,Kolkata,India,East & Northeast,45.0,20.0,26.0,22.5726,88.3639,11,off-peak,10,2,luxury,explorer,medium,12745.7,2,1.0,177829.32
city_varanasi,Varanasi,India,Central & Spiritual,38.0,16.0,22.0,25.3176,82.9739,5,shoulder,5,4,mid,backpacker,high,12297.1,1,1.2,211469.92
city_agra,Agra,India,Central & Spiritual,45.0,18.0,30.0,27.1767,78.0081,3,off-peak,7,1,budget,backpacker,medium,11932.3,2,1.0,46729.48
city_amritsar,Amritsar,India,Central & Spiritual,42.0,18.0,26.0,31.634,74.8723,6,peak,21,4,luxury,backpacker,high,11357.9,3,1.5,681450.25
city_ayodhya,Ayodhya,India,Central & Spiritual,38.0,16.0,22.0,26.7922,82.1998,7,peak,21,3,mid,backpacker,medium,12117.0,3,1.5,278006.09
city_rann of kutch,Rann of Kutch,India,West & Rajasthan,60.0,20.0,35.0,23.8342,69.8329,11,off-peak,7,3,luxury,luxury,low,11923.4,2,1.0,238324.17
city_ahmedabad,Ahmedabad,India,West & Rajasthan,45.0,22.0,30.0,23.0225,72.5714,9,shoulder,3,2,mid,backpacker,low,12130.9,1,1.2,88419.93
city_mumbai,Mumbai,India,West & Rajasthan,55.0,35.0,40.0,19.076,72.8777,3,off-peak,21,2,budget,explorer,medium,12538.0,3,1.0,179664.89
city_delhi,Delhi,India,Central & Spiritual,50.0,28.0,38.0,28.6139,77.209,6,peak,3,4,mid,backpacker,medium,11754.7,1,1.5,186353.73
city_bengaluru,Bengaluru,India,South India & Western Ghats,55.0,30.0,42.0,12.9716,77.5946,7,peak,21,4,luxury,backpacker,high,13368.0,3,1.5,1014039.54
city_goa,Goa,India,West & Rajasthan,45.0,20.0,35.0,15.2993,74.124,2,off-peak,5,4,budget,backpacker,medium,12972.7,1,1.0,187345.89
city_udaipur,Udaipur,India,West & Rajasthan,55.0,22.0,35.0,24.5854,73.7125,11,off-peak,14,1,budget,luxury,high,12024.7,3,1.0,98514.9
city_jaipur,Jaipur,India,West & Rajasthan,40.0,18.0,30.0,26.9124,75.7873,4,shoulder,10,1,budget,backpacker,low,11874.7,2,1.2,58803.69
city_manali,Manali,India,North India (Himalayas),50.0,22.0,32.0,32.2396,77.1887,3,off-peak,14,3,mid,explorer,high,11380.5,3,1.0,258636.85
city_leh ladakh,Leh Ladakh,India,North India (Himalayas),65.0,25.0,35.0,34.1526,77.5771,11,off-peak,10,1,luxury,explorer,medium,11196.3,2,1.0,147245.83
city_srinagar,Srinagar,India,North India (Himalayas),55.0,20.0,35.0,34.0837,74.7973,7,peak,14,1,budget,backpacker,high,11105.4,3,1.5,82161.85
city_shimla,Shimla,India,North India (Himalayas),48.0,20.0,30.0,31.1048,77.1734,1,off-peak,5,2,luxury,explorer,low,11496.9,1,1.0,113308.23
city_rishikesh,Rishikesh,India,North India (Himalayas),40.0,16.0,25.0,30.0869,78.2676,6,peak,14,2,mid,backpacker,low,11640.8,3,1.5,132882.76
city_munnar,Munnar,India,South India & Western Ghats,45.0,20.0,28.0,10.0889,77.0595,9,shoulder,3,3,mid,luxury,medium,13633.1,1,1.2,157890.36
city_alleppey,Alleppey,India,South India & Western Ghats,55.0,22.0,30.0,9.4981,76.3388,4,shoulder,14,3,mid,backpacker,medium,13657.3,3,1.2,256750.45
city_hampi,Hampi,India,South India & Western Ghats,38.0,14.0,22.0,15.335,76.46,5,shoulder,10,1,luxury,explorer,medium,13078.1,2,1.2,118482.77
city_coorg,Coorg,India,South India & Western Ghats,52.0,22.0,32.0,12.3375,75.8069,11,off-peak,21,4,budget,backpacker,low,13348.5,3,1.0,258668.34
city_pondicherry,Pondicherry,India,South India & Western Ghats,50.0,22.0,35.0,11.9416,79.8083,1,off-peak,10,1,luxury,backpacker,low,13570.2,2,1.0,125118.95
city_darjeeling,Darjeeling,India,East & Northeast,46.0,18.0,28.0,27.041,88.2663,5,shoulder,21,2,luxury,explorer,medium,12262.0,3,1.2,270244.19
city_shillong,Shillong,India,East & Northeast,48.0,18.0,28.0,25.5788,91.8933,8,peak,3,2,luxury,explorer,low,12501.1,1,1.5,106714.12
city_kolkata,Kolkata,India,East & Northeast,45.0,20.0,26.0,22.5726,88.3639,4,shoulder,5,3,budget,explorer,high,12745.7,1,1.2,158020.11
city_varanasi,Varanasi,India,Central & Spiritual,38.0,16.0,22.0,25.3176,82.9739,7,peak,21,3,mid,explorer,high,12297.1,3,1.5,371763.89
city_agra,Agra,India,Central & Spiritual,45.0,18.0,30.0,27.1767,78.0081,8,peak,14,3,luxury,backpacker,low,11932.3,3,1.5,360660.71
city_amritsar,Amritsar,India,Central & Spiritual,42.0,18.0,26.0,31.634,74.8723,10,shoulder,3,1,budget,luxury,low,11357.9,1,1.2,46695.03
city_ayodhya,Ayodhya,India,Central & Spiritual,38.0,16.0,22.0,26.7922,82.1998,1,off-peak,7,4,mid,luxury,high,12117.0,2,1.0,223498.14
city_rann of kutch,Rann of Kutch,India,West & Rajasthan,60.0,20.0,35.0,23.8342,69.8329,3,off-peak,3,1,mid,backpacker,high,11923.4,1,1.0,49776.9
city_ahmedabad,Ahmedabad,India,West & Rajasthan,45.0,22.0,30.0,23.0225,72.5714,6,peak,3,3,mid,luxury,low,12130.9,1,1.5,166333.58
city_mumbai,Mumbai,India,West & Rajasthan,55.0,35.0,40.0,19.076,72.8777,5,shoulder,3,1,mid,backpacker,medium,12538.0,1,1.2,50365.36
city_delhi,Delhi,India,Central & Spiritual,50.0,28.0,38.0,28.6139,77.209,4,shoulder,3,1,mid,backpacker,low,11754.7,1,1.2,51757.83
city_bengaluru,Bengaluru,India,South India & Western Ghats,55.0,30.0,42.0,12.9716,77.5946,2,off-peak,3,2,mid,luxury,high,13368.0,1,1.0,109307.1
city_goa,Goa,India,West & Rajasthan,45.0,20.0,35.0,15.2993,74.124,12,peak,14,4,budget,luxury,high,12972.7,3,1.5,428308.48
city_udaipur,Udaipur,India,West & Rajasthan,55.0,22.0,35.0,24.5854,73.7125,3,off-peak,5,1,mid,luxury,medium,12024.7,1,1.0,66148.07
city_jaipur,Jaipur,India,West & Rajasthan,40.0,18.0,30.0,26.9124,75.7873,8,peak,10,2,budget,luxury,low,11874.7,2,1.5,140267.84
city_manali,Manali,India,North India (Himalayas),50.0,22.0,32.0,32.2396,77.1887,11,off-peak,3,3,luxury,explorer,high,11380.5,1,1.0,154568.75
city_leh ladakh,Leh Ladakh,India,North India (Himalayas),65.0,25.0,35.0,34.1526,77.5771,1,off-peak,21,3,budget,backpacker,high,11196.3,3,1.0,267462.92
city_srinagar,Srinagar,India,North India (Himalayas),55.0,20.0,35.0,34.0837,74.7973,8,peak,3,1,luxury,explorer,high,11105.4,1,1.5,77432.84
city_shimla,Shimla,India,North India (Himalayas),48.0,20.0,30.0,31.1048,77.1734,4,shoulder,21,1,mid,explorer,low,11496.9,3,1.2,116827.16
city_rishikesh,Rishikesh,India,North India (Himalayas),40.0,16.0,25.0,30.0869,78.2676,10,shoulder,7,4,mid,luxury,low,11640.8,2,1.2,209928.74
city_munnar,Munnar,India,South India & Western Ghats,45.0,20.0,28.0,10.0889,77.0595,12,peak,14,2,mid,luxury,high,13633.1,3,1.5,254414.37
city_alleppey,Alleppey,India,South India & Western Ghats,55.0,22.0,30.0,9.4981,76.3388,6,peak,10,2,luxury,explorer,medium,13657.3,2,1.5,221677.54
city_hampi,Hampi,India,South India & Western Ghats,38.0,14.0,22.0,15.335,76.46,5,shoulder,5,4,luxury,luxury,medium,13078.1,1,1.2,260937.89
city_coorg,Coorg,India,South India & Western Ghats,52.0,22.0,32.0,12.3375,75.8069,6,peak,10,1,luxury,explorer,low,13348.5,2,1.5,165720.16
city_pondicherry,Pondicherry,India,South India & Western Ghats,50.0,22.0,35.0,11.9416,79.8083,8,peak,10,2,budget,explorer,high,13570.2,2,1.5,155762.52
city_darjeeling,Darjeeling,India,East & Northeast,46.0,18.0,28.0,27.041,88.2663,11,off-peak,5,3,luxury,luxury,high,12262.0,1,1.0,229042.48
city_shillong,Shillong,India,East & Northeast,48.0,18.0,28.0,25.5788,91.8933,3,off-peak,5,4,budget,explorer,low,12501.1,1,1.0,191158.92
city_kolkata,Kolkata,India,East & Northeast,45.0,20.0,26.0,22.5726,88.3639,9,shoulder,14,1,luxury,backpacker,high,12745.7,3,1.2,202044.96
city_varanasi,Varanasi,India,Central & Spiritual,38.0,16.0,22.0,25.3176,82.9739,11,off-peak,5,2,luxury,luxury,medium,12297.1,1,1.0,121422.64
city_agra,Agra,India,Central & Spiritual,45.0,18.0,30.0,27.1767,78.0081,8,peak,3,3,luxury,explorer,high,11932.3,1,1.5,198184.88
city_amritsar,Amritsar,India,Central & Spiritual,42.0,18.0,26.0,31.634,74.8723,7,peak,5,3,luxury,explorer,high,11357.9,1,1.5,227865.59
city_ayodhya,Ayodhya,India,Central & Spiritual,38.0,16.0,22.0,26.7922,82.1998,2,off-peak,5,4,budget,luxury,low,12117.0,1,1.0,179224.97
city_rann of kutch,Rann of Kutch,India,West & Rajasthan,60.0,20.0,35.0,23.8342,69.8329,9,shoulder,3,4,budget,backpacker,high,11923.4,1,1.2,156075.67
city_ahmedabad,Ahmedabad,India,West & Rajasthan,45.0,22.0,30.0,23.0225,72.5714,5,shoulder,5,4,mid,backpacker,high,12130.9,1,1.2,198271.88
city_mumbai,Mumbai,India,West & Rajasthan,55.0,35.0,40.0,19.076,72.8777,4,shoulder,3,1,budget,explorer,low,12538.0,1,1.2,43294.39
city_delhi,Delhi,India,Central & Spiritual,50.0,28.0,38.0,28.6139,77.209,4,shoulder,5,1,budget,explorer,medium,11754.7,1,1.2,54589.11
city_bengaluru,Bengaluru,India,South India & Western Ghats,55.0,30.0,42.0,12.9716,77.5946,6,peak,21,4,budget,luxury,high,13368.0,3,1.5,644249.63
